/*
 Navicat Premium Data Transfer

 Source Server         : Oracle
 Source Server Type    : Oracle
 Source Server Version : 110200
 Source Host           : localhost:1521
 Source Schema         : ESHOPUSER

 Target Server Type    : Oracle
 Target Server Version : 110200
 File Encoding         : 65001

 Date: 24/08/2020 17:04:47
*/


-- ----------------------------
-- Table structure for T_ADDRESS
-- ----------------------------
DROP TABLE "ESHOPUSER"."T_ADDRESS";
CREATE TABLE "ESHOPUSER"."T_ADDRESS" (
  "ADDRESS_ID" NUMBER NOT NULL,
  "AREA_ID" VARCHAR2(32 BYTE),
  "USERNAME" VARCHAR2(64 BYTE),
  "MOBILE" VARCHAR2(16 BYTE),
  "ADDRESS" VARCHAR2(64 BYTE),
  "CONTACT" VARCHAR2(32 BYTE),
  "IS_DEFAULT" VARCHAR2(1 CHAR) DEFAULT '0',
  "ZIP_CODE" VARCHAR2(16 BYTE)
)
TABLESPACE "ESHOP_DATA"
LOGGING
NOCOMPRESS
PCTFREE 10
INITRANS 1
STORAGE (
  INITIAL 65536 
  NEXT 1048576 
  MINEXTENTS 1
  MAXEXTENTS 2147483645
  BUFFER_POOL DEFAULT
)
PARALLEL 1
NOCACHE
DISABLE ROW MOVEMENT
;

-- ----------------------------
-- Records of T_ADDRESS
-- ----------------------------
INSERT INTO "ESHOPUSER"."T_ADDRESS" VALUES ('5', '360111', '张权', '18435790158', '南昌大学(青山湖校区)', '张权', '1', '041399');
INSERT INTO "ESHOPUSER"."T_ADDRESS" VALUES ('7', '110105', '张权', '18435790158', '朝阳区', '张权', '0', '041399');
INSERT INTO "ESHOPUSER"."T_ADDRESS" VALUES ('10', '140322', '张权', '18435790158', '县区', '张三', '0', '041399');
INSERT INTO "ESHOPUSER"."T_ADDRESS" VALUES ('11', '310113', '羊羊羊', '18435790158', '宝三区西', '张三', '1', '041399');
INSERT INTO "ESHOPUSER"."T_ADDRESS" VALUES ('12', '230803', '羊羊羊', '18435790158', '向阳区东', '张三1', '0', '041399');
INSERT INTO "ESHOPUSER"."T_ADDRESS" VALUES ('13', '310110', '羊羊羊', '18435790158', '东城', '张三2', '0', '041399');

-- ----------------------------
-- Table structure for T_ADMIN
-- ----------------------------
DROP TABLE "ESHOPUSER"."T_ADMIN";
CREATE TABLE "ESHOPUSER"."T_ADMIN" (
  "CODE" VARCHAR2(32 BYTE) NOT NULL,
  "NAME" VARCHAR2(16 BYTE),
  "PASSWORD" VARCHAR2(128 BYTE),
  "STATUS" VARCHAR2(1 BYTE),
  "PHONE" VARCHAR2(16 BYTE),
  "SALT" VARCHAR2(128 BYTE)
)
TABLESPACE "ESHOP_DATA"
LOGGING
NOCOMPRESS
PCTFREE 10
INITRANS 1
STORAGE (
  INITIAL 65536 
  NEXT 1048576 
  MINEXTENTS 1
  MAXEXTENTS 2147483645
  BUFFER_POOL DEFAULT
)
PARALLEL 1
NOCACHE
DISABLE ROW MOVEMENT
;

-- ----------------------------
-- Records of T_ADMIN
-- ----------------------------
INSERT INTO "ESHOPUSER"."T_ADMIN" VALUES ('1', NULL, NULL, NULL, NULL, NULL);

-- ----------------------------
-- Table structure for T_AREA
-- ----------------------------
DROP TABLE "ESHOPUSER"."T_AREA";
CREATE TABLE "ESHOPUSER"."T_AREA" (
  "AREA_ID" VARCHAR2(32 BYTE) NOT NULL,
  "CITY_ID" VARCHAR2(32 BYTE),
  "AREA" VARCHAR2(64 BYTE)
)
TABLESPACE "ESHOP_DATA"
LOGGING
NOCOMPRESS
PCTFREE 10
INITRANS 1
STORAGE (
  INITIAL 65536 
  NEXT 1048576 
  MINEXTENTS 1
  MAXEXTENTS 2147483645
  BUFFER_POOL DEFAULT
)
PARALLEL 1
NOCACHE
DISABLE ROW MOVEMENT
;

-- ----------------------------
-- Records of T_AREA
-- ----------------------------
INSERT INTO "ESHOPUSER"."T_AREA" VALUES ('230709', '230700', '金山屯区');
INSERT INTO "ESHOPUSER"."T_AREA" VALUES ('230710', '230700', '五营区');
INSERT INTO "ESHOPUSER"."T_AREA" VALUES ('230711', '230700', '乌马河区');
INSERT INTO "ESHOPUSER"."T_AREA" VALUES ('230712', '230700', '汤旺河区');
INSERT INTO "ESHOPUSER"."T_AREA" VALUES ('230713', '230700', '带岭区');
INSERT INTO "ESHOPUSER"."T_AREA" VALUES ('230714', '230700', '乌伊岭区');
INSERT INTO "ESHOPUSER"."T_AREA" VALUES ('230715', '230700', '红星区');
INSERT INTO "ESHOPUSER"."T_AREA" VALUES ('230716', '230700', '上甘岭区');
INSERT INTO "ESHOPUSER"."T_AREA" VALUES ('230722', '230700', '嘉荫县');
INSERT INTO "ESHOPUSER"."T_AREA" VALUES ('230781', '230700', '铁力市');
INSERT INTO "ESHOPUSER"."T_AREA" VALUES ('230801', '230800', '市辖区');
INSERT INTO "ESHOPUSER"."T_AREA" VALUES ('230802', '230800', '永红区');
INSERT INTO "ESHOPUSER"."T_AREA" VALUES ('230803', '230800', '向阳区');
INSERT INTO "ESHOPUSER"."T_AREA" VALUES ('230804', '230800', '前进区');
INSERT INTO "ESHOPUSER"."T_AREA" VALUES ('230805', '230800', '东风区');
INSERT INTO "ESHOPUSER"."T_AREA" VALUES ('230811', '230800', '郊　区');
INSERT INTO "ESHOPUSER"."T_AREA" VALUES ('230822', '230800', '桦南县');
INSERT INTO "ESHOPUSER"."T_AREA" VALUES ('230826', '230800', '桦川县');
INSERT INTO "ESHOPUSER"."T_AREA" VALUES ('230828', '230800', '汤原县');
INSERT INTO "ESHOPUSER"."T_AREA" VALUES ('230833', '230800', '抚远县');
INSERT INTO "ESHOPUSER"."T_AREA" VALUES ('230881', '230800', '同江市');
INSERT INTO "ESHOPUSER"."T_AREA" VALUES ('230882', '230800', '富锦市');
INSERT INTO "ESHOPUSER"."T_AREA" VALUES ('230901', '230900', '市辖区');
INSERT INTO "ESHOPUSER"."T_AREA" VALUES ('230902', '230900', '新兴区');
INSERT INTO "ESHOPUSER"."T_AREA" VALUES ('230903', '230900', '桃山区');
INSERT INTO "ESHOPUSER"."T_AREA" VALUES ('230904', '230900', '茄子河区');
INSERT INTO "ESHOPUSER"."T_AREA" VALUES ('230921', '230900', '勃利县');
INSERT INTO "ESHOPUSER"."T_AREA" VALUES ('231001', '231000', '市辖区');
INSERT INTO "ESHOPUSER"."T_AREA" VALUES ('231002', '231000', '东安区');
INSERT INTO "ESHOPUSER"."T_AREA" VALUES ('231003', '231000', '阳明区');
INSERT INTO "ESHOPUSER"."T_AREA" VALUES ('231004', '231000', '爱民区');
INSERT INTO "ESHOPUSER"."T_AREA" VALUES ('231005', '231000', '西安区');
INSERT INTO "ESHOPUSER"."T_AREA" VALUES ('231024', '231000', '东宁县');
INSERT INTO "ESHOPUSER"."T_AREA" VALUES ('231025', '231000', '林口县');
INSERT INTO "ESHOPUSER"."T_AREA" VALUES ('231081', '231000', '绥芬河市');
INSERT INTO "ESHOPUSER"."T_AREA" VALUES ('231083', '231000', '海林市');
INSERT INTO "ESHOPUSER"."T_AREA" VALUES ('231084', '231000', '宁安市');
INSERT INTO "ESHOPUSER"."T_AREA" VALUES ('231085', '231000', '穆棱市');
INSERT INTO "ESHOPUSER"."T_AREA" VALUES ('231101', '231100', '市辖区');
INSERT INTO "ESHOPUSER"."T_AREA" VALUES ('231102', '231100', '爱辉区');
INSERT INTO "ESHOPUSER"."T_AREA" VALUES ('231121', '231100', '嫩江县');
INSERT INTO "ESHOPUSER"."T_AREA" VALUES ('231123', '231100', '逊克县');
INSERT INTO "ESHOPUSER"."T_AREA" VALUES ('231124', '231100', '孙吴县');
INSERT INTO "ESHOPUSER"."T_AREA" VALUES ('231181', '231100', '北安市');
INSERT INTO "ESHOPUSER"."T_AREA" VALUES ('231182', '231100', '五大连池市');
INSERT INTO "ESHOPUSER"."T_AREA" VALUES ('231201', '231200', '市辖区');
INSERT INTO "ESHOPUSER"."T_AREA" VALUES ('231202', '231200', '北林区');
INSERT INTO "ESHOPUSER"."T_AREA" VALUES ('231221', '231200', '望奎县');
INSERT INTO "ESHOPUSER"."T_AREA" VALUES ('231222', '231200', '兰西县');
INSERT INTO "ESHOPUSER"."T_AREA" VALUES ('231223', '231200', '青冈县');
INSERT INTO "ESHOPUSER"."T_AREA" VALUES ('231224', '231200', '庆安县');
INSERT INTO "ESHOPUSER"."T_AREA" VALUES ('231225', '231200', '明水县');
INSERT INTO "ESHOPUSER"."T_AREA" VALUES ('231226', '231200', '绥棱县');
INSERT INTO "ESHOPUSER"."T_AREA" VALUES ('231281', '231200', '安达市');
INSERT INTO "ESHOPUSER"."T_AREA" VALUES ('231282', '231200', '肇东市');
INSERT INTO "ESHOPUSER"."T_AREA" VALUES ('231283', '231200', '海伦市');
INSERT INTO "ESHOPUSER"."T_AREA" VALUES ('232721', '232700', '呼玛县');
INSERT INTO "ESHOPUSER"."T_AREA" VALUES ('232722', '232700', '塔河县');
INSERT INTO "ESHOPUSER"."T_AREA" VALUES ('232723', '232700', '漠河县');
INSERT INTO "ESHOPUSER"."T_AREA" VALUES ('310101', '310100', '黄浦区');
INSERT INTO "ESHOPUSER"."T_AREA" VALUES ('310103', '310100', '卢湾区');
INSERT INTO "ESHOPUSER"."T_AREA" VALUES ('310104', '310100', '徐汇区');
INSERT INTO "ESHOPUSER"."T_AREA" VALUES ('310105', '310100', '长宁区');
INSERT INTO "ESHOPUSER"."T_AREA" VALUES ('310106', '310100', '静安区');
INSERT INTO "ESHOPUSER"."T_AREA" VALUES ('310107', '310100', '普陀区');
INSERT INTO "ESHOPUSER"."T_AREA" VALUES ('310108', '310100', '闸北区');
INSERT INTO "ESHOPUSER"."T_AREA" VALUES ('310109', '310100', '虹口区');
INSERT INTO "ESHOPUSER"."T_AREA" VALUES ('310110', '310100', '杨浦区');
INSERT INTO "ESHOPUSER"."T_AREA" VALUES ('310112', '310100', '闵行区');
INSERT INTO "ESHOPUSER"."T_AREA" VALUES ('310113', '310100', '宝山区');
INSERT INTO "ESHOPUSER"."T_AREA" VALUES ('310114', '310100', '嘉定区');
INSERT INTO "ESHOPUSER"."T_AREA" VALUES ('310115', '310100', '浦东新区');
INSERT INTO "ESHOPUSER"."T_AREA" VALUES ('310116', '310100', '金山区');
INSERT INTO "ESHOPUSER"."T_AREA" VALUES ('310117', '310100', '松江区');
INSERT INTO "ESHOPUSER"."T_AREA" VALUES ('310118', '310100', '青浦区');
INSERT INTO "ESHOPUSER"."T_AREA" VALUES ('310119', '310100', '南汇区');
INSERT INTO "ESHOPUSER"."T_AREA" VALUES ('310120', '310100', '奉贤区');
INSERT INTO "ESHOPUSER"."T_AREA" VALUES ('310230', '310200', '崇明县');
INSERT INTO "ESHOPUSER"."T_AREA" VALUES ('320101', '320100', '市辖区');
INSERT INTO "ESHOPUSER"."T_AREA" VALUES ('320102', '320100', '玄武区');
INSERT INTO "ESHOPUSER"."T_AREA" VALUES ('320103', '320100', '白下区');
INSERT INTO "ESHOPUSER"."T_AREA" VALUES ('320104', '320100', '秦淮区');
INSERT INTO "ESHOPUSER"."T_AREA" VALUES ('320105', '320100', '建邺区');
INSERT INTO "ESHOPUSER"."T_AREA" VALUES ('320106', '320100', '鼓楼区');
INSERT INTO "ESHOPUSER"."T_AREA" VALUES ('320107', '320100', '下关区');
INSERT INTO "ESHOPUSER"."T_AREA" VALUES ('320111', '320100', '浦口区');
INSERT INTO "ESHOPUSER"."T_AREA" VALUES ('320113', '320100', '栖霞区');
INSERT INTO "ESHOPUSER"."T_AREA" VALUES ('320114', '320100', '雨花台区');
INSERT INTO "ESHOPUSER"."T_AREA" VALUES ('320115', '320100', '江宁区');
INSERT INTO "ESHOPUSER"."T_AREA" VALUES ('320116', '320100', '六合区');
INSERT INTO "ESHOPUSER"."T_AREA" VALUES ('320124', '320100', '溧水县');
INSERT INTO "ESHOPUSER"."T_AREA" VALUES ('320125', '320100', '高淳县');
INSERT INTO "ESHOPUSER"."T_AREA" VALUES ('320201', '320200', '市辖区');
INSERT INTO "ESHOPUSER"."T_AREA" VALUES ('320202', '320200', '崇安区');
INSERT INTO "ESHOPUSER"."T_AREA" VALUES ('320203', '320200', '南长区');
INSERT INTO "ESHOPUSER"."T_AREA" VALUES ('320204', '320200', '北塘区');
INSERT INTO "ESHOPUSER"."T_AREA" VALUES ('320205', '320200', '锡山区');
INSERT INTO "ESHOPUSER"."T_AREA" VALUES ('320206', '320200', '惠山区');
INSERT INTO "ESHOPUSER"."T_AREA" VALUES ('320211', '320200', '滨湖区');
INSERT INTO "ESHOPUSER"."T_AREA" VALUES ('320281', '320200', '江阴市');
INSERT INTO "ESHOPUSER"."T_AREA" VALUES ('320282', '320200', '宜兴市');
INSERT INTO "ESHOPUSER"."T_AREA" VALUES ('320301', '320300', '市辖区');
INSERT INTO "ESHOPUSER"."T_AREA" VALUES ('320302', '320300', '鼓楼区');
INSERT INTO "ESHOPUSER"."T_AREA" VALUES ('320303', '320300', '云龙区');
INSERT INTO "ESHOPUSER"."T_AREA" VALUES ('320304', '320300', '九里区');
INSERT INTO "ESHOPUSER"."T_AREA" VALUES ('320305', '320300', '贾汪区');
INSERT INTO "ESHOPUSER"."T_AREA" VALUES ('320311', '320300', '泉山区');
INSERT INTO "ESHOPUSER"."T_AREA" VALUES ('320321', '320300', '丰　县');
INSERT INTO "ESHOPUSER"."T_AREA" VALUES ('320322', '320300', '沛　县');
INSERT INTO "ESHOPUSER"."T_AREA" VALUES ('320323', '320300', '铜山县');
INSERT INTO "ESHOPUSER"."T_AREA" VALUES ('320324', '320300', '睢宁县');
INSERT INTO "ESHOPUSER"."T_AREA" VALUES ('320381', '320300', '新沂市');
INSERT INTO "ESHOPUSER"."T_AREA" VALUES ('320382', '320300', '邳州市');
INSERT INTO "ESHOPUSER"."T_AREA" VALUES ('320401', '320400', '市辖区');
INSERT INTO "ESHOPUSER"."T_AREA" VALUES ('320402', '320400', '天宁区');
INSERT INTO "ESHOPUSER"."T_AREA" VALUES ('320404', '320400', '钟楼区');
INSERT INTO "ESHOPUSER"."T_AREA" VALUES ('320405', '320400', '戚墅堰区');
INSERT INTO "ESHOPUSER"."T_AREA" VALUES ('320411', '320400', '新北区');
INSERT INTO "ESHOPUSER"."T_AREA" VALUES ('320412', '320400', '武进区');
INSERT INTO "ESHOPUSER"."T_AREA" VALUES ('320481', '320400', '溧阳市');
INSERT INTO "ESHOPUSER"."T_AREA" VALUES ('320482', '320400', '金坛市');
INSERT INTO "ESHOPUSER"."T_AREA" VALUES ('320501', '320500', '市辖区');
INSERT INTO "ESHOPUSER"."T_AREA" VALUES ('320502', '320500', '沧浪区');
INSERT INTO "ESHOPUSER"."T_AREA" VALUES ('320503', '320500', '平江区');
INSERT INTO "ESHOPUSER"."T_AREA" VALUES ('320504', '320500', '金阊区');
INSERT INTO "ESHOPUSER"."T_AREA" VALUES ('320505', '320500', '虎丘区');
INSERT INTO "ESHOPUSER"."T_AREA" VALUES ('320506', '320500', '吴中区');
INSERT INTO "ESHOPUSER"."T_AREA" VALUES ('320507', '320500', '相城区');
INSERT INTO "ESHOPUSER"."T_AREA" VALUES ('320581', '320500', '常熟市');
INSERT INTO "ESHOPUSER"."T_AREA" VALUES ('320582', '320500', '张家港市');
INSERT INTO "ESHOPUSER"."T_AREA" VALUES ('320583', '320500', '昆山市');
INSERT INTO "ESHOPUSER"."T_AREA" VALUES ('320584', '320500', '吴江市');
INSERT INTO "ESHOPUSER"."T_AREA" VALUES ('320585', '320500', '太仓市');
INSERT INTO "ESHOPUSER"."T_AREA" VALUES ('320601', '320600', '市辖区');
INSERT INTO "ESHOPUSER"."T_AREA" VALUES ('320602', '320600', '崇川区');
INSERT INTO "ESHOPUSER"."T_AREA" VALUES ('320611', '320600', '港闸区');
INSERT INTO "ESHOPUSER"."T_AREA" VALUES ('320621', '320600', '海安县');
INSERT INTO "ESHOPUSER"."T_AREA" VALUES ('320623', '320600', '如东县');
INSERT INTO "ESHOPUSER"."T_AREA" VALUES ('320681', '320600', '启东市');
INSERT INTO "ESHOPUSER"."T_AREA" VALUES ('320682', '320600', '如皋市');
INSERT INTO "ESHOPUSER"."T_AREA" VALUES ('320683', '320600', '通州市');
INSERT INTO "ESHOPUSER"."T_AREA" VALUES ('320684', '320600', '海门市');
INSERT INTO "ESHOPUSER"."T_AREA" VALUES ('320701', '320700', '市辖区');
INSERT INTO "ESHOPUSER"."T_AREA" VALUES ('320703', '320700', '连云区');
INSERT INTO "ESHOPUSER"."T_AREA" VALUES ('320705', '320700', '新浦区');
INSERT INTO "ESHOPUSER"."T_AREA" VALUES ('320706', '320700', '海州区');
INSERT INTO "ESHOPUSER"."T_AREA" VALUES ('320721', '320700', '赣榆县');
INSERT INTO "ESHOPUSER"."T_AREA" VALUES ('320722', '320700', '东海县');
INSERT INTO "ESHOPUSER"."T_AREA" VALUES ('320723', '320700', '灌云县');
INSERT INTO "ESHOPUSER"."T_AREA" VALUES ('320724', '320700', '灌南县');
INSERT INTO "ESHOPUSER"."T_AREA" VALUES ('320801', '320800', '市辖区');
INSERT INTO "ESHOPUSER"."T_AREA" VALUES ('320802', '320800', '清河区');
INSERT INTO "ESHOPUSER"."T_AREA" VALUES ('320803', '320800', '楚州区');
INSERT INTO "ESHOPUSER"."T_AREA" VALUES ('320804', '320800', '淮阴区');
INSERT INTO "ESHOPUSER"."T_AREA" VALUES ('320811', '320800', '清浦区');
INSERT INTO "ESHOPUSER"."T_AREA" VALUES ('320826', '320800', '涟水县');
INSERT INTO "ESHOPUSER"."T_AREA" VALUES ('320829', '320800', '洪泽县');
INSERT INTO "ESHOPUSER"."T_AREA" VALUES ('320830', '320800', '盱眙县');
INSERT INTO "ESHOPUSER"."T_AREA" VALUES ('320831', '320800', '金湖县');
INSERT INTO "ESHOPUSER"."T_AREA" VALUES ('320901', '320900', '市辖区');
INSERT INTO "ESHOPUSER"."T_AREA" VALUES ('320902', '320900', '亭湖区');
INSERT INTO "ESHOPUSER"."T_AREA" VALUES ('320903', '320900', '盐都区');
INSERT INTO "ESHOPUSER"."T_AREA" VALUES ('320921', '320900', '响水县');
INSERT INTO "ESHOPUSER"."T_AREA" VALUES ('320922', '320900', '滨海县');
INSERT INTO "ESHOPUSER"."T_AREA" VALUES ('320923', '320900', '阜宁县');
INSERT INTO "ESHOPUSER"."T_AREA" VALUES ('320924', '320900', '射阳县');
INSERT INTO "ESHOPUSER"."T_AREA" VALUES ('320925', '320900', '建湖县');
INSERT INTO "ESHOPUSER"."T_AREA" VALUES ('320981', '320900', '东台市');
INSERT INTO "ESHOPUSER"."T_AREA" VALUES ('320982', '320900', '大丰市');
INSERT INTO "ESHOPUSER"."T_AREA" VALUES ('321001', '321000', '市辖区');
INSERT INTO "ESHOPUSER"."T_AREA" VALUES ('321002', '321000', '广陵区');
INSERT INTO "ESHOPUSER"."T_AREA" VALUES ('321003', '321000', '邗江区');
INSERT INTO "ESHOPUSER"."T_AREA" VALUES ('321011', '321000', '郊　区');
INSERT INTO "ESHOPUSER"."T_AREA" VALUES ('321023', '321000', '宝应县');
INSERT INTO "ESHOPUSER"."T_AREA" VALUES ('321081', '321000', '仪征市');
INSERT INTO "ESHOPUSER"."T_AREA" VALUES ('321084', '321000', '高邮市');
INSERT INTO "ESHOPUSER"."T_AREA" VALUES ('321088', '321000', '江都市');
INSERT INTO "ESHOPUSER"."T_AREA" VALUES ('321101', '321100', '市辖区');
INSERT INTO "ESHOPUSER"."T_AREA" VALUES ('321102', '321100', '京口区');
INSERT INTO "ESHOPUSER"."T_AREA" VALUES ('321111', '321100', '润州区');
INSERT INTO "ESHOPUSER"."T_AREA" VALUES ('321112', '321100', '丹徒区');
INSERT INTO "ESHOPUSER"."T_AREA" VALUES ('321181', '321100', '丹阳市');
INSERT INTO "ESHOPUSER"."T_AREA" VALUES ('321182', '321100', '扬中市');
INSERT INTO "ESHOPUSER"."T_AREA" VALUES ('321183', '321100', '句容市');
INSERT INTO "ESHOPUSER"."T_AREA" VALUES ('321201', '321200', '市辖区');
INSERT INTO "ESHOPUSER"."T_AREA" VALUES ('321202', '321200', '海陵区');
INSERT INTO "ESHOPUSER"."T_AREA" VALUES ('321203', '321200', '高港区');
INSERT INTO "ESHOPUSER"."T_AREA" VALUES ('321281', '321200', '兴化市');
INSERT INTO "ESHOPUSER"."T_AREA" VALUES ('321282', '321200', '靖江市');
INSERT INTO "ESHOPUSER"."T_AREA" VALUES ('321283', '321200', '泰兴市');
INSERT INTO "ESHOPUSER"."T_AREA" VALUES ('321284', '321200', '姜堰市');
INSERT INTO "ESHOPUSER"."T_AREA" VALUES ('321301', '321300', '市辖区');
INSERT INTO "ESHOPUSER"."T_AREA" VALUES ('321302', '321300', '宿城区');
INSERT INTO "ESHOPUSER"."T_AREA" VALUES ('321311', '321300', '宿豫区');
INSERT INTO "ESHOPUSER"."T_AREA" VALUES ('321322', '321300', '沭阳县');
INSERT INTO "ESHOPUSER"."T_AREA" VALUES ('321323', '321300', '泗阳县');
INSERT INTO "ESHOPUSER"."T_AREA" VALUES ('321324', '321300', '泗洪县');
INSERT INTO "ESHOPUSER"."T_AREA" VALUES ('330101', '330100', '市辖区');
INSERT INTO "ESHOPUSER"."T_AREA" VALUES ('330102', '330100', '上城区');
INSERT INTO "ESHOPUSER"."T_AREA" VALUES ('330103', '330100', '下城区');
INSERT INTO "ESHOPUSER"."T_AREA" VALUES ('330104', '330100', '江干区');
INSERT INTO "ESHOPUSER"."T_AREA" VALUES ('330105', '330100', '拱墅区');
INSERT INTO "ESHOPUSER"."T_AREA" VALUES ('330106', '330100', '西湖区');
INSERT INTO "ESHOPUSER"."T_AREA" VALUES ('330108', '330100', '滨江区');
INSERT INTO "ESHOPUSER"."T_AREA" VALUES ('330109', '330100', '萧山区');
INSERT INTO "ESHOPUSER"."T_AREA" VALUES ('330110', '330100', '余杭区');
INSERT INTO "ESHOPUSER"."T_AREA" VALUES ('330122', '330100', '桐庐县');
INSERT INTO "ESHOPUSER"."T_AREA" VALUES ('330127', '330100', '淳安县');
INSERT INTO "ESHOPUSER"."T_AREA" VALUES ('330182', '330100', '建德市');
INSERT INTO "ESHOPUSER"."T_AREA" VALUES ('330183', '330100', '富阳市');
INSERT INTO "ESHOPUSER"."T_AREA" VALUES ('330185', '330100', '临安市');
INSERT INTO "ESHOPUSER"."T_AREA" VALUES ('330201', '330200', '市辖区');
INSERT INTO "ESHOPUSER"."T_AREA" VALUES ('330203', '330200', '海曙区');
INSERT INTO "ESHOPUSER"."T_AREA" VALUES ('330204', '330200', '江东区');
INSERT INTO "ESHOPUSER"."T_AREA" VALUES ('330205', '330200', '江北区');
INSERT INTO "ESHOPUSER"."T_AREA" VALUES ('330206', '330200', '北仑区');
INSERT INTO "ESHOPUSER"."T_AREA" VALUES ('330211', '330200', '镇海区');
INSERT INTO "ESHOPUSER"."T_AREA" VALUES ('330212', '330200', '鄞州区');
INSERT INTO "ESHOPUSER"."T_AREA" VALUES ('330225', '330200', '象山县');
INSERT INTO "ESHOPUSER"."T_AREA" VALUES ('330226', '330200', '宁海县');
INSERT INTO "ESHOPUSER"."T_AREA" VALUES ('330281', '330200', '余姚市');
INSERT INTO "ESHOPUSER"."T_AREA" VALUES ('330282', '330200', '慈溪市');
INSERT INTO "ESHOPUSER"."T_AREA" VALUES ('330283', '330200', '奉化市');
INSERT INTO "ESHOPUSER"."T_AREA" VALUES ('330301', '330300', '市辖区');
INSERT INTO "ESHOPUSER"."T_AREA" VALUES ('330302', '330300', '鹿城区');
INSERT INTO "ESHOPUSER"."T_AREA" VALUES ('330303', '330300', '龙湾区');
INSERT INTO "ESHOPUSER"."T_AREA" VALUES ('330304', '330300', '瓯海区');
INSERT INTO "ESHOPUSER"."T_AREA" VALUES ('330322', '330300', '洞头县');
INSERT INTO "ESHOPUSER"."T_AREA" VALUES ('330324', '330300', '永嘉县');
INSERT INTO "ESHOPUSER"."T_AREA" VALUES ('330326', '330300', '平阳县');
INSERT INTO "ESHOPUSER"."T_AREA" VALUES ('330327', '330300', '苍南县');
INSERT INTO "ESHOPUSER"."T_AREA" VALUES ('330328', '330300', '文成县');
INSERT INTO "ESHOPUSER"."T_AREA" VALUES ('330329', '330300', '泰顺县');
INSERT INTO "ESHOPUSER"."T_AREA" VALUES ('330381', '330300', '瑞安市');
INSERT INTO "ESHOPUSER"."T_AREA" VALUES ('330382', '330300', '乐清市');
INSERT INTO "ESHOPUSER"."T_AREA" VALUES ('330401', '330400', '市辖区');
INSERT INTO "ESHOPUSER"."T_AREA" VALUES ('330402', '330400', '秀城区');
INSERT INTO "ESHOPUSER"."T_AREA" VALUES ('330411', '330400', '秀洲区');
INSERT INTO "ESHOPUSER"."T_AREA" VALUES ('330421', '330400', '嘉善县');
INSERT INTO "ESHOPUSER"."T_AREA" VALUES ('330424', '330400', '海盐县');
INSERT INTO "ESHOPUSER"."T_AREA" VALUES ('330481', '330400', '海宁市');
INSERT INTO "ESHOPUSER"."T_AREA" VALUES ('330482', '330400', '平湖市');
INSERT INTO "ESHOPUSER"."T_AREA" VALUES ('330483', '330400', '桐乡市');
INSERT INTO "ESHOPUSER"."T_AREA" VALUES ('330501', '330500', '市辖区');
INSERT INTO "ESHOPUSER"."T_AREA" VALUES ('330502', '330500', '吴兴区');
INSERT INTO "ESHOPUSER"."T_AREA" VALUES ('330503', '330500', '南浔区');
INSERT INTO "ESHOPUSER"."T_AREA" VALUES ('330521', '330500', '德清县');
INSERT INTO "ESHOPUSER"."T_AREA" VALUES ('330522', '330500', '长兴县');
INSERT INTO "ESHOPUSER"."T_AREA" VALUES ('330523', '330500', '安吉县');
INSERT INTO "ESHOPUSER"."T_AREA" VALUES ('330601', '330600', '市辖区');
INSERT INTO "ESHOPUSER"."T_AREA" VALUES ('330602', '330600', '越城区');
INSERT INTO "ESHOPUSER"."T_AREA" VALUES ('330621', '330600', '绍兴县');
INSERT INTO "ESHOPUSER"."T_AREA" VALUES ('330624', '330600', '新昌县');
INSERT INTO "ESHOPUSER"."T_AREA" VALUES ('330681', '330600', '诸暨市');
INSERT INTO "ESHOPUSER"."T_AREA" VALUES ('330682', '330600', '上虞市');
INSERT INTO "ESHOPUSER"."T_AREA" VALUES ('330683', '330600', '嵊州市');
INSERT INTO "ESHOPUSER"."T_AREA" VALUES ('330701', '330700', '市辖区');
INSERT INTO "ESHOPUSER"."T_AREA" VALUES ('330702', '330700', '婺城区');
INSERT INTO "ESHOPUSER"."T_AREA" VALUES ('330703', '330700', '金东区');
INSERT INTO "ESHOPUSER"."T_AREA" VALUES ('330723', '330700', '武义县');
INSERT INTO "ESHOPUSER"."T_AREA" VALUES ('330726', '330700', '浦江县');
INSERT INTO "ESHOPUSER"."T_AREA" VALUES ('330727', '330700', '磐安县');
INSERT INTO "ESHOPUSER"."T_AREA" VALUES ('330781', '330700', '兰溪市');
INSERT INTO "ESHOPUSER"."T_AREA" VALUES ('330782', '330700', '义乌市');
INSERT INTO "ESHOPUSER"."T_AREA" VALUES ('330783', '330700', '东阳市');
INSERT INTO "ESHOPUSER"."T_AREA" VALUES ('330784', '330700', '永康市');
INSERT INTO "ESHOPUSER"."T_AREA" VALUES ('330801', '330800', '市辖区');
INSERT INTO "ESHOPUSER"."T_AREA" VALUES ('330802', '330800', '柯城区');
INSERT INTO "ESHOPUSER"."T_AREA" VALUES ('330803', '330800', '衢江区');
INSERT INTO "ESHOPUSER"."T_AREA" VALUES ('330822', '330800', '常山县');
INSERT INTO "ESHOPUSER"."T_AREA" VALUES ('330824', '330800', '开化县');
INSERT INTO "ESHOPUSER"."T_AREA" VALUES ('330825', '330800', '龙游县');
INSERT INTO "ESHOPUSER"."T_AREA" VALUES ('330881', '330800', '江山市');
INSERT INTO "ESHOPUSER"."T_AREA" VALUES ('330901', '330900', '市辖区');
INSERT INTO "ESHOPUSER"."T_AREA" VALUES ('330902', '330900', '定海区');
INSERT INTO "ESHOPUSER"."T_AREA" VALUES ('330903', '330900', '普陀区');
INSERT INTO "ESHOPUSER"."T_AREA" VALUES ('330921', '330900', '岱山县');
INSERT INTO "ESHOPUSER"."T_AREA" VALUES ('330922', '330900', '嵊泗县');
INSERT INTO "ESHOPUSER"."T_AREA" VALUES ('331001', '331000', '市辖区');
INSERT INTO "ESHOPUSER"."T_AREA" VALUES ('331002', '331000', '椒江区');
INSERT INTO "ESHOPUSER"."T_AREA" VALUES ('331003', '331000', '黄岩区');
INSERT INTO "ESHOPUSER"."T_AREA" VALUES ('331004', '331000', '路桥区');
INSERT INTO "ESHOPUSER"."T_AREA" VALUES ('331021', '331000', '玉环县');
INSERT INTO "ESHOPUSER"."T_AREA" VALUES ('331022', '331000', '三门县');
INSERT INTO "ESHOPUSER"."T_AREA" VALUES ('331023', '331000', '天台县');
INSERT INTO "ESHOPUSER"."T_AREA" VALUES ('331024', '331000', '仙居县');
INSERT INTO "ESHOPUSER"."T_AREA" VALUES ('331081', '331000', '温岭市');
INSERT INTO "ESHOPUSER"."T_AREA" VALUES ('331082', '331000', '临海市');
INSERT INTO "ESHOPUSER"."T_AREA" VALUES ('331101', '331100', '市辖区');
INSERT INTO "ESHOPUSER"."T_AREA" VALUES ('331102', '331100', '莲都区');
INSERT INTO "ESHOPUSER"."T_AREA" VALUES ('331121', '331100', '青田县');
INSERT INTO "ESHOPUSER"."T_AREA" VALUES ('331122', '331100', '缙云县');
INSERT INTO "ESHOPUSER"."T_AREA" VALUES ('331123', '331100', '遂昌县');
INSERT INTO "ESHOPUSER"."T_AREA" VALUES ('331124', '331100', '松阳县');
INSERT INTO "ESHOPUSER"."T_AREA" VALUES ('331125', '331100', '云和县');
INSERT INTO "ESHOPUSER"."T_AREA" VALUES ('331126', '331100', '庆元县');
INSERT INTO "ESHOPUSER"."T_AREA" VALUES ('331127', '331100', '景宁畲族自治县');
INSERT INTO "ESHOPUSER"."T_AREA" VALUES ('331181', '331100', '龙泉市');
INSERT INTO "ESHOPUSER"."T_AREA" VALUES ('340101', '340100', '市辖区');
INSERT INTO "ESHOPUSER"."T_AREA" VALUES ('340102', '340100', '瑶海区');
INSERT INTO "ESHOPUSER"."T_AREA" VALUES ('340103', '340100', '庐阳区');
INSERT INTO "ESHOPUSER"."T_AREA" VALUES ('340104', '340100', '蜀山区');
INSERT INTO "ESHOPUSER"."T_AREA" VALUES ('340111', '340100', '包河区');
INSERT INTO "ESHOPUSER"."T_AREA" VALUES ('340121', '340100', '长丰县');
INSERT INTO "ESHOPUSER"."T_AREA" VALUES ('340122', '340100', '肥东县');
INSERT INTO "ESHOPUSER"."T_AREA" VALUES ('340123', '340100', '肥西县');
INSERT INTO "ESHOPUSER"."T_AREA" VALUES ('340201', '340200', '市辖区');
INSERT INTO "ESHOPUSER"."T_AREA" VALUES ('340202', '340200', '镜湖区');
INSERT INTO "ESHOPUSER"."T_AREA" VALUES ('340203', '340200', '马塘区');
INSERT INTO "ESHOPUSER"."T_AREA" VALUES ('340204', '340200', '新芜区');
INSERT INTO "ESHOPUSER"."T_AREA" VALUES ('340207', '340200', '鸠江区');
INSERT INTO "ESHOPUSER"."T_AREA" VALUES ('340221', '340200', '芜湖县');
INSERT INTO "ESHOPUSER"."T_AREA" VALUES ('340222', '340200', '繁昌县');
INSERT INTO "ESHOPUSER"."T_AREA" VALUES ('340223', '340200', '南陵县');
INSERT INTO "ESHOPUSER"."T_AREA" VALUES ('340301', '340300', '市辖区');
INSERT INTO "ESHOPUSER"."T_AREA" VALUES ('340302', '340300', '龙子湖区');
INSERT INTO "ESHOPUSER"."T_AREA" VALUES ('340303', '340300', '蚌山区');
INSERT INTO "ESHOPUSER"."T_AREA" VALUES ('340304', '340300', '禹会区');
INSERT INTO "ESHOPUSER"."T_AREA" VALUES ('340311', '340300', '淮上区');
INSERT INTO "ESHOPUSER"."T_AREA" VALUES ('340321', '340300', '怀远县');
INSERT INTO "ESHOPUSER"."T_AREA" VALUES ('340322', '340300', '五河县');
INSERT INTO "ESHOPUSER"."T_AREA" VALUES ('340323', '340300', '固镇县');
INSERT INTO "ESHOPUSER"."T_AREA" VALUES ('340401', '340400', '市辖区');
INSERT INTO "ESHOPUSER"."T_AREA" VALUES ('340402', '340400', '大通区');
INSERT INTO "ESHOPUSER"."T_AREA" VALUES ('340403', '340400', '田家庵区');
INSERT INTO "ESHOPUSER"."T_AREA" VALUES ('340404', '340400', '谢家集区');
INSERT INTO "ESHOPUSER"."T_AREA" VALUES ('340405', '340400', '八公山区');
INSERT INTO "ESHOPUSER"."T_AREA" VALUES ('340406', '340400', '潘集区');
INSERT INTO "ESHOPUSER"."T_AREA" VALUES ('340421', '340400', '凤台县');
INSERT INTO "ESHOPUSER"."T_AREA" VALUES ('340501', '340500', '市辖区');
INSERT INTO "ESHOPUSER"."T_AREA" VALUES ('340502', '340500', '金家庄区');
INSERT INTO "ESHOPUSER"."T_AREA" VALUES ('340503', '340500', '花山区');
INSERT INTO "ESHOPUSER"."T_AREA" VALUES ('340504', '340500', '雨山区');
INSERT INTO "ESHOPUSER"."T_AREA" VALUES ('340521', '340500', '当涂县');
INSERT INTO "ESHOPUSER"."T_AREA" VALUES ('340601', '340600', '市辖区');
INSERT INTO "ESHOPUSER"."T_AREA" VALUES ('340602', '340600', '杜集区');
INSERT INTO "ESHOPUSER"."T_AREA" VALUES ('340603', '340600', '相山区');
INSERT INTO "ESHOPUSER"."T_AREA" VALUES ('340604', '340600', '烈山区');
INSERT INTO "ESHOPUSER"."T_AREA" VALUES ('340621', '340600', '濉溪县');
INSERT INTO "ESHOPUSER"."T_AREA" VALUES ('340701', '340700', '市辖区');
INSERT INTO "ESHOPUSER"."T_AREA" VALUES ('340702', '340700', '铜官山区');
INSERT INTO "ESHOPUSER"."T_AREA" VALUES ('340703', '340700', '狮子山区');
INSERT INTO "ESHOPUSER"."T_AREA" VALUES ('340711', '340700', '郊　区');
INSERT INTO "ESHOPUSER"."T_AREA" VALUES ('340721', '340700', '铜陵县');
INSERT INTO "ESHOPUSER"."T_AREA" VALUES ('340801', '340800', '市辖区');
INSERT INTO "ESHOPUSER"."T_AREA" VALUES ('340802', '340800', '迎江区');
INSERT INTO "ESHOPUSER"."T_AREA" VALUES ('340803', '340800', '大观区');
INSERT INTO "ESHOPUSER"."T_AREA" VALUES ('340811', '340800', '郊　区');
INSERT INTO "ESHOPUSER"."T_AREA" VALUES ('340822', '340800', '怀宁县');
INSERT INTO "ESHOPUSER"."T_AREA" VALUES ('340823', '340800', '枞阳县');
INSERT INTO "ESHOPUSER"."T_AREA" VALUES ('340824', '340800', '潜山县');
INSERT INTO "ESHOPUSER"."T_AREA" VALUES ('340825', '340800', '太湖县');
INSERT INTO "ESHOPUSER"."T_AREA" VALUES ('340826', '340800', '宿松县');
INSERT INTO "ESHOPUSER"."T_AREA" VALUES ('340827', '340800', '望江县');
INSERT INTO "ESHOPUSER"."T_AREA" VALUES ('340828', '340800', '岳西县');
INSERT INTO "ESHOPUSER"."T_AREA" VALUES ('340881', '340800', '桐城市');
INSERT INTO "ESHOPUSER"."T_AREA" VALUES ('341001', '341000', '市辖区');
INSERT INTO "ESHOPUSER"."T_AREA" VALUES ('341002', '341000', '屯溪区');
INSERT INTO "ESHOPUSER"."T_AREA" VALUES ('341003', '341000', '黄山区');
INSERT INTO "ESHOPUSER"."T_AREA" VALUES ('341004', '341000', '徽州区');
INSERT INTO "ESHOPUSER"."T_AREA" VALUES ('341021', '341000', '歙　县');
INSERT INTO "ESHOPUSER"."T_AREA" VALUES ('341022', '341000', '休宁县');
INSERT INTO "ESHOPUSER"."T_AREA" VALUES ('341023', '341000', '黟　县');
INSERT INTO "ESHOPUSER"."T_AREA" VALUES ('341024', '341000', '祁门县');
INSERT INTO "ESHOPUSER"."T_AREA" VALUES ('341101', '341100', '市辖区');
INSERT INTO "ESHOPUSER"."T_AREA" VALUES ('341102', '341100', '琅琊区');
INSERT INTO "ESHOPUSER"."T_AREA" VALUES ('341103', '341100', '南谯区');
INSERT INTO "ESHOPUSER"."T_AREA" VALUES ('341122', '341100', '来安县');
INSERT INTO "ESHOPUSER"."T_AREA" VALUES ('341124', '341100', '全椒县');
INSERT INTO "ESHOPUSER"."T_AREA" VALUES ('341125', '341100', '定远县');
INSERT INTO "ESHOPUSER"."T_AREA" VALUES ('341126', '341100', '凤阳县');
INSERT INTO "ESHOPUSER"."T_AREA" VALUES ('341181', '341100', '天长市');
INSERT INTO "ESHOPUSER"."T_AREA" VALUES ('341182', '341100', '明光市');
INSERT INTO "ESHOPUSER"."T_AREA" VALUES ('341201', '341200', '市辖区');
INSERT INTO "ESHOPUSER"."T_AREA" VALUES ('341202', '341200', '颍州区');
INSERT INTO "ESHOPUSER"."T_AREA" VALUES ('341203', '341200', '颍东区');
INSERT INTO "ESHOPUSER"."T_AREA" VALUES ('341204', '341200', '颍泉区');
INSERT INTO "ESHOPUSER"."T_AREA" VALUES ('341221', '341200', '临泉县');
INSERT INTO "ESHOPUSER"."T_AREA" VALUES ('341222', '341200', '太和县');
INSERT INTO "ESHOPUSER"."T_AREA" VALUES ('341225', '341200', '阜南县');
INSERT INTO "ESHOPUSER"."T_AREA" VALUES ('341226', '341200', '颍上县');
INSERT INTO "ESHOPUSER"."T_AREA" VALUES ('341282', '341200', '界首市');
INSERT INTO "ESHOPUSER"."T_AREA" VALUES ('341301', '341300', '市辖区');
INSERT INTO "ESHOPUSER"."T_AREA" VALUES ('341302', '341300', '墉桥区');
INSERT INTO "ESHOPUSER"."T_AREA" VALUES ('341321', '341300', '砀山县');
INSERT INTO "ESHOPUSER"."T_AREA" VALUES ('341322', '341300', '萧　县');
INSERT INTO "ESHOPUSER"."T_AREA" VALUES ('341323', '341300', '灵璧县');
INSERT INTO "ESHOPUSER"."T_AREA" VALUES ('341324', '341300', '泗　县');
INSERT INTO "ESHOPUSER"."T_AREA" VALUES ('341401', '341400', '市辖区');
INSERT INTO "ESHOPUSER"."T_AREA" VALUES ('341402', '341400', '居巢区');
INSERT INTO "ESHOPUSER"."T_AREA" VALUES ('341421', '341400', '庐江县');
INSERT INTO "ESHOPUSER"."T_AREA" VALUES ('341422', '341400', '无为县');
INSERT INTO "ESHOPUSER"."T_AREA" VALUES ('341423', '341400', '含山县');
INSERT INTO "ESHOPUSER"."T_AREA" VALUES ('341424', '341400', '和　县');
INSERT INTO "ESHOPUSER"."T_AREA" VALUES ('341501', '341500', '市辖区');
INSERT INTO "ESHOPUSER"."T_AREA" VALUES ('341502', '341500', '金安区');
INSERT INTO "ESHOPUSER"."T_AREA" VALUES ('341503', '341500', '裕安区');
INSERT INTO "ESHOPUSER"."T_AREA" VALUES ('341521', '341500', '寿　县');
INSERT INTO "ESHOPUSER"."T_AREA" VALUES ('341522', '341500', '霍邱县');
INSERT INTO "ESHOPUSER"."T_AREA" VALUES ('341523', '341500', '舒城县');
INSERT INTO "ESHOPUSER"."T_AREA" VALUES ('341524', '341500', '金寨县');
INSERT INTO "ESHOPUSER"."T_AREA" VALUES ('341525', '341500', '霍山县');
INSERT INTO "ESHOPUSER"."T_AREA" VALUES ('341601', '341600', '市辖区');
INSERT INTO "ESHOPUSER"."T_AREA" VALUES ('341602', '341600', '谯城区');
INSERT INTO "ESHOPUSER"."T_AREA" VALUES ('341621', '341600', '涡阳县');
INSERT INTO "ESHOPUSER"."T_AREA" VALUES ('341622', '341600', '蒙城县');
INSERT INTO "ESHOPUSER"."T_AREA" VALUES ('341623', '341600', '利辛县');
INSERT INTO "ESHOPUSER"."T_AREA" VALUES ('341701', '341700', '市辖区');
INSERT INTO "ESHOPUSER"."T_AREA" VALUES ('341702', '341700', '贵池区');
INSERT INTO "ESHOPUSER"."T_AREA" VALUES ('341721', '341700', '东至县');
INSERT INTO "ESHOPUSER"."T_AREA" VALUES ('341722', '341700', '石台县');
INSERT INTO "ESHOPUSER"."T_AREA" VALUES ('341723', '341700', '青阳县');
INSERT INTO "ESHOPUSER"."T_AREA" VALUES ('341801', '341800', '市辖区');
INSERT INTO "ESHOPUSER"."T_AREA" VALUES ('341802', '341800', '宣州区');
INSERT INTO "ESHOPUSER"."T_AREA" VALUES ('341821', '341800', '郎溪县');
INSERT INTO "ESHOPUSER"."T_AREA" VALUES ('341822', '341800', '广德县');
INSERT INTO "ESHOPUSER"."T_AREA" VALUES ('341823', '341800', '泾　县');
INSERT INTO "ESHOPUSER"."T_AREA" VALUES ('341824', '341800', '绩溪县');
INSERT INTO "ESHOPUSER"."T_AREA" VALUES ('341825', '341800', '旌德县');
INSERT INTO "ESHOPUSER"."T_AREA" VALUES ('341881', '341800', '宁国市');
INSERT INTO "ESHOPUSER"."T_AREA" VALUES ('350101', '350100', '市辖区');
INSERT INTO "ESHOPUSER"."T_AREA" VALUES ('350102', '350100', '鼓楼区');
INSERT INTO "ESHOPUSER"."T_AREA" VALUES ('350103', '350100', '台江区');
INSERT INTO "ESHOPUSER"."T_AREA" VALUES ('350104', '350100', '仓山区');
INSERT INTO "ESHOPUSER"."T_AREA" VALUES ('350105', '350100', '马尾区');
INSERT INTO "ESHOPUSER"."T_AREA" VALUES ('350111', '350100', '晋安区');
INSERT INTO "ESHOPUSER"."T_AREA" VALUES ('350121', '350100', '闽侯县');
INSERT INTO "ESHOPUSER"."T_AREA" VALUES ('350122', '350100', '连江县');
INSERT INTO "ESHOPUSER"."T_AREA" VALUES ('350123', '350100', '罗源县');
INSERT INTO "ESHOPUSER"."T_AREA" VALUES ('350124', '350100', '闽清县');
INSERT INTO "ESHOPUSER"."T_AREA" VALUES ('350125', '350100', '永泰县');
INSERT INTO "ESHOPUSER"."T_AREA" VALUES ('350128', '350100', '平潭县');
INSERT INTO "ESHOPUSER"."T_AREA" VALUES ('350181', '350100', '福清市');
INSERT INTO "ESHOPUSER"."T_AREA" VALUES ('350182', '350100', '长乐市');
INSERT INTO "ESHOPUSER"."T_AREA" VALUES ('350201', '350200', '市辖区');
INSERT INTO "ESHOPUSER"."T_AREA" VALUES ('350203', '350200', '思明区');
INSERT INTO "ESHOPUSER"."T_AREA" VALUES ('350205', '350200', '海沧区');
INSERT INTO "ESHOPUSER"."T_AREA" VALUES ('350206', '350200', '湖里区');
INSERT INTO "ESHOPUSER"."T_AREA" VALUES ('350211', '350200', '集美区');
INSERT INTO "ESHOPUSER"."T_AREA" VALUES ('350212', '350200', '同安区');
INSERT INTO "ESHOPUSER"."T_AREA" VALUES ('350213', '350200', '翔安区');
INSERT INTO "ESHOPUSER"."T_AREA" VALUES ('350301', '350300', '市辖区');
INSERT INTO "ESHOPUSER"."T_AREA" VALUES ('350302', '350300', '城厢区');
INSERT INTO "ESHOPUSER"."T_AREA" VALUES ('350303', '350300', '涵江区');
INSERT INTO "ESHOPUSER"."T_AREA" VALUES ('350304', '350300', '荔城区');
INSERT INTO "ESHOPUSER"."T_AREA" VALUES ('350305', '350300', '秀屿区');
INSERT INTO "ESHOPUSER"."T_AREA" VALUES ('350322', '350300', '仙游县');
INSERT INTO "ESHOPUSER"."T_AREA" VALUES ('350401', '350400', '市辖区');
INSERT INTO "ESHOPUSER"."T_AREA" VALUES ('350402', '350400', '梅列区');
INSERT INTO "ESHOPUSER"."T_AREA" VALUES ('350403', '350400', '三元区');
INSERT INTO "ESHOPUSER"."T_AREA" VALUES ('350421', '350400', '明溪县');
INSERT INTO "ESHOPUSER"."T_AREA" VALUES ('350423', '350400', '清流县');
INSERT INTO "ESHOPUSER"."T_AREA" VALUES ('350424', '350400', '宁化县');
INSERT INTO "ESHOPUSER"."T_AREA" VALUES ('350425', '350400', '大田县');
INSERT INTO "ESHOPUSER"."T_AREA" VALUES ('350426', '350400', '尤溪县');
INSERT INTO "ESHOPUSER"."T_AREA" VALUES ('350427', '350400', '沙　县');
INSERT INTO "ESHOPUSER"."T_AREA" VALUES ('350428', '350400', '将乐县');
INSERT INTO "ESHOPUSER"."T_AREA" VALUES ('350429', '350400', '泰宁县');
INSERT INTO "ESHOPUSER"."T_AREA" VALUES ('350430', '350400', '建宁县');
INSERT INTO "ESHOPUSER"."T_AREA" VALUES ('350481', '350400', '永安市');
INSERT INTO "ESHOPUSER"."T_AREA" VALUES ('350501', '350500', '市辖区');
INSERT INTO "ESHOPUSER"."T_AREA" VALUES ('350502', '350500', '鲤城区');
INSERT INTO "ESHOPUSER"."T_AREA" VALUES ('350503', '350500', '丰泽区');
INSERT INTO "ESHOPUSER"."T_AREA" VALUES ('350504', '350500', '洛江区');
INSERT INTO "ESHOPUSER"."T_AREA" VALUES ('350505', '350500', '泉港区');
INSERT INTO "ESHOPUSER"."T_AREA" VALUES ('350521', '350500', '惠安县');
INSERT INTO "ESHOPUSER"."T_AREA" VALUES ('350524', '350500', '安溪县');
INSERT INTO "ESHOPUSER"."T_AREA" VALUES ('350525', '350500', '永春县');
INSERT INTO "ESHOPUSER"."T_AREA" VALUES ('350526', '350500', '德化县');
INSERT INTO "ESHOPUSER"."T_AREA" VALUES ('350527', '350500', '金门县');
INSERT INTO "ESHOPUSER"."T_AREA" VALUES ('350581', '350500', '石狮市');
INSERT INTO "ESHOPUSER"."T_AREA" VALUES ('350582', '350500', '晋江市');
INSERT INTO "ESHOPUSER"."T_AREA" VALUES ('350583', '350500', '南安市');
INSERT INTO "ESHOPUSER"."T_AREA" VALUES ('350601', '350600', '市辖区');
INSERT INTO "ESHOPUSER"."T_AREA" VALUES ('350602', '350600', '芗城区');
INSERT INTO "ESHOPUSER"."T_AREA" VALUES ('350603', '350600', '龙文区');
INSERT INTO "ESHOPUSER"."T_AREA" VALUES ('350622', '350600', '云霄县');
INSERT INTO "ESHOPUSER"."T_AREA" VALUES ('350623', '350600', '漳浦县');
INSERT INTO "ESHOPUSER"."T_AREA" VALUES ('350624', '350600', '诏安县');
INSERT INTO "ESHOPUSER"."T_AREA" VALUES ('350625', '350600', '长泰县');
INSERT INTO "ESHOPUSER"."T_AREA" VALUES ('350626', '350600', '东山县');
INSERT INTO "ESHOPUSER"."T_AREA" VALUES ('350627', '350600', '南靖县');
INSERT INTO "ESHOPUSER"."T_AREA" VALUES ('350628', '350600', '平和县');
INSERT INTO "ESHOPUSER"."T_AREA" VALUES ('350629', '350600', '华安县');
INSERT INTO "ESHOPUSER"."T_AREA" VALUES ('350681', '350600', '龙海市');
INSERT INTO "ESHOPUSER"."T_AREA" VALUES ('350701', '350700', '市辖区');
INSERT INTO "ESHOPUSER"."T_AREA" VALUES ('350702', '350700', '延平区');
INSERT INTO "ESHOPUSER"."T_AREA" VALUES ('350721', '350700', '顺昌县');
INSERT INTO "ESHOPUSER"."T_AREA" VALUES ('350722', '350700', '浦城县');
INSERT INTO "ESHOPUSER"."T_AREA" VALUES ('350723', '350700', '光泽县');
INSERT INTO "ESHOPUSER"."T_AREA" VALUES ('350724', '350700', '松溪县');
INSERT INTO "ESHOPUSER"."T_AREA" VALUES ('350725', '350700', '政和县');
INSERT INTO "ESHOPUSER"."T_AREA" VALUES ('350781', '350700', '邵武市');
INSERT INTO "ESHOPUSER"."T_AREA" VALUES ('350782', '350700', '武夷山市');
INSERT INTO "ESHOPUSER"."T_AREA" VALUES ('350783', '350700', '建瓯市');
INSERT INTO "ESHOPUSER"."T_AREA" VALUES ('350784', '350700', '建阳市');
INSERT INTO "ESHOPUSER"."T_AREA" VALUES ('350801', '350800', '市辖区');
INSERT INTO "ESHOPUSER"."T_AREA" VALUES ('350802', '350800', '新罗区');
INSERT INTO "ESHOPUSER"."T_AREA" VALUES ('110101', '110100', '东城区');
INSERT INTO "ESHOPUSER"."T_AREA" VALUES ('110102', '110100', '西城区');
INSERT INTO "ESHOPUSER"."T_AREA" VALUES ('110103', '110100', '崇文区');
INSERT INTO "ESHOPUSER"."T_AREA" VALUES ('110104', '110100', '宣武区');
INSERT INTO "ESHOPUSER"."T_AREA" VALUES ('110105', '110100', '朝阳区');
INSERT INTO "ESHOPUSER"."T_AREA" VALUES ('110106', '110100', '丰台区');
INSERT INTO "ESHOPUSER"."T_AREA" VALUES ('110107', '110100', '石景山区');
INSERT INTO "ESHOPUSER"."T_AREA" VALUES ('110108', '110100', '海淀区');
INSERT INTO "ESHOPUSER"."T_AREA" VALUES ('110109', '110100', '门头沟区');
INSERT INTO "ESHOPUSER"."T_AREA" VALUES ('110111', '110100', '房山区');
INSERT INTO "ESHOPUSER"."T_AREA" VALUES ('110112', '110100', '通州区');
INSERT INTO "ESHOPUSER"."T_AREA" VALUES ('110113', '110100', '顺义区');
INSERT INTO "ESHOPUSER"."T_AREA" VALUES ('110114', '110100', '昌平区');
INSERT INTO "ESHOPUSER"."T_AREA" VALUES ('110115', '110100', '大兴区');
INSERT INTO "ESHOPUSER"."T_AREA" VALUES ('110116', '110100', '怀柔区');
INSERT INTO "ESHOPUSER"."T_AREA" VALUES ('110117', '110100', '平谷区');
INSERT INTO "ESHOPUSER"."T_AREA" VALUES ('110228', '110200', '密云县');
INSERT INTO "ESHOPUSER"."T_AREA" VALUES ('110229', '110200', '延庆县');
INSERT INTO "ESHOPUSER"."T_AREA" VALUES ('120101', '120100', '和平区');
INSERT INTO "ESHOPUSER"."T_AREA" VALUES ('120102', '120100', '河东区');
INSERT INTO "ESHOPUSER"."T_AREA" VALUES ('120103', '120100', '河西区');
INSERT INTO "ESHOPUSER"."T_AREA" VALUES ('120104', '120100', '南开区');
INSERT INTO "ESHOPUSER"."T_AREA" VALUES ('120105', '120100', '河北区');
INSERT INTO "ESHOPUSER"."T_AREA" VALUES ('120106', '120100', '红桥区');
INSERT INTO "ESHOPUSER"."T_AREA" VALUES ('120107', '120100', '塘沽区');
INSERT INTO "ESHOPUSER"."T_AREA" VALUES ('120108', '120100', '汉沽区');
INSERT INTO "ESHOPUSER"."T_AREA" VALUES ('120109', '120100', '大港区');
INSERT INTO "ESHOPUSER"."T_AREA" VALUES ('120110', '120100', '东丽区');
INSERT INTO "ESHOPUSER"."T_AREA" VALUES ('120111', '120100', '西青区');
INSERT INTO "ESHOPUSER"."T_AREA" VALUES ('120112', '120100', '津南区');
INSERT INTO "ESHOPUSER"."T_AREA" VALUES ('120113', '120100', '北辰区');
INSERT INTO "ESHOPUSER"."T_AREA" VALUES ('120114', '120100', '武清区');
INSERT INTO "ESHOPUSER"."T_AREA" VALUES ('120115', '120100', '宝坻区');
INSERT INTO "ESHOPUSER"."T_AREA" VALUES ('120221', '120200', '宁河县');
INSERT INTO "ESHOPUSER"."T_AREA" VALUES ('120223', '120200', '静海县');
INSERT INTO "ESHOPUSER"."T_AREA" VALUES ('120225', '120200', '蓟　县');
INSERT INTO "ESHOPUSER"."T_AREA" VALUES ('130101', '130100', '市辖区');
INSERT INTO "ESHOPUSER"."T_AREA" VALUES ('130102', '130100', '长安区');
INSERT INTO "ESHOPUSER"."T_AREA" VALUES ('130103', '130100', '桥东区');
INSERT INTO "ESHOPUSER"."T_AREA" VALUES ('130104', '130100', '桥西区');
INSERT INTO "ESHOPUSER"."T_AREA" VALUES ('130105', '130100', '新华区');
INSERT INTO "ESHOPUSER"."T_AREA" VALUES ('130107', '130100', '井陉矿区');
INSERT INTO "ESHOPUSER"."T_AREA" VALUES ('130108', '130100', '裕华区');
INSERT INTO "ESHOPUSER"."T_AREA" VALUES ('130121', '130100', '井陉县');
INSERT INTO "ESHOPUSER"."T_AREA" VALUES ('130123', '130100', '正定县');
INSERT INTO "ESHOPUSER"."T_AREA" VALUES ('130124', '130100', '栾城县');
INSERT INTO "ESHOPUSER"."T_AREA" VALUES ('130125', '130100', '行唐县');
INSERT INTO "ESHOPUSER"."T_AREA" VALUES ('130126', '130100', '灵寿县');
INSERT INTO "ESHOPUSER"."T_AREA" VALUES ('130127', '130100', '高邑县');
INSERT INTO "ESHOPUSER"."T_AREA" VALUES ('130128', '130100', '深泽县');
INSERT INTO "ESHOPUSER"."T_AREA" VALUES ('130129', '130100', '赞皇县');
INSERT INTO "ESHOPUSER"."T_AREA" VALUES ('130130', '130100', '无极县');
INSERT INTO "ESHOPUSER"."T_AREA" VALUES ('130131', '130100', '平山县');
INSERT INTO "ESHOPUSER"."T_AREA" VALUES ('130132', '130100', '元氏县');
INSERT INTO "ESHOPUSER"."T_AREA" VALUES ('130133', '130100', '赵　县');
INSERT INTO "ESHOPUSER"."T_AREA" VALUES ('130181', '130100', '辛集市');
INSERT INTO "ESHOPUSER"."T_AREA" VALUES ('130182', '130100', '藁城市');
INSERT INTO "ESHOPUSER"."T_AREA" VALUES ('130183', '130100', '晋州市');
INSERT INTO "ESHOPUSER"."T_AREA" VALUES ('130184', '130100', '新乐市');
INSERT INTO "ESHOPUSER"."T_AREA" VALUES ('130185', '130100', '鹿泉市');
INSERT INTO "ESHOPUSER"."T_AREA" VALUES ('130201', '130200', '市辖区');
INSERT INTO "ESHOPUSER"."T_AREA" VALUES ('130202', '130200', '路南区');
INSERT INTO "ESHOPUSER"."T_AREA" VALUES ('130203', '130200', '路北区');
INSERT INTO "ESHOPUSER"."T_AREA" VALUES ('130204', '130200', '古冶区');
INSERT INTO "ESHOPUSER"."T_AREA" VALUES ('130205', '130200', '开平区');
INSERT INTO "ESHOPUSER"."T_AREA" VALUES ('130207', '130200', '丰南区');
INSERT INTO "ESHOPUSER"."T_AREA" VALUES ('130208', '130200', '丰润区');
INSERT INTO "ESHOPUSER"."T_AREA" VALUES ('130223', '130200', '滦　县');
INSERT INTO "ESHOPUSER"."T_AREA" VALUES ('130224', '130200', '滦南县');
INSERT INTO "ESHOPUSER"."T_AREA" VALUES ('130225', '130200', '乐亭县');
INSERT INTO "ESHOPUSER"."T_AREA" VALUES ('130227', '130200', '迁西县');
INSERT INTO "ESHOPUSER"."T_AREA" VALUES ('130229', '130200', '玉田县');
INSERT INTO "ESHOPUSER"."T_AREA" VALUES ('130230', '130200', '唐海县');
INSERT INTO "ESHOPUSER"."T_AREA" VALUES ('130281', '130200', '遵化市');
INSERT INTO "ESHOPUSER"."T_AREA" VALUES ('130283', '130200', '迁安市');
INSERT INTO "ESHOPUSER"."T_AREA" VALUES ('130301', '130300', '市辖区');
INSERT INTO "ESHOPUSER"."T_AREA" VALUES ('130302', '130300', '海港区');
INSERT INTO "ESHOPUSER"."T_AREA" VALUES ('130303', '130300', '山海关区');
INSERT INTO "ESHOPUSER"."T_AREA" VALUES ('130304', '130300', '北戴河区');
INSERT INTO "ESHOPUSER"."T_AREA" VALUES ('130321', '130300', '青龙满族自治县');
INSERT INTO "ESHOPUSER"."T_AREA" VALUES ('130322', '130300', '昌黎县');
INSERT INTO "ESHOPUSER"."T_AREA" VALUES ('130323', '130300', '抚宁县');
INSERT INTO "ESHOPUSER"."T_AREA" VALUES ('130324', '130300', '卢龙县');
INSERT INTO "ESHOPUSER"."T_AREA" VALUES ('130401', '130400', '市辖区');
INSERT INTO "ESHOPUSER"."T_AREA" VALUES ('130402', '130400', '邯山区');
INSERT INTO "ESHOPUSER"."T_AREA" VALUES ('130403', '130400', '丛台区');
INSERT INTO "ESHOPUSER"."T_AREA" VALUES ('130404', '130400', '复兴区');
INSERT INTO "ESHOPUSER"."T_AREA" VALUES ('130406', '130400', '峰峰矿区');
INSERT INTO "ESHOPUSER"."T_AREA" VALUES ('130421', '130400', '邯郸县');
INSERT INTO "ESHOPUSER"."T_AREA" VALUES ('130423', '130400', '临漳县');
INSERT INTO "ESHOPUSER"."T_AREA" VALUES ('130424', '130400', '成安县');
INSERT INTO "ESHOPUSER"."T_AREA" VALUES ('130425', '130400', '大名县');
INSERT INTO "ESHOPUSER"."T_AREA" VALUES ('130426', '130400', '涉　县');
INSERT INTO "ESHOPUSER"."T_AREA" VALUES ('130427', '130400', '磁　县');
INSERT INTO "ESHOPUSER"."T_AREA" VALUES ('130428', '130400', '肥乡县');
INSERT INTO "ESHOPUSER"."T_AREA" VALUES ('130429', '130400', '永年县');
INSERT INTO "ESHOPUSER"."T_AREA" VALUES ('130430', '130400', '邱　县');
INSERT INTO "ESHOPUSER"."T_AREA" VALUES ('130431', '130400', '鸡泽县');
INSERT INTO "ESHOPUSER"."T_AREA" VALUES ('130432', '130400', '广平县');
INSERT INTO "ESHOPUSER"."T_AREA" VALUES ('130433', '130400', '馆陶县');
INSERT INTO "ESHOPUSER"."T_AREA" VALUES ('130434', '130400', '魏　县');
INSERT INTO "ESHOPUSER"."T_AREA" VALUES ('130435', '130400', '曲周县');
INSERT INTO "ESHOPUSER"."T_AREA" VALUES ('130481', '130400', '武安市');
INSERT INTO "ESHOPUSER"."T_AREA" VALUES ('130501', '130500', '市辖区');
INSERT INTO "ESHOPUSER"."T_AREA" VALUES ('130502', '130500', '桥东区');
INSERT INTO "ESHOPUSER"."T_AREA" VALUES ('130503', '130500', '桥西区');
INSERT INTO "ESHOPUSER"."T_AREA" VALUES ('130521', '130500', '邢台县');
INSERT INTO "ESHOPUSER"."T_AREA" VALUES ('130522', '130500', '临城县');
INSERT INTO "ESHOPUSER"."T_AREA" VALUES ('130523', '130500', '内丘县');
INSERT INTO "ESHOPUSER"."T_AREA" VALUES ('130524', '130500', '柏乡县');
INSERT INTO "ESHOPUSER"."T_AREA" VALUES ('130525', '130500', '隆尧县');
INSERT INTO "ESHOPUSER"."T_AREA" VALUES ('130526', '130500', '任　县');
INSERT INTO "ESHOPUSER"."T_AREA" VALUES ('130527', '130500', '南和县');
INSERT INTO "ESHOPUSER"."T_AREA" VALUES ('130528', '130500', '宁晋县');
INSERT INTO "ESHOPUSER"."T_AREA" VALUES ('130529', '130500', '巨鹿县');
INSERT INTO "ESHOPUSER"."T_AREA" VALUES ('130530', '130500', '新河县');
INSERT INTO "ESHOPUSER"."T_AREA" VALUES ('130531', '130500', '广宗县');
INSERT INTO "ESHOPUSER"."T_AREA" VALUES ('130532', '130500', '平乡县');
INSERT INTO "ESHOPUSER"."T_AREA" VALUES ('130533', '130500', '威　县');
INSERT INTO "ESHOPUSER"."T_AREA" VALUES ('130534', '130500', '清河县');
INSERT INTO "ESHOPUSER"."T_AREA" VALUES ('130535', '130500', '临西县');
INSERT INTO "ESHOPUSER"."T_AREA" VALUES ('130581', '130500', '南宫市');
INSERT INTO "ESHOPUSER"."T_AREA" VALUES ('130582', '130500', '沙河市');
INSERT INTO "ESHOPUSER"."T_AREA" VALUES ('130601', '130600', '市辖区');
INSERT INTO "ESHOPUSER"."T_AREA" VALUES ('130602', '130600', '新市区');
INSERT INTO "ESHOPUSER"."T_AREA" VALUES ('130603', '130600', '北市区');
INSERT INTO "ESHOPUSER"."T_AREA" VALUES ('130604', '130600', '南市区');
INSERT INTO "ESHOPUSER"."T_AREA" VALUES ('130621', '130600', '满城县');
INSERT INTO "ESHOPUSER"."T_AREA" VALUES ('130622', '130600', '清苑县');
INSERT INTO "ESHOPUSER"."T_AREA" VALUES ('130623', '130600', '涞水县');
INSERT INTO "ESHOPUSER"."T_AREA" VALUES ('130624', '130600', '阜平县');
INSERT INTO "ESHOPUSER"."T_AREA" VALUES ('130625', '130600', '徐水县');
INSERT INTO "ESHOPUSER"."T_AREA" VALUES ('130626', '130600', '定兴县');
INSERT INTO "ESHOPUSER"."T_AREA" VALUES ('130627', '130600', '唐　县');
INSERT INTO "ESHOPUSER"."T_AREA" VALUES ('130628', '130600', '高阳县');
INSERT INTO "ESHOPUSER"."T_AREA" VALUES ('130629', '130600', '容城县');
INSERT INTO "ESHOPUSER"."T_AREA" VALUES ('130630', '130600', '涞源县');
INSERT INTO "ESHOPUSER"."T_AREA" VALUES ('130631', '130600', '望都县');
INSERT INTO "ESHOPUSER"."T_AREA" VALUES ('130632', '130600', '安新县');
INSERT INTO "ESHOPUSER"."T_AREA" VALUES ('130633', '130600', '易　县');
INSERT INTO "ESHOPUSER"."T_AREA" VALUES ('130634', '130600', '曲阳县');
INSERT INTO "ESHOPUSER"."T_AREA" VALUES ('130635', '130600', '蠡　县');
INSERT INTO "ESHOPUSER"."T_AREA" VALUES ('130636', '130600', '顺平县');
INSERT INTO "ESHOPUSER"."T_AREA" VALUES ('130637', '130600', '博野县');
INSERT INTO "ESHOPUSER"."T_AREA" VALUES ('130638', '130600', '雄　县');
INSERT INTO "ESHOPUSER"."T_AREA" VALUES ('130681', '130600', '涿州市');
INSERT INTO "ESHOPUSER"."T_AREA" VALUES ('130682', '130600', '定州市');
INSERT INTO "ESHOPUSER"."T_AREA" VALUES ('130683', '130600', '安国市');
INSERT INTO "ESHOPUSER"."T_AREA" VALUES ('130684', '130600', '高碑店市');
INSERT INTO "ESHOPUSER"."T_AREA" VALUES ('130701', '130700', '市辖区');
INSERT INTO "ESHOPUSER"."T_AREA" VALUES ('130702', '130700', '桥东区');
INSERT INTO "ESHOPUSER"."T_AREA" VALUES ('130703', '130700', '桥西区');
INSERT INTO "ESHOPUSER"."T_AREA" VALUES ('130705', '130700', '宣化区');
INSERT INTO "ESHOPUSER"."T_AREA" VALUES ('130706', '130700', '下花园区');
INSERT INTO "ESHOPUSER"."T_AREA" VALUES ('130721', '130700', '宣化县');
INSERT INTO "ESHOPUSER"."T_AREA" VALUES ('130722', '130700', '张北县');
INSERT INTO "ESHOPUSER"."T_AREA" VALUES ('130723', '130700', '康保县');
INSERT INTO "ESHOPUSER"."T_AREA" VALUES ('130724', '130700', '沽源县');
INSERT INTO "ESHOPUSER"."T_AREA" VALUES ('130725', '130700', '尚义县');
INSERT INTO "ESHOPUSER"."T_AREA" VALUES ('130726', '130700', '蔚　县');
INSERT INTO "ESHOPUSER"."T_AREA" VALUES ('130727', '130700', '阳原县');
INSERT INTO "ESHOPUSER"."T_AREA" VALUES ('130728', '130700', '怀安县');
INSERT INTO "ESHOPUSER"."T_AREA" VALUES ('130729', '130700', '万全县');
INSERT INTO "ESHOPUSER"."T_AREA" VALUES ('130730', '130700', '怀来县');
INSERT INTO "ESHOPUSER"."T_AREA" VALUES ('130731', '130700', '涿鹿县');
INSERT INTO "ESHOPUSER"."T_AREA" VALUES ('130732', '130700', '赤城县');
INSERT INTO "ESHOPUSER"."T_AREA" VALUES ('130733', '130700', '崇礼县');
INSERT INTO "ESHOPUSER"."T_AREA" VALUES ('130801', '130800', '市辖区');
INSERT INTO "ESHOPUSER"."T_AREA" VALUES ('130802', '130800', '双桥区');
INSERT INTO "ESHOPUSER"."T_AREA" VALUES ('130803', '130800', '双滦区');
INSERT INTO "ESHOPUSER"."T_AREA" VALUES ('130804', '130800', '鹰手营子矿区');
INSERT INTO "ESHOPUSER"."T_AREA" VALUES ('130821', '130800', '承德县');
INSERT INTO "ESHOPUSER"."T_AREA" VALUES ('130822', '130800', '兴隆县');
INSERT INTO "ESHOPUSER"."T_AREA" VALUES ('130823', '130800', '平泉县');
INSERT INTO "ESHOPUSER"."T_AREA" VALUES ('130824', '130800', '滦平县');
INSERT INTO "ESHOPUSER"."T_AREA" VALUES ('130825', '130800', '隆化县');
INSERT INTO "ESHOPUSER"."T_AREA" VALUES ('130826', '130800', '丰宁满族自治县');
INSERT INTO "ESHOPUSER"."T_AREA" VALUES ('130827', '130800', '宽城满族自治县');
INSERT INTO "ESHOPUSER"."T_AREA" VALUES ('130828', '130800', '围场满族蒙古族自治县');
INSERT INTO "ESHOPUSER"."T_AREA" VALUES ('130901', '130900', '市辖区');
INSERT INTO "ESHOPUSER"."T_AREA" VALUES ('130902', '130900', '新华区');
INSERT INTO "ESHOPUSER"."T_AREA" VALUES ('130903', '130900', '运河区');
INSERT INTO "ESHOPUSER"."T_AREA" VALUES ('130921', '130900', '沧　县');
INSERT INTO "ESHOPUSER"."T_AREA" VALUES ('130922', '130900', '青　县');
INSERT INTO "ESHOPUSER"."T_AREA" VALUES ('130923', '130900', '东光县');
INSERT INTO "ESHOPUSER"."T_AREA" VALUES ('130924', '130900', '海兴县');
INSERT INTO "ESHOPUSER"."T_AREA" VALUES ('130925', '130900', '盐山县');
INSERT INTO "ESHOPUSER"."T_AREA" VALUES ('130926', '130900', '肃宁县');
INSERT INTO "ESHOPUSER"."T_AREA" VALUES ('130927', '130900', '南皮县');
INSERT INTO "ESHOPUSER"."T_AREA" VALUES ('130928', '130900', '吴桥县');
INSERT INTO "ESHOPUSER"."T_AREA" VALUES ('130929', '130900', '献　县');
INSERT INTO "ESHOPUSER"."T_AREA" VALUES ('130930', '130900', '孟村回族自治县');
INSERT INTO "ESHOPUSER"."T_AREA" VALUES ('130981', '130900', '泊头市');
INSERT INTO "ESHOPUSER"."T_AREA" VALUES ('130982', '130900', '任丘市');
INSERT INTO "ESHOPUSER"."T_AREA" VALUES ('130983', '130900', '黄骅市');
INSERT INTO "ESHOPUSER"."T_AREA" VALUES ('130984', '130900', '河间市');
INSERT INTO "ESHOPUSER"."T_AREA" VALUES ('131001', '131000', '市辖区');
INSERT INTO "ESHOPUSER"."T_AREA" VALUES ('131002', '131000', '安次区');
INSERT INTO "ESHOPUSER"."T_AREA" VALUES ('131003', '131000', '广阳区');
INSERT INTO "ESHOPUSER"."T_AREA" VALUES ('131022', '131000', '固安县');
INSERT INTO "ESHOPUSER"."T_AREA" VALUES ('131023', '131000', '永清县');
INSERT INTO "ESHOPUSER"."T_AREA" VALUES ('131024', '131000', '香河县');
INSERT INTO "ESHOPUSER"."T_AREA" VALUES ('131025', '131000', '大城县');
INSERT INTO "ESHOPUSER"."T_AREA" VALUES ('131026', '131000', '文安县');
INSERT INTO "ESHOPUSER"."T_AREA" VALUES ('131028', '131000', '大厂回族自治县');
INSERT INTO "ESHOPUSER"."T_AREA" VALUES ('131081', '131000', '霸州市');
INSERT INTO "ESHOPUSER"."T_AREA" VALUES ('131082', '131000', '三河市');
INSERT INTO "ESHOPUSER"."T_AREA" VALUES ('131101', '131100', '市辖区');
INSERT INTO "ESHOPUSER"."T_AREA" VALUES ('131102', '131100', '桃城区');
INSERT INTO "ESHOPUSER"."T_AREA" VALUES ('131121', '131100', '枣强县');
INSERT INTO "ESHOPUSER"."T_AREA" VALUES ('131122', '131100', '武邑县');
INSERT INTO "ESHOPUSER"."T_AREA" VALUES ('131123', '131100', '武强县');
INSERT INTO "ESHOPUSER"."T_AREA" VALUES ('131124', '131100', '饶阳县');
INSERT INTO "ESHOPUSER"."T_AREA" VALUES ('131125', '131100', '安平县');
INSERT INTO "ESHOPUSER"."T_AREA" VALUES ('131126', '131100', '故城县');
INSERT INTO "ESHOPUSER"."T_AREA" VALUES ('131127', '131100', '景　县');
INSERT INTO "ESHOPUSER"."T_AREA" VALUES ('131128', '131100', '阜城县');
INSERT INTO "ESHOPUSER"."T_AREA" VALUES ('131181', '131100', '冀州市');
INSERT INTO "ESHOPUSER"."T_AREA" VALUES ('131182', '131100', '深州市');
INSERT INTO "ESHOPUSER"."T_AREA" VALUES ('140101', '140100', '市辖区');
INSERT INTO "ESHOPUSER"."T_AREA" VALUES ('140105', '140100', '小店区');
INSERT INTO "ESHOPUSER"."T_AREA" VALUES ('140106', '140100', '迎泽区');
INSERT INTO "ESHOPUSER"."T_AREA" VALUES ('140107', '140100', '杏花岭区');
INSERT INTO "ESHOPUSER"."T_AREA" VALUES ('140108', '140100', '尖草坪区');
INSERT INTO "ESHOPUSER"."T_AREA" VALUES ('140109', '140100', '万柏林区');
INSERT INTO "ESHOPUSER"."T_AREA" VALUES ('140110', '140100', '晋源区');
INSERT INTO "ESHOPUSER"."T_AREA" VALUES ('140121', '140100', '清徐县');
INSERT INTO "ESHOPUSER"."T_AREA" VALUES ('140122', '140100', '阳曲县');
INSERT INTO "ESHOPUSER"."T_AREA" VALUES ('140123', '140100', '娄烦县');
INSERT INTO "ESHOPUSER"."T_AREA" VALUES ('140181', '140100', '古交市');
INSERT INTO "ESHOPUSER"."T_AREA" VALUES ('140201', '140200', '市辖区');
INSERT INTO "ESHOPUSER"."T_AREA" VALUES ('140202', '140200', '城　区');
INSERT INTO "ESHOPUSER"."T_AREA" VALUES ('140203', '140200', '矿　区');
INSERT INTO "ESHOPUSER"."T_AREA" VALUES ('140211', '140200', '南郊区');
INSERT INTO "ESHOPUSER"."T_AREA" VALUES ('140212', '140200', '新荣区');
INSERT INTO "ESHOPUSER"."T_AREA" VALUES ('140221', '140200', '阳高县');
INSERT INTO "ESHOPUSER"."T_AREA" VALUES ('140222', '140200', '天镇县');
INSERT INTO "ESHOPUSER"."T_AREA" VALUES ('140223', '140200', '广灵县');
INSERT INTO "ESHOPUSER"."T_AREA" VALUES ('140224', '140200', '灵丘县');
INSERT INTO "ESHOPUSER"."T_AREA" VALUES ('140225', '140200', '浑源县');
INSERT INTO "ESHOPUSER"."T_AREA" VALUES ('140226', '140200', '左云县');
INSERT INTO "ESHOPUSER"."T_AREA" VALUES ('140227', '140200', '大同县');
INSERT INTO "ESHOPUSER"."T_AREA" VALUES ('140301', '140300', '市辖区');
INSERT INTO "ESHOPUSER"."T_AREA" VALUES ('140302', '140300', '城　区');
INSERT INTO "ESHOPUSER"."T_AREA" VALUES ('140303', '140300', '矿　区');
INSERT INTO "ESHOPUSER"."T_AREA" VALUES ('140311', '140300', '郊　区');
INSERT INTO "ESHOPUSER"."T_AREA" VALUES ('140321', '140300', '平定县');
INSERT INTO "ESHOPUSER"."T_AREA" VALUES ('140322', '140300', '盂　县');
INSERT INTO "ESHOPUSER"."T_AREA" VALUES ('140401', '140400', '市辖区');
INSERT INTO "ESHOPUSER"."T_AREA" VALUES ('140402', '140400', '城　区');
INSERT INTO "ESHOPUSER"."T_AREA" VALUES ('140411', '140400', '郊　区');
INSERT INTO "ESHOPUSER"."T_AREA" VALUES ('140421', '140400', '长治县');
INSERT INTO "ESHOPUSER"."T_AREA" VALUES ('140423', '140400', '襄垣县');
INSERT INTO "ESHOPUSER"."T_AREA" VALUES ('140424', '140400', '屯留县');
INSERT INTO "ESHOPUSER"."T_AREA" VALUES ('140425', '140400', '平顺县');
INSERT INTO "ESHOPUSER"."T_AREA" VALUES ('140426', '140400', '黎城县');
INSERT INTO "ESHOPUSER"."T_AREA" VALUES ('140427', '140400', '壶关县');
INSERT INTO "ESHOPUSER"."T_AREA" VALUES ('140428', '140400', '长子县');
INSERT INTO "ESHOPUSER"."T_AREA" VALUES ('140429', '140400', '武乡县');
INSERT INTO "ESHOPUSER"."T_AREA" VALUES ('140430', '140400', '沁　县');
INSERT INTO "ESHOPUSER"."T_AREA" VALUES ('140431', '140400', '沁源县');
INSERT INTO "ESHOPUSER"."T_AREA" VALUES ('140481', '140400', '潞城市');
INSERT INTO "ESHOPUSER"."T_AREA" VALUES ('140501', '140500', '市辖区');
INSERT INTO "ESHOPUSER"."T_AREA" VALUES ('140502', '140500', '城　区');
INSERT INTO "ESHOPUSER"."T_AREA" VALUES ('140521', '140500', '沁水县');
INSERT INTO "ESHOPUSER"."T_AREA" VALUES ('140522', '140500', '阳城县');
INSERT INTO "ESHOPUSER"."T_AREA" VALUES ('140524', '140500', '陵川县');
INSERT INTO "ESHOPUSER"."T_AREA" VALUES ('140525', '140500', '泽州县');
INSERT INTO "ESHOPUSER"."T_AREA" VALUES ('140581', '140500', '高平市');
INSERT INTO "ESHOPUSER"."T_AREA" VALUES ('140601', '140600', '市辖区');
INSERT INTO "ESHOPUSER"."T_AREA" VALUES ('140602', '140600', '朔城区');
INSERT INTO "ESHOPUSER"."T_AREA" VALUES ('140603', '140600', '平鲁区');
INSERT INTO "ESHOPUSER"."T_AREA" VALUES ('140621', '140600', '山阴县');
INSERT INTO "ESHOPUSER"."T_AREA" VALUES ('140622', '140600', '应　县');
INSERT INTO "ESHOPUSER"."T_AREA" VALUES ('140623', '140600', '右玉县');
INSERT INTO "ESHOPUSER"."T_AREA" VALUES ('140624', '140600', '怀仁县');
INSERT INTO "ESHOPUSER"."T_AREA" VALUES ('140701', '140700', '市辖区');
INSERT INTO "ESHOPUSER"."T_AREA" VALUES ('140702', '140700', '榆次区');
INSERT INTO "ESHOPUSER"."T_AREA" VALUES ('140721', '140700', '榆社县');
INSERT INTO "ESHOPUSER"."T_AREA" VALUES ('140722', '140700', '左权县');
INSERT INTO "ESHOPUSER"."T_AREA" VALUES ('140723', '140700', '和顺县');
INSERT INTO "ESHOPUSER"."T_AREA" VALUES ('140724', '140700', '昔阳县');
INSERT INTO "ESHOPUSER"."T_AREA" VALUES ('140725', '140700', '寿阳县');
INSERT INTO "ESHOPUSER"."T_AREA" VALUES ('140726', '140700', '太谷县');
INSERT INTO "ESHOPUSER"."T_AREA" VALUES ('140727', '140700', '祁　县');
INSERT INTO "ESHOPUSER"."T_AREA" VALUES ('140728', '140700', '平遥县');
INSERT INTO "ESHOPUSER"."T_AREA" VALUES ('140729', '140700', '灵石县');
INSERT INTO "ESHOPUSER"."T_AREA" VALUES ('140781', '140700', '介休市');
INSERT INTO "ESHOPUSER"."T_AREA" VALUES ('140801', '140800', '市辖区');
INSERT INTO "ESHOPUSER"."T_AREA" VALUES ('140802', '140800', '盐湖区');
INSERT INTO "ESHOPUSER"."T_AREA" VALUES ('140821', '140800', '临猗县');
INSERT INTO "ESHOPUSER"."T_AREA" VALUES ('140822', '140800', '万荣县');
INSERT INTO "ESHOPUSER"."T_AREA" VALUES ('140823', '140800', '闻喜县');
INSERT INTO "ESHOPUSER"."T_AREA" VALUES ('140824', '140800', '稷山县');
INSERT INTO "ESHOPUSER"."T_AREA" VALUES ('140825', '140800', '新绛县');
INSERT INTO "ESHOPUSER"."T_AREA" VALUES ('140826', '140800', '绛　县');
INSERT INTO "ESHOPUSER"."T_AREA" VALUES ('140827', '140800', '垣曲县');
INSERT INTO "ESHOPUSER"."T_AREA" VALUES ('140828', '140800', '夏　县');
INSERT INTO "ESHOPUSER"."T_AREA" VALUES ('140829', '140800', '平陆县');
INSERT INTO "ESHOPUSER"."T_AREA" VALUES ('140830', '140800', '芮城县');
INSERT INTO "ESHOPUSER"."T_AREA" VALUES ('140881', '140800', '永济市');
INSERT INTO "ESHOPUSER"."T_AREA" VALUES ('140882', '140800', '河津市');
INSERT INTO "ESHOPUSER"."T_AREA" VALUES ('140901', '140900', '市辖区');
INSERT INTO "ESHOPUSER"."T_AREA" VALUES ('140902', '140900', '忻府区');
INSERT INTO "ESHOPUSER"."T_AREA" VALUES ('140921', '140900', '定襄县');
INSERT INTO "ESHOPUSER"."T_AREA" VALUES ('140922', '140900', '五台县');
INSERT INTO "ESHOPUSER"."T_AREA" VALUES ('140923', '140900', '代　县');
INSERT INTO "ESHOPUSER"."T_AREA" VALUES ('140924', '140900', '繁峙县');
INSERT INTO "ESHOPUSER"."T_AREA" VALUES ('140925', '140900', '宁武县');
INSERT INTO "ESHOPUSER"."T_AREA" VALUES ('140926', '140900', '静乐县');
INSERT INTO "ESHOPUSER"."T_AREA" VALUES ('140927', '140900', '神池县');
INSERT INTO "ESHOPUSER"."T_AREA" VALUES ('140928', '140900', '五寨县');
INSERT INTO "ESHOPUSER"."T_AREA" VALUES ('140929', '140900', '岢岚县');
INSERT INTO "ESHOPUSER"."T_AREA" VALUES ('140930', '140900', '河曲县');
INSERT INTO "ESHOPUSER"."T_AREA" VALUES ('140931', '140900', '保德县');
INSERT INTO "ESHOPUSER"."T_AREA" VALUES ('140932', '140900', '偏关县');
INSERT INTO "ESHOPUSER"."T_AREA" VALUES ('140981', '140900', '原平市');
INSERT INTO "ESHOPUSER"."T_AREA" VALUES ('141001', '141000', '市辖区');
INSERT INTO "ESHOPUSER"."T_AREA" VALUES ('141002', '141000', '尧都区');
INSERT INTO "ESHOPUSER"."T_AREA" VALUES ('141021', '141000', '曲沃县');
INSERT INTO "ESHOPUSER"."T_AREA" VALUES ('141022', '141000', '翼城县');
INSERT INTO "ESHOPUSER"."T_AREA" VALUES ('141023', '141000', '襄汾县');
INSERT INTO "ESHOPUSER"."T_AREA" VALUES ('141024', '141000', '洪洞县');
INSERT INTO "ESHOPUSER"."T_AREA" VALUES ('141025', '141000', '古　县');
INSERT INTO "ESHOPUSER"."T_AREA" VALUES ('141026', '141000', '安泽县');
INSERT INTO "ESHOPUSER"."T_AREA" VALUES ('141027', '141000', '浮山县');
INSERT INTO "ESHOPUSER"."T_AREA" VALUES ('141028', '141000', '吉　县');
INSERT INTO "ESHOPUSER"."T_AREA" VALUES ('141029', '141000', '乡宁县');
INSERT INTO "ESHOPUSER"."T_AREA" VALUES ('141030', '141000', '大宁县');
INSERT INTO "ESHOPUSER"."T_AREA" VALUES ('141031', '141000', '隰　县');
INSERT INTO "ESHOPUSER"."T_AREA" VALUES ('141032', '141000', '永和县');
INSERT INTO "ESHOPUSER"."T_AREA" VALUES ('141033', '141000', '蒲　县');
INSERT INTO "ESHOPUSER"."T_AREA" VALUES ('141034', '141000', '汾西县');
INSERT INTO "ESHOPUSER"."T_AREA" VALUES ('141081', '141000', '侯马市');
INSERT INTO "ESHOPUSER"."T_AREA" VALUES ('141082', '141000', '霍州市');
INSERT INTO "ESHOPUSER"."T_AREA" VALUES ('141101', '141100', '市辖区');
INSERT INTO "ESHOPUSER"."T_AREA" VALUES ('141102', '141100', '离石区');
INSERT INTO "ESHOPUSER"."T_AREA" VALUES ('141121', '141100', '文水县');
INSERT INTO "ESHOPUSER"."T_AREA" VALUES ('141122', '141100', '交城县');
INSERT INTO "ESHOPUSER"."T_AREA" VALUES ('141123', '141100', '兴　县');
INSERT INTO "ESHOPUSER"."T_AREA" VALUES ('141124', '141100', '临　县');
INSERT INTO "ESHOPUSER"."T_AREA" VALUES ('141125', '141100', '柳林县');
INSERT INTO "ESHOPUSER"."T_AREA" VALUES ('141126', '141100', '石楼县');
INSERT INTO "ESHOPUSER"."T_AREA" VALUES ('141127', '141100', '岚　县');
INSERT INTO "ESHOPUSER"."T_AREA" VALUES ('141128', '141100', '方山县');
INSERT INTO "ESHOPUSER"."T_AREA" VALUES ('141129', '141100', '中阳县');
INSERT INTO "ESHOPUSER"."T_AREA" VALUES ('141130', '141100', '交口县');
INSERT INTO "ESHOPUSER"."T_AREA" VALUES ('141181', '141100', '孝义市');
INSERT INTO "ESHOPUSER"."T_AREA" VALUES ('141182', '141100', '汾阳市');
INSERT INTO "ESHOPUSER"."T_AREA" VALUES ('150101', '150100', '市辖区');
INSERT INTO "ESHOPUSER"."T_AREA" VALUES ('150102', '150100', '新城区');
INSERT INTO "ESHOPUSER"."T_AREA" VALUES ('150103', '150100', '回民区');
INSERT INTO "ESHOPUSER"."T_AREA" VALUES ('150104', '150100', '玉泉区');
INSERT INTO "ESHOPUSER"."T_AREA" VALUES ('150105', '150100', '赛罕区');
INSERT INTO "ESHOPUSER"."T_AREA" VALUES ('150121', '150100', '土默特左旗');
INSERT INTO "ESHOPUSER"."T_AREA" VALUES ('150122', '150100', '托克托县');
INSERT INTO "ESHOPUSER"."T_AREA" VALUES ('150123', '150100', '和林格尔县');
INSERT INTO "ESHOPUSER"."T_AREA" VALUES ('150124', '150100', '清水河县');
INSERT INTO "ESHOPUSER"."T_AREA" VALUES ('150125', '150100', '武川县');
INSERT INTO "ESHOPUSER"."T_AREA" VALUES ('150201', '150200', '市辖区');
INSERT INTO "ESHOPUSER"."T_AREA" VALUES ('150202', '150200', '东河区');
INSERT INTO "ESHOPUSER"."T_AREA" VALUES ('150203', '150200', '昆都仑区');
INSERT INTO "ESHOPUSER"."T_AREA" VALUES ('150204', '150200', '青山区');
INSERT INTO "ESHOPUSER"."T_AREA" VALUES ('150205', '150200', '石拐区');
INSERT INTO "ESHOPUSER"."T_AREA" VALUES ('150206', '150200', '白云矿区');
INSERT INTO "ESHOPUSER"."T_AREA" VALUES ('150207', '150200', '九原区');
INSERT INTO "ESHOPUSER"."T_AREA" VALUES ('150221', '150200', '土默特右旗');
INSERT INTO "ESHOPUSER"."T_AREA" VALUES ('150222', '150200', '固阳县');
INSERT INTO "ESHOPUSER"."T_AREA" VALUES ('150223', '150200', '达尔罕茂明安联合旗');
INSERT INTO "ESHOPUSER"."T_AREA" VALUES ('150301', '150300', '市辖区');
INSERT INTO "ESHOPUSER"."T_AREA" VALUES ('150302', '150300', '海勃湾区');
INSERT INTO "ESHOPUSER"."T_AREA" VALUES ('150303', '150300', '海南区');
INSERT INTO "ESHOPUSER"."T_AREA" VALUES ('150304', '150300', '乌达区');
INSERT INTO "ESHOPUSER"."T_AREA" VALUES ('150401', '150400', '市辖区');
INSERT INTO "ESHOPUSER"."T_AREA" VALUES ('150402', '150400', '红山区');
INSERT INTO "ESHOPUSER"."T_AREA" VALUES ('150403', '150400', '元宝山区');
INSERT INTO "ESHOPUSER"."T_AREA" VALUES ('150404', '150400', '松山区');
INSERT INTO "ESHOPUSER"."T_AREA" VALUES ('150421', '150400', '阿鲁科尔沁旗');
INSERT INTO "ESHOPUSER"."T_AREA" VALUES ('150422', '150400', '巴林左旗');
INSERT INTO "ESHOPUSER"."T_AREA" VALUES ('150423', '150400', '巴林右旗');
INSERT INTO "ESHOPUSER"."T_AREA" VALUES ('150424', '150400', '林西县');
INSERT INTO "ESHOPUSER"."T_AREA" VALUES ('150425', '150400', '克什克腾旗');
INSERT INTO "ESHOPUSER"."T_AREA" VALUES ('150426', '150400', '翁牛特旗');
INSERT INTO "ESHOPUSER"."T_AREA" VALUES ('150428', '150400', '喀喇沁旗');
INSERT INTO "ESHOPUSER"."T_AREA" VALUES ('150429', '150400', '宁城县');
INSERT INTO "ESHOPUSER"."T_AREA" VALUES ('150430', '150400', '敖汉旗');
INSERT INTO "ESHOPUSER"."T_AREA" VALUES ('150501', '150500', '市辖区');
INSERT INTO "ESHOPUSER"."T_AREA" VALUES ('150502', '150500', '科尔沁区');
INSERT INTO "ESHOPUSER"."T_AREA" VALUES ('150521', '150500', '科尔沁左翼中旗');
INSERT INTO "ESHOPUSER"."T_AREA" VALUES ('150522', '150500', '科尔沁左翼后旗');
INSERT INTO "ESHOPUSER"."T_AREA" VALUES ('150523', '150500', '开鲁县');
INSERT INTO "ESHOPUSER"."T_AREA" VALUES ('150524', '150500', '库伦旗');
INSERT INTO "ESHOPUSER"."T_AREA" VALUES ('150525', '150500', '奈曼旗');
INSERT INTO "ESHOPUSER"."T_AREA" VALUES ('150526', '150500', '扎鲁特旗');
INSERT INTO "ESHOPUSER"."T_AREA" VALUES ('150581', '150500', '霍林郭勒市');
INSERT INTO "ESHOPUSER"."T_AREA" VALUES ('150602', '150600', '东胜区');
INSERT INTO "ESHOPUSER"."T_AREA" VALUES ('150621', '150600', '达拉特旗');
INSERT INTO "ESHOPUSER"."T_AREA" VALUES ('150622', '150600', '准格尔旗');
INSERT INTO "ESHOPUSER"."T_AREA" VALUES ('150623', '150600', '鄂托克前旗');
INSERT INTO "ESHOPUSER"."T_AREA" VALUES ('150624', '150600', '鄂托克旗');
INSERT INTO "ESHOPUSER"."T_AREA" VALUES ('150625', '150600', '杭锦旗');
INSERT INTO "ESHOPUSER"."T_AREA" VALUES ('150626', '150600', '乌审旗');
INSERT INTO "ESHOPUSER"."T_AREA" VALUES ('150627', '150600', '伊金霍洛旗');
INSERT INTO "ESHOPUSER"."T_AREA" VALUES ('150701', '150700', '市辖区');
INSERT INTO "ESHOPUSER"."T_AREA" VALUES ('150702', '150700', '海拉尔区');
INSERT INTO "ESHOPUSER"."T_AREA" VALUES ('150721', '150700', '阿荣旗');
INSERT INTO "ESHOPUSER"."T_AREA" VALUES ('150722', '150700', '莫力达瓦达斡尔族自治旗');
INSERT INTO "ESHOPUSER"."T_AREA" VALUES ('150723', '150700', '鄂伦春自治旗');
INSERT INTO "ESHOPUSER"."T_AREA" VALUES ('150724', '150700', '鄂温克族自治旗');
INSERT INTO "ESHOPUSER"."T_AREA" VALUES ('150725', '150700', '陈巴尔虎旗');
INSERT INTO "ESHOPUSER"."T_AREA" VALUES ('150726', '150700', '新巴尔虎左旗');
INSERT INTO "ESHOPUSER"."T_AREA" VALUES ('150727', '150700', '新巴尔虎右旗');
INSERT INTO "ESHOPUSER"."T_AREA" VALUES ('150781', '150700', '满洲里市');
INSERT INTO "ESHOPUSER"."T_AREA" VALUES ('150782', '150700', '牙克石市');
INSERT INTO "ESHOPUSER"."T_AREA" VALUES ('150783', '150700', '扎兰屯市');
INSERT INTO "ESHOPUSER"."T_AREA" VALUES ('150784', '150700', '额尔古纳市');
INSERT INTO "ESHOPUSER"."T_AREA" VALUES ('150785', '150700', '根河市');
INSERT INTO "ESHOPUSER"."T_AREA" VALUES ('150801', '150800', '市辖区');
INSERT INTO "ESHOPUSER"."T_AREA" VALUES ('150802', '150800', '临河区');
INSERT INTO "ESHOPUSER"."T_AREA" VALUES ('150821', '150800', '五原县');
INSERT INTO "ESHOPUSER"."T_AREA" VALUES ('150822', '150800', '磴口县');
INSERT INTO "ESHOPUSER"."T_AREA" VALUES ('150823', '150800', '乌拉特前旗');
INSERT INTO "ESHOPUSER"."T_AREA" VALUES ('150824', '150800', '乌拉特中旗');
INSERT INTO "ESHOPUSER"."T_AREA" VALUES ('150825', '150800', '乌拉特后旗');
INSERT INTO "ESHOPUSER"."T_AREA" VALUES ('150826', '150800', '杭锦后旗');
INSERT INTO "ESHOPUSER"."T_AREA" VALUES ('150901', '150900', '市辖区');
INSERT INTO "ESHOPUSER"."T_AREA" VALUES ('150902', '150900', '集宁区');
INSERT INTO "ESHOPUSER"."T_AREA" VALUES ('150921', '150900', '卓资县');
INSERT INTO "ESHOPUSER"."T_AREA" VALUES ('150922', '150900', '化德县');
INSERT INTO "ESHOPUSER"."T_AREA" VALUES ('150923', '150900', '商都县');
INSERT INTO "ESHOPUSER"."T_AREA" VALUES ('150924', '150900', '兴和县');
INSERT INTO "ESHOPUSER"."T_AREA" VALUES ('150925', '150900', '凉城县');
INSERT INTO "ESHOPUSER"."T_AREA" VALUES ('150926', '150900', '察哈尔右翼前旗');
INSERT INTO "ESHOPUSER"."T_AREA" VALUES ('150927', '150900', '察哈尔右翼中旗');
INSERT INTO "ESHOPUSER"."T_AREA" VALUES ('150928', '150900', '察哈尔右翼后旗');
INSERT INTO "ESHOPUSER"."T_AREA" VALUES ('150929', '150900', '四子王旗');
INSERT INTO "ESHOPUSER"."T_AREA" VALUES ('150981', '150900', '丰镇市');
INSERT INTO "ESHOPUSER"."T_AREA" VALUES ('152201', '152200', '乌兰浩特市');
INSERT INTO "ESHOPUSER"."T_AREA" VALUES ('152202', '152200', '阿尔山市');
INSERT INTO "ESHOPUSER"."T_AREA" VALUES ('152221', '152200', '科尔沁右翼前旗');
INSERT INTO "ESHOPUSER"."T_AREA" VALUES ('152222', '152200', '科尔沁右翼中旗');
INSERT INTO "ESHOPUSER"."T_AREA" VALUES ('152223', '152200', '扎赉特旗');
INSERT INTO "ESHOPUSER"."T_AREA" VALUES ('152224', '152200', '突泉县');
INSERT INTO "ESHOPUSER"."T_AREA" VALUES ('152501', '152500', '二连浩特市');
INSERT INTO "ESHOPUSER"."T_AREA" VALUES ('152502', '152500', '锡林浩特市');
INSERT INTO "ESHOPUSER"."T_AREA" VALUES ('152522', '152500', '阿巴嘎旗');
INSERT INTO "ESHOPUSER"."T_AREA" VALUES ('152523', '152500', '苏尼特左旗');
INSERT INTO "ESHOPUSER"."T_AREA" VALUES ('152524', '152500', '苏尼特右旗');
INSERT INTO "ESHOPUSER"."T_AREA" VALUES ('152525', '152500', '东乌珠穆沁旗');
INSERT INTO "ESHOPUSER"."T_AREA" VALUES ('152526', '152500', '西乌珠穆沁旗');
INSERT INTO "ESHOPUSER"."T_AREA" VALUES ('152527', '152500', '太仆寺旗');
INSERT INTO "ESHOPUSER"."T_AREA" VALUES ('152528', '152500', '镶黄旗');
INSERT INTO "ESHOPUSER"."T_AREA" VALUES ('152529', '152500', '正镶白旗');
INSERT INTO "ESHOPUSER"."T_AREA" VALUES ('152530', '152500', '正蓝旗');
INSERT INTO "ESHOPUSER"."T_AREA" VALUES ('152531', '152500', '多伦县');
INSERT INTO "ESHOPUSER"."T_AREA" VALUES ('152921', '152900', '阿拉善左旗');
INSERT INTO "ESHOPUSER"."T_AREA" VALUES ('152922', '152900', '阿拉善右旗');
INSERT INTO "ESHOPUSER"."T_AREA" VALUES ('152923', '152900', '额济纳旗');
INSERT INTO "ESHOPUSER"."T_AREA" VALUES ('210101', '210100', '市辖区');
INSERT INTO "ESHOPUSER"."T_AREA" VALUES ('210102', '210100', '和平区');
INSERT INTO "ESHOPUSER"."T_AREA" VALUES ('210103', '210100', '沈河区');
INSERT INTO "ESHOPUSER"."T_AREA" VALUES ('210104', '210100', '大东区');
INSERT INTO "ESHOPUSER"."T_AREA" VALUES ('210105', '210100', '皇姑区');
INSERT INTO "ESHOPUSER"."T_AREA" VALUES ('210106', '210100', '铁西区');
INSERT INTO "ESHOPUSER"."T_AREA" VALUES ('210111', '210100', '苏家屯区');
INSERT INTO "ESHOPUSER"."T_AREA" VALUES ('210112', '210100', '东陵区');
INSERT INTO "ESHOPUSER"."T_AREA" VALUES ('210113', '210100', '新城子区');
INSERT INTO "ESHOPUSER"."T_AREA" VALUES ('210114', '210100', '于洪区');
INSERT INTO "ESHOPUSER"."T_AREA" VALUES ('210122', '210100', '辽中县');
INSERT INTO "ESHOPUSER"."T_AREA" VALUES ('210123', '210100', '康平县');
INSERT INTO "ESHOPUSER"."T_AREA" VALUES ('210124', '210100', '法库县');
INSERT INTO "ESHOPUSER"."T_AREA" VALUES ('210181', '210100', '新民市');
INSERT INTO "ESHOPUSER"."T_AREA" VALUES ('210201', '210200', '市辖区');
INSERT INTO "ESHOPUSER"."T_AREA" VALUES ('210202', '210200', '中山区');
INSERT INTO "ESHOPUSER"."T_AREA" VALUES ('210203', '210200', '西岗区');
INSERT INTO "ESHOPUSER"."T_AREA" VALUES ('210204', '210200', '沙河口区');
INSERT INTO "ESHOPUSER"."T_AREA" VALUES ('210211', '210200', '甘井子区');
INSERT INTO "ESHOPUSER"."T_AREA" VALUES ('210212', '210200', '旅顺口区');
INSERT INTO "ESHOPUSER"."T_AREA" VALUES ('210213', '210200', '金州区');
INSERT INTO "ESHOPUSER"."T_AREA" VALUES ('210224', '210200', '长海县');
INSERT INTO "ESHOPUSER"."T_AREA" VALUES ('210281', '210200', '瓦房店市');
INSERT INTO "ESHOPUSER"."T_AREA" VALUES ('210282', '210200', '普兰店市');
INSERT INTO "ESHOPUSER"."T_AREA" VALUES ('210283', '210200', '庄河市');
INSERT INTO "ESHOPUSER"."T_AREA" VALUES ('210301', '210300', '市辖区');
INSERT INTO "ESHOPUSER"."T_AREA" VALUES ('210302', '210300', '铁东区');
INSERT INTO "ESHOPUSER"."T_AREA" VALUES ('210303', '210300', '铁西区');
INSERT INTO "ESHOPUSER"."T_AREA" VALUES ('210304', '210300', '立山区');
INSERT INTO "ESHOPUSER"."T_AREA" VALUES ('210311', '210300', '千山区');
INSERT INTO "ESHOPUSER"."T_AREA" VALUES ('210321', '210300', '台安县');
INSERT INTO "ESHOPUSER"."T_AREA" VALUES ('210323', '210300', '岫岩满族自治县');
INSERT INTO "ESHOPUSER"."T_AREA" VALUES ('210381', '210300', '海城市');
INSERT INTO "ESHOPUSER"."T_AREA" VALUES ('210401', '210400', '市辖区');
INSERT INTO "ESHOPUSER"."T_AREA" VALUES ('210402', '210400', '新抚区');
INSERT INTO "ESHOPUSER"."T_AREA" VALUES ('210403', '210400', '东洲区');
INSERT INTO "ESHOPUSER"."T_AREA" VALUES ('210404', '210400', '望花区');
INSERT INTO "ESHOPUSER"."T_AREA" VALUES ('210411', '210400', '顺城区');
INSERT INTO "ESHOPUSER"."T_AREA" VALUES ('210421', '210400', '抚顺县');
INSERT INTO "ESHOPUSER"."T_AREA" VALUES ('210422', '210400', '新宾满族自治县');
INSERT INTO "ESHOPUSER"."T_AREA" VALUES ('210423', '210400', '清原满族自治县');
INSERT INTO "ESHOPUSER"."T_AREA" VALUES ('210501', '210500', '市辖区');
INSERT INTO "ESHOPUSER"."T_AREA" VALUES ('210502', '210500', '平山区');
INSERT INTO "ESHOPUSER"."T_AREA" VALUES ('210503', '210500', '溪湖区');
INSERT INTO "ESHOPUSER"."T_AREA" VALUES ('210504', '210500', '明山区');
INSERT INTO "ESHOPUSER"."T_AREA" VALUES ('210505', '210500', '南芬区');
INSERT INTO "ESHOPUSER"."T_AREA" VALUES ('210521', '210500', '本溪满族自治县');
INSERT INTO "ESHOPUSER"."T_AREA" VALUES ('210522', '210500', '桓仁满族自治县');
INSERT INTO "ESHOPUSER"."T_AREA" VALUES ('210601', '210600', '市辖区');
INSERT INTO "ESHOPUSER"."T_AREA" VALUES ('210602', '210600', '元宝区');
INSERT INTO "ESHOPUSER"."T_AREA" VALUES ('210603', '210600', '振兴区');
INSERT INTO "ESHOPUSER"."T_AREA" VALUES ('210604', '210600', '振安区');
INSERT INTO "ESHOPUSER"."T_AREA" VALUES ('210624', '210600', '宽甸满族自治县');
INSERT INTO "ESHOPUSER"."T_AREA" VALUES ('210681', '210600', '东港市');
INSERT INTO "ESHOPUSER"."T_AREA" VALUES ('210682', '210600', '凤城市');
INSERT INTO "ESHOPUSER"."T_AREA" VALUES ('210701', '210700', '市辖区');
INSERT INTO "ESHOPUSER"."T_AREA" VALUES ('210702', '210700', '古塔区');
INSERT INTO "ESHOPUSER"."T_AREA" VALUES ('210703', '210700', '凌河区');
INSERT INTO "ESHOPUSER"."T_AREA" VALUES ('210711', '210700', '太和区');
INSERT INTO "ESHOPUSER"."T_AREA" VALUES ('210726', '210700', '黑山县');
INSERT INTO "ESHOPUSER"."T_AREA" VALUES ('210727', '210700', '义　县');
INSERT INTO "ESHOPUSER"."T_AREA" VALUES ('210781', '210700', '凌海市');
INSERT INTO "ESHOPUSER"."T_AREA" VALUES ('210782', '210700', '北宁市');
INSERT INTO "ESHOPUSER"."T_AREA" VALUES ('210801', '210800', '市辖区');
INSERT INTO "ESHOPUSER"."T_AREA" VALUES ('210802', '210800', '站前区');
INSERT INTO "ESHOPUSER"."T_AREA" VALUES ('210803', '210800', '西市区');
INSERT INTO "ESHOPUSER"."T_AREA" VALUES ('210804', '210800', '鲅鱼圈区');
INSERT INTO "ESHOPUSER"."T_AREA" VALUES ('210811', '210800', '老边区');
INSERT INTO "ESHOPUSER"."T_AREA" VALUES ('210881', '210800', '盖州市');
INSERT INTO "ESHOPUSER"."T_AREA" VALUES ('210882', '210800', '大石桥市');
INSERT INTO "ESHOPUSER"."T_AREA" VALUES ('210901', '210900', '市辖区');
INSERT INTO "ESHOPUSER"."T_AREA" VALUES ('210902', '210900', '海州区');
INSERT INTO "ESHOPUSER"."T_AREA" VALUES ('210903', '210900', '新邱区');
INSERT INTO "ESHOPUSER"."T_AREA" VALUES ('210904', '210900', '太平区');
INSERT INTO "ESHOPUSER"."T_AREA" VALUES ('210905', '210900', '清河门区');
INSERT INTO "ESHOPUSER"."T_AREA" VALUES ('210911', '210900', '细河区');
INSERT INTO "ESHOPUSER"."T_AREA" VALUES ('210921', '210900', '阜新蒙古族自治县');
INSERT INTO "ESHOPUSER"."T_AREA" VALUES ('210922', '210900', '彰武县');
INSERT INTO "ESHOPUSER"."T_AREA" VALUES ('211001', '211000', '市辖区');
INSERT INTO "ESHOPUSER"."T_AREA" VALUES ('211002', '211000', '白塔区');
INSERT INTO "ESHOPUSER"."T_AREA" VALUES ('211003', '211000', '文圣区');
INSERT INTO "ESHOPUSER"."T_AREA" VALUES ('211004', '211000', '宏伟区');
INSERT INTO "ESHOPUSER"."T_AREA" VALUES ('211005', '211000', '弓长岭区');
INSERT INTO "ESHOPUSER"."T_AREA" VALUES ('211011', '211000', '太子河区');
INSERT INTO "ESHOPUSER"."T_AREA" VALUES ('211021', '211000', '辽阳县');
INSERT INTO "ESHOPUSER"."T_AREA" VALUES ('211081', '211000', '灯塔市');
INSERT INTO "ESHOPUSER"."T_AREA" VALUES ('211101', '211100', '市辖区');
INSERT INTO "ESHOPUSER"."T_AREA" VALUES ('211102', '211100', '双台子区');
INSERT INTO "ESHOPUSER"."T_AREA" VALUES ('211103', '211100', '兴隆台区');
INSERT INTO "ESHOPUSER"."T_AREA" VALUES ('211121', '211100', '大洼县');
INSERT INTO "ESHOPUSER"."T_AREA" VALUES ('211122', '211100', '盘山县');
INSERT INTO "ESHOPUSER"."T_AREA" VALUES ('211201', '211200', '市辖区');
INSERT INTO "ESHOPUSER"."T_AREA" VALUES ('211202', '211200', '银州区');
INSERT INTO "ESHOPUSER"."T_AREA" VALUES ('211204', '211200', '清河区');
INSERT INTO "ESHOPUSER"."T_AREA" VALUES ('211221', '211200', '铁岭县');
INSERT INTO "ESHOPUSER"."T_AREA" VALUES ('211223', '211200', '西丰县');
INSERT INTO "ESHOPUSER"."T_AREA" VALUES ('211224', '211200', '昌图县');
INSERT INTO "ESHOPUSER"."T_AREA" VALUES ('211281', '211200', '调兵山市');
INSERT INTO "ESHOPUSER"."T_AREA" VALUES ('211282', '211200', '开原市');
INSERT INTO "ESHOPUSER"."T_AREA" VALUES ('211301', '211300', '市辖区');
INSERT INTO "ESHOPUSER"."T_AREA" VALUES ('211302', '211300', '双塔区');
INSERT INTO "ESHOPUSER"."T_AREA" VALUES ('211303', '211300', '龙城区');
INSERT INTO "ESHOPUSER"."T_AREA" VALUES ('211321', '211300', '朝阳县');
INSERT INTO "ESHOPUSER"."T_AREA" VALUES ('211322', '211300', '建平县');
INSERT INTO "ESHOPUSER"."T_AREA" VALUES ('211324', '211300', '喀喇沁左翼蒙古族自治县');
INSERT INTO "ESHOPUSER"."T_AREA" VALUES ('211381', '211300', '北票市');
INSERT INTO "ESHOPUSER"."T_AREA" VALUES ('211382', '211300', '凌源市');
INSERT INTO "ESHOPUSER"."T_AREA" VALUES ('211401', '211400', '市辖区');
INSERT INTO "ESHOPUSER"."T_AREA" VALUES ('211402', '211400', '连山区');
INSERT INTO "ESHOPUSER"."T_AREA" VALUES ('211403', '211400', '龙港区');
INSERT INTO "ESHOPUSER"."T_AREA" VALUES ('211404', '211400', '南票区');
INSERT INTO "ESHOPUSER"."T_AREA" VALUES ('211421', '211400', '绥中县');
INSERT INTO "ESHOPUSER"."T_AREA" VALUES ('211422', '211400', '建昌县');
INSERT INTO "ESHOPUSER"."T_AREA" VALUES ('211481', '211400', '兴城市');
INSERT INTO "ESHOPUSER"."T_AREA" VALUES ('220101', '220100', '市辖区');
INSERT INTO "ESHOPUSER"."T_AREA" VALUES ('220102', '220100', '南关区');
INSERT INTO "ESHOPUSER"."T_AREA" VALUES ('220103', '220100', '宽城区');
INSERT INTO "ESHOPUSER"."T_AREA" VALUES ('220104', '220100', '朝阳区');
INSERT INTO "ESHOPUSER"."T_AREA" VALUES ('220105', '220100', '二道区');
INSERT INTO "ESHOPUSER"."T_AREA" VALUES ('220106', '220100', '绿园区');
INSERT INTO "ESHOPUSER"."T_AREA" VALUES ('220112', '220100', '双阳区');
INSERT INTO "ESHOPUSER"."T_AREA" VALUES ('220122', '220100', '农安县');
INSERT INTO "ESHOPUSER"."T_AREA" VALUES ('220181', '220100', '九台市');
INSERT INTO "ESHOPUSER"."T_AREA" VALUES ('220182', '220100', '榆树市');
INSERT INTO "ESHOPUSER"."T_AREA" VALUES ('220183', '220100', '德惠市');
INSERT INTO "ESHOPUSER"."T_AREA" VALUES ('220201', '220200', '市辖区');
INSERT INTO "ESHOPUSER"."T_AREA" VALUES ('220202', '220200', '昌邑区');
INSERT INTO "ESHOPUSER"."T_AREA" VALUES ('220203', '220200', '龙潭区');
INSERT INTO "ESHOPUSER"."T_AREA" VALUES ('220204', '220200', '船营区');
INSERT INTO "ESHOPUSER"."T_AREA" VALUES ('220211', '220200', '丰满区');
INSERT INTO "ESHOPUSER"."T_AREA" VALUES ('220221', '220200', '永吉县');
INSERT INTO "ESHOPUSER"."T_AREA" VALUES ('220281', '220200', '蛟河市');
INSERT INTO "ESHOPUSER"."T_AREA" VALUES ('220282', '220200', '桦甸市');
INSERT INTO "ESHOPUSER"."T_AREA" VALUES ('220283', '220200', '舒兰市');
INSERT INTO "ESHOPUSER"."T_AREA" VALUES ('220284', '220200', '磐石市');
INSERT INTO "ESHOPUSER"."T_AREA" VALUES ('220301', '220300', '市辖区');
INSERT INTO "ESHOPUSER"."T_AREA" VALUES ('220302', '220300', '铁西区');
INSERT INTO "ESHOPUSER"."T_AREA" VALUES ('220303', '220300', '铁东区');
INSERT INTO "ESHOPUSER"."T_AREA" VALUES ('220322', '220300', '梨树县');
INSERT INTO "ESHOPUSER"."T_AREA" VALUES ('220323', '220300', '伊通满族自治县');
INSERT INTO "ESHOPUSER"."T_AREA" VALUES ('220381', '220300', '公主岭市');
INSERT INTO "ESHOPUSER"."T_AREA" VALUES ('220382', '220300', '双辽市');
INSERT INTO "ESHOPUSER"."T_AREA" VALUES ('220401', '220400', '市辖区');
INSERT INTO "ESHOPUSER"."T_AREA" VALUES ('220402', '220400', '龙山区');
INSERT INTO "ESHOPUSER"."T_AREA" VALUES ('220403', '220400', '西安区');
INSERT INTO "ESHOPUSER"."T_AREA" VALUES ('220421', '220400', '东丰县');
INSERT INTO "ESHOPUSER"."T_AREA" VALUES ('220422', '220400', '东辽县');
INSERT INTO "ESHOPUSER"."T_AREA" VALUES ('220501', '220500', '市辖区');
INSERT INTO "ESHOPUSER"."T_AREA" VALUES ('220502', '220500', '东昌区');
INSERT INTO "ESHOPUSER"."T_AREA" VALUES ('220503', '220500', '二道江区');
INSERT INTO "ESHOPUSER"."T_AREA" VALUES ('220521', '220500', '通化县');
INSERT INTO "ESHOPUSER"."T_AREA" VALUES ('220523', '220500', '辉南县');
INSERT INTO "ESHOPUSER"."T_AREA" VALUES ('220524', '220500', '柳河县');
INSERT INTO "ESHOPUSER"."T_AREA" VALUES ('220581', '220500', '梅河口市');
INSERT INTO "ESHOPUSER"."T_AREA" VALUES ('220582', '220500', '集安市');
INSERT INTO "ESHOPUSER"."T_AREA" VALUES ('220601', '220600', '市辖区');
INSERT INTO "ESHOPUSER"."T_AREA" VALUES ('220602', '220600', '八道江区');
INSERT INTO "ESHOPUSER"."T_AREA" VALUES ('220621', '220600', '抚松县');
INSERT INTO "ESHOPUSER"."T_AREA" VALUES ('220622', '220600', '靖宇县');
INSERT INTO "ESHOPUSER"."T_AREA" VALUES ('220623', '220600', '长白朝鲜族自治县');
INSERT INTO "ESHOPUSER"."T_AREA" VALUES ('220625', '220600', '江源县');
INSERT INTO "ESHOPUSER"."T_AREA" VALUES ('220681', '220600', '临江市');
INSERT INTO "ESHOPUSER"."T_AREA" VALUES ('220701', '220700', '市辖区');
INSERT INTO "ESHOPUSER"."T_AREA" VALUES ('220702', '220700', '宁江区');
INSERT INTO "ESHOPUSER"."T_AREA" VALUES ('220721', '220700', '前郭尔罗斯蒙古族自治县');
INSERT INTO "ESHOPUSER"."T_AREA" VALUES ('220722', '220700', '长岭县');
INSERT INTO "ESHOPUSER"."T_AREA" VALUES ('220723', '220700', '乾安县');
INSERT INTO "ESHOPUSER"."T_AREA" VALUES ('220724', '220700', '扶余县');
INSERT INTO "ESHOPUSER"."T_AREA" VALUES ('220801', '220800', '市辖区');
INSERT INTO "ESHOPUSER"."T_AREA" VALUES ('220802', '220800', '洮北区');
INSERT INTO "ESHOPUSER"."T_AREA" VALUES ('220821', '220800', '镇赉县');
INSERT INTO "ESHOPUSER"."T_AREA" VALUES ('220822', '220800', '通榆县');
INSERT INTO "ESHOPUSER"."T_AREA" VALUES ('220881', '220800', '洮南市');
INSERT INTO "ESHOPUSER"."T_AREA" VALUES ('220882', '220800', '大安市');
INSERT INTO "ESHOPUSER"."T_AREA" VALUES ('222401', '222400', '延吉市');
INSERT INTO "ESHOPUSER"."T_AREA" VALUES ('222402', '222400', '图们市');
INSERT INTO "ESHOPUSER"."T_AREA" VALUES ('222403', '222400', '敦化市');
INSERT INTO "ESHOPUSER"."T_AREA" VALUES ('222404', '222400', '珲春市');
INSERT INTO "ESHOPUSER"."T_AREA" VALUES ('222405', '222400', '龙井市');
INSERT INTO "ESHOPUSER"."T_AREA" VALUES ('222406', '222400', '和龙市');
INSERT INTO "ESHOPUSER"."T_AREA" VALUES ('222424', '222400', '汪清县');
INSERT INTO "ESHOPUSER"."T_AREA" VALUES ('222426', '222400', '安图县');
INSERT INTO "ESHOPUSER"."T_AREA" VALUES ('230101', '230100', '市辖区');
INSERT INTO "ESHOPUSER"."T_AREA" VALUES ('230102', '230100', '道里区');
INSERT INTO "ESHOPUSER"."T_AREA" VALUES ('230103', '230100', '南岗区');
INSERT INTO "ESHOPUSER"."T_AREA" VALUES ('230104', '230100', '道外区');
INSERT INTO "ESHOPUSER"."T_AREA" VALUES ('230106', '230100', '香坊区');
INSERT INTO "ESHOPUSER"."T_AREA" VALUES ('230107', '230100', '动力区');
INSERT INTO "ESHOPUSER"."T_AREA" VALUES ('230108', '230100', '平房区');
INSERT INTO "ESHOPUSER"."T_AREA" VALUES ('230109', '230100', '松北区');
INSERT INTO "ESHOPUSER"."T_AREA" VALUES ('230111', '230100', '呼兰区');
INSERT INTO "ESHOPUSER"."T_AREA" VALUES ('230123', '230100', '依兰县');
INSERT INTO "ESHOPUSER"."T_AREA" VALUES ('230124', '230100', '方正县');
INSERT INTO "ESHOPUSER"."T_AREA" VALUES ('230125', '230100', '宾　县');
INSERT INTO "ESHOPUSER"."T_AREA" VALUES ('230126', '230100', '巴彦县');
INSERT INTO "ESHOPUSER"."T_AREA" VALUES ('230127', '230100', '木兰县');
INSERT INTO "ESHOPUSER"."T_AREA" VALUES ('230128', '230100', '通河县');
INSERT INTO "ESHOPUSER"."T_AREA" VALUES ('230129', '230100', '延寿县');
INSERT INTO "ESHOPUSER"."T_AREA" VALUES ('230181', '230100', '阿城市');
INSERT INTO "ESHOPUSER"."T_AREA" VALUES ('230182', '230100', '双城市');
INSERT INTO "ESHOPUSER"."T_AREA" VALUES ('230183', '230100', '尚志市');
INSERT INTO "ESHOPUSER"."T_AREA" VALUES ('230184', '230100', '五常市');
INSERT INTO "ESHOPUSER"."T_AREA" VALUES ('230201', '230200', '市辖区');
INSERT INTO "ESHOPUSER"."T_AREA" VALUES ('230202', '230200', '龙沙区');
INSERT INTO "ESHOPUSER"."T_AREA" VALUES ('230203', '230200', '建华区');
INSERT INTO "ESHOPUSER"."T_AREA" VALUES ('230204', '230200', '铁锋区');
INSERT INTO "ESHOPUSER"."T_AREA" VALUES ('230205', '230200', '昂昂溪区');
INSERT INTO "ESHOPUSER"."T_AREA" VALUES ('230206', '230200', '富拉尔基区');
INSERT INTO "ESHOPUSER"."T_AREA" VALUES ('230207', '230200', '碾子山区');
INSERT INTO "ESHOPUSER"."T_AREA" VALUES ('230208', '230200', '梅里斯达斡尔族区');
INSERT INTO "ESHOPUSER"."T_AREA" VALUES ('230221', '230200', '龙江县');
INSERT INTO "ESHOPUSER"."T_AREA" VALUES ('230223', '230200', '依安县');
INSERT INTO "ESHOPUSER"."T_AREA" VALUES ('230224', '230200', '泰来县');
INSERT INTO "ESHOPUSER"."T_AREA" VALUES ('230225', '230200', '甘南县');
INSERT INTO "ESHOPUSER"."T_AREA" VALUES ('230227', '230200', '富裕县');
INSERT INTO "ESHOPUSER"."T_AREA" VALUES ('230229', '230200', '克山县');
INSERT INTO "ESHOPUSER"."T_AREA" VALUES ('230230', '230200', '克东县');
INSERT INTO "ESHOPUSER"."T_AREA" VALUES ('230231', '230200', '拜泉县');
INSERT INTO "ESHOPUSER"."T_AREA" VALUES ('230281', '230200', '讷河市');
INSERT INTO "ESHOPUSER"."T_AREA" VALUES ('230301', '230300', '市辖区');
INSERT INTO "ESHOPUSER"."T_AREA" VALUES ('230302', '230300', '鸡冠区');
INSERT INTO "ESHOPUSER"."T_AREA" VALUES ('230303', '230300', '恒山区');
INSERT INTO "ESHOPUSER"."T_AREA" VALUES ('230304', '230300', '滴道区');
INSERT INTO "ESHOPUSER"."T_AREA" VALUES ('230305', '230300', '梨树区');
INSERT INTO "ESHOPUSER"."T_AREA" VALUES ('230306', '230300', '城子河区');
INSERT INTO "ESHOPUSER"."T_AREA" VALUES ('230307', '230300', '麻山区');
INSERT INTO "ESHOPUSER"."T_AREA" VALUES ('230321', '230300', '鸡东县');
INSERT INTO "ESHOPUSER"."T_AREA" VALUES ('230381', '230300', '虎林市');
INSERT INTO "ESHOPUSER"."T_AREA" VALUES ('230382', '230300', '密山市');
INSERT INTO "ESHOPUSER"."T_AREA" VALUES ('230401', '230400', '市辖区');
INSERT INTO "ESHOPUSER"."T_AREA" VALUES ('230402', '230400', '向阳区');
INSERT INTO "ESHOPUSER"."T_AREA" VALUES ('230403', '230400', '工农区');
INSERT INTO "ESHOPUSER"."T_AREA" VALUES ('230404', '230400', '南山区');
INSERT INTO "ESHOPUSER"."T_AREA" VALUES ('230405', '230400', '兴安区');
INSERT INTO "ESHOPUSER"."T_AREA" VALUES ('230406', '230400', '东山区');
INSERT INTO "ESHOPUSER"."T_AREA" VALUES ('230407', '230400', '兴山区');
INSERT INTO "ESHOPUSER"."T_AREA" VALUES ('230421', '230400', '萝北县');
INSERT INTO "ESHOPUSER"."T_AREA" VALUES ('230422', '230400', '绥滨县');
INSERT INTO "ESHOPUSER"."T_AREA" VALUES ('230501', '230500', '市辖区');
INSERT INTO "ESHOPUSER"."T_AREA" VALUES ('230502', '230500', '尖山区');
INSERT INTO "ESHOPUSER"."T_AREA" VALUES ('230503', '230500', '岭东区');
INSERT INTO "ESHOPUSER"."T_AREA" VALUES ('230505', '230500', '四方台区');
INSERT INTO "ESHOPUSER"."T_AREA" VALUES ('230506', '230500', '宝山区');
INSERT INTO "ESHOPUSER"."T_AREA" VALUES ('230521', '230500', '集贤县');
INSERT INTO "ESHOPUSER"."T_AREA" VALUES ('230522', '230500', '友谊县');
INSERT INTO "ESHOPUSER"."T_AREA" VALUES ('230523', '230500', '宝清县');
INSERT INTO "ESHOPUSER"."T_AREA" VALUES ('230524', '230500', '饶河县');
INSERT INTO "ESHOPUSER"."T_AREA" VALUES ('230601', '230600', '市辖区');
INSERT INTO "ESHOPUSER"."T_AREA" VALUES ('230602', '230600', '萨尔图区');
INSERT INTO "ESHOPUSER"."T_AREA" VALUES ('230603', '230600', '龙凤区');
INSERT INTO "ESHOPUSER"."T_AREA" VALUES ('230604', '230600', '让胡路区');
INSERT INTO "ESHOPUSER"."T_AREA" VALUES ('230605', '230600', '红岗区');
INSERT INTO "ESHOPUSER"."T_AREA" VALUES ('230606', '230600', '大同区');
INSERT INTO "ESHOPUSER"."T_AREA" VALUES ('230621', '230600', '肇州县');
INSERT INTO "ESHOPUSER"."T_AREA" VALUES ('230622', '230600', '肇源县');
INSERT INTO "ESHOPUSER"."T_AREA" VALUES ('230623', '230600', '林甸县');
INSERT INTO "ESHOPUSER"."T_AREA" VALUES ('230624', '230600', '杜尔伯特蒙古族自治县');
INSERT INTO "ESHOPUSER"."T_AREA" VALUES ('230701', '230700', '市辖区');
INSERT INTO "ESHOPUSER"."T_AREA" VALUES ('230702', '230700', '伊春区');
INSERT INTO "ESHOPUSER"."T_AREA" VALUES ('230703', '230700', '南岔区');
INSERT INTO "ESHOPUSER"."T_AREA" VALUES ('230704', '230700', '友好区');
INSERT INTO "ESHOPUSER"."T_AREA" VALUES ('230705', '230700', '西林区');
INSERT INTO "ESHOPUSER"."T_AREA" VALUES ('230706', '230700', '翠峦区');
INSERT INTO "ESHOPUSER"."T_AREA" VALUES ('230707', '230700', '新青区');
INSERT INTO "ESHOPUSER"."T_AREA" VALUES ('230708', '230700', '美溪区');
INSERT INTO "ESHOPUSER"."T_AREA" VALUES ('420528', '420500', '长阳土家族自治县');
INSERT INTO "ESHOPUSER"."T_AREA" VALUES ('420529', '420500', '五峰土家族自治县');
INSERT INTO "ESHOPUSER"."T_AREA" VALUES ('420581', '420500', '宜都市');
INSERT INTO "ESHOPUSER"."T_AREA" VALUES ('420582', '420500', '当阳市');
INSERT INTO "ESHOPUSER"."T_AREA" VALUES ('420583', '420500', '枝江市');
INSERT INTO "ESHOPUSER"."T_AREA" VALUES ('420601', '420600', '市辖区');
INSERT INTO "ESHOPUSER"."T_AREA" VALUES ('420602', '420600', '襄城区');
INSERT INTO "ESHOPUSER"."T_AREA" VALUES ('420606', '420600', '樊城区');
INSERT INTO "ESHOPUSER"."T_AREA" VALUES ('420607', '420600', '襄阳区');
INSERT INTO "ESHOPUSER"."T_AREA" VALUES ('420624', '420600', '南漳县');
INSERT INTO "ESHOPUSER"."T_AREA" VALUES ('420625', '420600', '谷城县');
INSERT INTO "ESHOPUSER"."T_AREA" VALUES ('420626', '420600', '保康县');
INSERT INTO "ESHOPUSER"."T_AREA" VALUES ('420682', '420600', '老河口市');
INSERT INTO "ESHOPUSER"."T_AREA" VALUES ('420683', '420600', '枣阳市');
INSERT INTO "ESHOPUSER"."T_AREA" VALUES ('420684', '420600', '宜城市');
INSERT INTO "ESHOPUSER"."T_AREA" VALUES ('420701', '420700', '市辖区');
INSERT INTO "ESHOPUSER"."T_AREA" VALUES ('420702', '420700', '梁子湖区');
INSERT INTO "ESHOPUSER"."T_AREA" VALUES ('420703', '420700', '华容区');
INSERT INTO "ESHOPUSER"."T_AREA" VALUES ('420704', '420700', '鄂城区');
INSERT INTO "ESHOPUSER"."T_AREA" VALUES ('420801', '420800', '市辖区');
INSERT INTO "ESHOPUSER"."T_AREA" VALUES ('420802', '420800', '东宝区');
INSERT INTO "ESHOPUSER"."T_AREA" VALUES ('420804', '420800', '掇刀区');
INSERT INTO "ESHOPUSER"."T_AREA" VALUES ('420821', '420800', '京山县');
INSERT INTO "ESHOPUSER"."T_AREA" VALUES ('420822', '420800', '沙洋县');
INSERT INTO "ESHOPUSER"."T_AREA" VALUES ('420881', '420800', '钟祥市');
INSERT INTO "ESHOPUSER"."T_AREA" VALUES ('420901', '420900', '市辖区');
INSERT INTO "ESHOPUSER"."T_AREA" VALUES ('420902', '420900', '孝南区');
INSERT INTO "ESHOPUSER"."T_AREA" VALUES ('420921', '420900', '孝昌县');
INSERT INTO "ESHOPUSER"."T_AREA" VALUES ('420922', '420900', '大悟县');
INSERT INTO "ESHOPUSER"."T_AREA" VALUES ('420923', '420900', '云梦县');
INSERT INTO "ESHOPUSER"."T_AREA" VALUES ('420981', '420900', '应城市');
INSERT INTO "ESHOPUSER"."T_AREA" VALUES ('420982', '420900', '安陆市');
INSERT INTO "ESHOPUSER"."T_AREA" VALUES ('420984', '420900', '汉川市');
INSERT INTO "ESHOPUSER"."T_AREA" VALUES ('421001', '421000', '市辖区');
INSERT INTO "ESHOPUSER"."T_AREA" VALUES ('421002', '421000', '沙市区');
INSERT INTO "ESHOPUSER"."T_AREA" VALUES ('421003', '421000', '荆州区');
INSERT INTO "ESHOPUSER"."T_AREA" VALUES ('421022', '421000', '公安县');
INSERT INTO "ESHOPUSER"."T_AREA" VALUES ('421023', '421000', '监利县');
INSERT INTO "ESHOPUSER"."T_AREA" VALUES ('421024', '421000', '江陵县');
INSERT INTO "ESHOPUSER"."T_AREA" VALUES ('421081', '421000', '石首市');
INSERT INTO "ESHOPUSER"."T_AREA" VALUES ('421083', '421000', '洪湖市');
INSERT INTO "ESHOPUSER"."T_AREA" VALUES ('421087', '421000', '松滋市');
INSERT INTO "ESHOPUSER"."T_AREA" VALUES ('421101', '421100', '市辖区');
INSERT INTO "ESHOPUSER"."T_AREA" VALUES ('421102', '421100', '黄州区');
INSERT INTO "ESHOPUSER"."T_AREA" VALUES ('421121', '421100', '团风县');
INSERT INTO "ESHOPUSER"."T_AREA" VALUES ('421122', '421100', '红安县');
INSERT INTO "ESHOPUSER"."T_AREA" VALUES ('421123', '421100', '罗田县');
INSERT INTO "ESHOPUSER"."T_AREA" VALUES ('421124', '421100', '英山县');
INSERT INTO "ESHOPUSER"."T_AREA" VALUES ('421125', '421100', '浠水县');
INSERT INTO "ESHOPUSER"."T_AREA" VALUES ('421126', '421100', '蕲春县');
INSERT INTO "ESHOPUSER"."T_AREA" VALUES ('421127', '421100', '黄梅县');
INSERT INTO "ESHOPUSER"."T_AREA" VALUES ('421181', '421100', '麻城市');
INSERT INTO "ESHOPUSER"."T_AREA" VALUES ('421182', '421100', '武穴市');
INSERT INTO "ESHOPUSER"."T_AREA" VALUES ('421201', '421200', '市辖区');
INSERT INTO "ESHOPUSER"."T_AREA" VALUES ('421202', '421200', '咸安区');
INSERT INTO "ESHOPUSER"."T_AREA" VALUES ('421221', '421200', '嘉鱼县');
INSERT INTO "ESHOPUSER"."T_AREA" VALUES ('421222', '421200', '通城县');
INSERT INTO "ESHOPUSER"."T_AREA" VALUES ('421223', '421200', '崇阳县');
INSERT INTO "ESHOPUSER"."T_AREA" VALUES ('421224', '421200', '通山县');
INSERT INTO "ESHOPUSER"."T_AREA" VALUES ('421281', '421200', '赤壁市');
INSERT INTO "ESHOPUSER"."T_AREA" VALUES ('421301', '421300', '市辖区');
INSERT INTO "ESHOPUSER"."T_AREA" VALUES ('421302', '421300', '曾都区');
INSERT INTO "ESHOPUSER"."T_AREA" VALUES ('421381', '421300', '广水市');
INSERT INTO "ESHOPUSER"."T_AREA" VALUES ('422801', '422800', '恩施市');
INSERT INTO "ESHOPUSER"."T_AREA" VALUES ('422802', '422800', '利川市');
INSERT INTO "ESHOPUSER"."T_AREA" VALUES ('422822', '422800', '建始县');
INSERT INTO "ESHOPUSER"."T_AREA" VALUES ('422823', '422800', '巴东县');
INSERT INTO "ESHOPUSER"."T_AREA" VALUES ('422825', '422800', '宣恩县');
INSERT INTO "ESHOPUSER"."T_AREA" VALUES ('422826', '422800', '咸丰县');
INSERT INTO "ESHOPUSER"."T_AREA" VALUES ('422827', '422800', '来凤县');
INSERT INTO "ESHOPUSER"."T_AREA" VALUES ('422828', '422800', '鹤峰县');
INSERT INTO "ESHOPUSER"."T_AREA" VALUES ('429004', '429000', '仙桃市');
INSERT INTO "ESHOPUSER"."T_AREA" VALUES ('429005', '429000', '潜江市');
INSERT INTO "ESHOPUSER"."T_AREA" VALUES ('429006', '429000', '天门市');
INSERT INTO "ESHOPUSER"."T_AREA" VALUES ('429021', '429000', '神农架林区');
INSERT INTO "ESHOPUSER"."T_AREA" VALUES ('430101', '430100', '市辖区');
INSERT INTO "ESHOPUSER"."T_AREA" VALUES ('430102', '430100', '芙蓉区');
INSERT INTO "ESHOPUSER"."T_AREA" VALUES ('430103', '430100', '天心区');
INSERT INTO "ESHOPUSER"."T_AREA" VALUES ('430104', '430100', '岳麓区');
INSERT INTO "ESHOPUSER"."T_AREA" VALUES ('430105', '430100', '开福区');
INSERT INTO "ESHOPUSER"."T_AREA" VALUES ('430111', '430100', '雨花区');
INSERT INTO "ESHOPUSER"."T_AREA" VALUES ('430121', '430100', '长沙县');
INSERT INTO "ESHOPUSER"."T_AREA" VALUES ('430122', '430100', '望城县');
INSERT INTO "ESHOPUSER"."T_AREA" VALUES ('430124', '430100', '宁乡县');
INSERT INTO "ESHOPUSER"."T_AREA" VALUES ('430181', '430100', '浏阳市');
INSERT INTO "ESHOPUSER"."T_AREA" VALUES ('430201', '430200', '市辖区');
INSERT INTO "ESHOPUSER"."T_AREA" VALUES ('430202', '430200', '荷塘区');
INSERT INTO "ESHOPUSER"."T_AREA" VALUES ('430203', '430200', '芦淞区');
INSERT INTO "ESHOPUSER"."T_AREA" VALUES ('430204', '430200', '石峰区');
INSERT INTO "ESHOPUSER"."T_AREA" VALUES ('430211', '430200', '天元区');
INSERT INTO "ESHOPUSER"."T_AREA" VALUES ('430221', '430200', '株洲县');
INSERT INTO "ESHOPUSER"."T_AREA" VALUES ('430223', '430200', '攸　县');
INSERT INTO "ESHOPUSER"."T_AREA" VALUES ('430224', '430200', '茶陵县');
INSERT INTO "ESHOPUSER"."T_AREA" VALUES ('430225', '430200', '炎陵县');
INSERT INTO "ESHOPUSER"."T_AREA" VALUES ('430281', '430200', '醴陵市');
INSERT INTO "ESHOPUSER"."T_AREA" VALUES ('430301', '430300', '市辖区');
INSERT INTO "ESHOPUSER"."T_AREA" VALUES ('430302', '430300', '雨湖区');
INSERT INTO "ESHOPUSER"."T_AREA" VALUES ('430304', '430300', '岳塘区');
INSERT INTO "ESHOPUSER"."T_AREA" VALUES ('430321', '430300', '湘潭县');
INSERT INTO "ESHOPUSER"."T_AREA" VALUES ('430381', '430300', '湘乡市');
INSERT INTO "ESHOPUSER"."T_AREA" VALUES ('430382', '430300', '韶山市');
INSERT INTO "ESHOPUSER"."T_AREA" VALUES ('430401', '430400', '市辖区');
INSERT INTO "ESHOPUSER"."T_AREA" VALUES ('430405', '430400', '珠晖区');
INSERT INTO "ESHOPUSER"."T_AREA" VALUES ('430406', '430400', '雁峰区');
INSERT INTO "ESHOPUSER"."T_AREA" VALUES ('430407', '430400', '石鼓区');
INSERT INTO "ESHOPUSER"."T_AREA" VALUES ('430408', '430400', '蒸湘区');
INSERT INTO "ESHOPUSER"."T_AREA" VALUES ('430412', '430400', '南岳区');
INSERT INTO "ESHOPUSER"."T_AREA" VALUES ('430421', '430400', '衡阳县');
INSERT INTO "ESHOPUSER"."T_AREA" VALUES ('430422', '430400', '衡南县');
INSERT INTO "ESHOPUSER"."T_AREA" VALUES ('430423', '430400', '衡山县');
INSERT INTO "ESHOPUSER"."T_AREA" VALUES ('430424', '430400', '衡东县');
INSERT INTO "ESHOPUSER"."T_AREA" VALUES ('430426', '430400', '祁东县');
INSERT INTO "ESHOPUSER"."T_AREA" VALUES ('430481', '430400', '耒阳市');
INSERT INTO "ESHOPUSER"."T_AREA" VALUES ('430482', '430400', '常宁市');
INSERT INTO "ESHOPUSER"."T_AREA" VALUES ('430501', '430500', '市辖区');
INSERT INTO "ESHOPUSER"."T_AREA" VALUES ('430502', '430500', '双清区');
INSERT INTO "ESHOPUSER"."T_AREA" VALUES ('430503', '430500', '大祥区');
INSERT INTO "ESHOPUSER"."T_AREA" VALUES ('430511', '430500', '北塔区');
INSERT INTO "ESHOPUSER"."T_AREA" VALUES ('430521', '430500', '邵东县');
INSERT INTO "ESHOPUSER"."T_AREA" VALUES ('430522', '430500', '新邵县');
INSERT INTO "ESHOPUSER"."T_AREA" VALUES ('430523', '430500', '邵阳县');
INSERT INTO "ESHOPUSER"."T_AREA" VALUES ('430524', '430500', '隆回县');
INSERT INTO "ESHOPUSER"."T_AREA" VALUES ('430525', '430500', '洞口县');
INSERT INTO "ESHOPUSER"."T_AREA" VALUES ('430527', '430500', '绥宁县');
INSERT INTO "ESHOPUSER"."T_AREA" VALUES ('430528', '430500', '新宁县');
INSERT INTO "ESHOPUSER"."T_AREA" VALUES ('430529', '430500', '城步苗族自治县');
INSERT INTO "ESHOPUSER"."T_AREA" VALUES ('430581', '430500', '武冈市');
INSERT INTO "ESHOPUSER"."T_AREA" VALUES ('430601', '430600', '市辖区');
INSERT INTO "ESHOPUSER"."T_AREA" VALUES ('430602', '430600', '岳阳楼区');
INSERT INTO "ESHOPUSER"."T_AREA" VALUES ('430603', '430600', '云溪区');
INSERT INTO "ESHOPUSER"."T_AREA" VALUES ('430611', '430600', '君山区');
INSERT INTO "ESHOPUSER"."T_AREA" VALUES ('430621', '430600', '岳阳县');
INSERT INTO "ESHOPUSER"."T_AREA" VALUES ('430623', '430600', '华容县');
INSERT INTO "ESHOPUSER"."T_AREA" VALUES ('430624', '430600', '湘阴县');
INSERT INTO "ESHOPUSER"."T_AREA" VALUES ('430626', '430600', '平江县');
INSERT INTO "ESHOPUSER"."T_AREA" VALUES ('430681', '430600', '汨罗市');
INSERT INTO "ESHOPUSER"."T_AREA" VALUES ('430682', '430600', '临湘市');
INSERT INTO "ESHOPUSER"."T_AREA" VALUES ('430701', '430700', '市辖区');
INSERT INTO "ESHOPUSER"."T_AREA" VALUES ('430702', '430700', '武陵区');
INSERT INTO "ESHOPUSER"."T_AREA" VALUES ('430703', '430700', '鼎城区');
INSERT INTO "ESHOPUSER"."T_AREA" VALUES ('430721', '430700', '安乡县');
INSERT INTO "ESHOPUSER"."T_AREA" VALUES ('430722', '430700', '汉寿县');
INSERT INTO "ESHOPUSER"."T_AREA" VALUES ('430723', '430700', '澧　县');
INSERT INTO "ESHOPUSER"."T_AREA" VALUES ('430724', '430700', '临澧县');
INSERT INTO "ESHOPUSER"."T_AREA" VALUES ('430725', '430700', '桃源县');
INSERT INTO "ESHOPUSER"."T_AREA" VALUES ('430726', '430700', '石门县');
INSERT INTO "ESHOPUSER"."T_AREA" VALUES ('430781', '430700', '津市市');
INSERT INTO "ESHOPUSER"."T_AREA" VALUES ('430801', '430800', '市辖区');
INSERT INTO "ESHOPUSER"."T_AREA" VALUES ('430802', '430800', '永定区');
INSERT INTO "ESHOPUSER"."T_AREA" VALUES ('430811', '430800', '武陵源区');
INSERT INTO "ESHOPUSER"."T_AREA" VALUES ('430821', '430800', '慈利县');
INSERT INTO "ESHOPUSER"."T_AREA" VALUES ('430822', '430800', '桑植县');
INSERT INTO "ESHOPUSER"."T_AREA" VALUES ('430901', '430900', '市辖区');
INSERT INTO "ESHOPUSER"."T_AREA" VALUES ('430902', '430900', '资阳区');
INSERT INTO "ESHOPUSER"."T_AREA" VALUES ('430903', '430900', '赫山区');
INSERT INTO "ESHOPUSER"."T_AREA" VALUES ('430921', '430900', '南　县');
INSERT INTO "ESHOPUSER"."T_AREA" VALUES ('430922', '430900', '桃江县');
INSERT INTO "ESHOPUSER"."T_AREA" VALUES ('430923', '430900', '安化县');
INSERT INTO "ESHOPUSER"."T_AREA" VALUES ('430981', '430900', '沅江市');
INSERT INTO "ESHOPUSER"."T_AREA" VALUES ('431001', '431000', '市辖区');
INSERT INTO "ESHOPUSER"."T_AREA" VALUES ('431002', '431000', '北湖区');
INSERT INTO "ESHOPUSER"."T_AREA" VALUES ('431003', '431000', '苏仙区');
INSERT INTO "ESHOPUSER"."T_AREA" VALUES ('431021', '431000', '桂阳县');
INSERT INTO "ESHOPUSER"."T_AREA" VALUES ('431022', '431000', '宜章县');
INSERT INTO "ESHOPUSER"."T_AREA" VALUES ('431023', '431000', '永兴县');
INSERT INTO "ESHOPUSER"."T_AREA" VALUES ('431024', '431000', '嘉禾县');
INSERT INTO "ESHOPUSER"."T_AREA" VALUES ('431025', '431000', '临武县');
INSERT INTO "ESHOPUSER"."T_AREA" VALUES ('431026', '431000', '汝城县');
INSERT INTO "ESHOPUSER"."T_AREA" VALUES ('431027', '431000', '桂东县');
INSERT INTO "ESHOPUSER"."T_AREA" VALUES ('431028', '431000', '安仁县');
INSERT INTO "ESHOPUSER"."T_AREA" VALUES ('431081', '431000', '资兴市');
INSERT INTO "ESHOPUSER"."T_AREA" VALUES ('431101', '431100', '市辖区');
INSERT INTO "ESHOPUSER"."T_AREA" VALUES ('431102', '431100', '芝山区');
INSERT INTO "ESHOPUSER"."T_AREA" VALUES ('431103', '431100', '冷水滩区');
INSERT INTO "ESHOPUSER"."T_AREA" VALUES ('431121', '431100', '祁阳县');
INSERT INTO "ESHOPUSER"."T_AREA" VALUES ('431122', '431100', '东安县');
INSERT INTO "ESHOPUSER"."T_AREA" VALUES ('431123', '431100', '双牌县');
INSERT INTO "ESHOPUSER"."T_AREA" VALUES ('431124', '431100', '道　县');
INSERT INTO "ESHOPUSER"."T_AREA" VALUES ('431125', '431100', '江永县');
INSERT INTO "ESHOPUSER"."T_AREA" VALUES ('431126', '431100', '宁远县');
INSERT INTO "ESHOPUSER"."T_AREA" VALUES ('431127', '431100', '蓝山县');
INSERT INTO "ESHOPUSER"."T_AREA" VALUES ('431128', '431100', '新田县');
INSERT INTO "ESHOPUSER"."T_AREA" VALUES ('431129', '431100', '江华瑶族自治县');
INSERT INTO "ESHOPUSER"."T_AREA" VALUES ('431201', '431200', '市辖区');
INSERT INTO "ESHOPUSER"."T_AREA" VALUES ('431202', '431200', '鹤城区');
INSERT INTO "ESHOPUSER"."T_AREA" VALUES ('431221', '431200', '中方县');
INSERT INTO "ESHOPUSER"."T_AREA" VALUES ('431222', '431200', '沅陵县');
INSERT INTO "ESHOPUSER"."T_AREA" VALUES ('431223', '431200', '辰溪县');
INSERT INTO "ESHOPUSER"."T_AREA" VALUES ('431224', '431200', '溆浦县');
INSERT INTO "ESHOPUSER"."T_AREA" VALUES ('431225', '431200', '会同县');
INSERT INTO "ESHOPUSER"."T_AREA" VALUES ('431226', '431200', '麻阳苗族自治县');
INSERT INTO "ESHOPUSER"."T_AREA" VALUES ('431227', '431200', '新晃侗族自治县');
INSERT INTO "ESHOPUSER"."T_AREA" VALUES ('431228', '431200', '芷江侗族自治县');
INSERT INTO "ESHOPUSER"."T_AREA" VALUES ('431229', '431200', '靖州苗族侗族自治县');
INSERT INTO "ESHOPUSER"."T_AREA" VALUES ('431230', '431200', '通道侗族自治县');
INSERT INTO "ESHOPUSER"."T_AREA" VALUES ('431281', '431200', '洪江市');
INSERT INTO "ESHOPUSER"."T_AREA" VALUES ('431301', '431300', '市辖区');
INSERT INTO "ESHOPUSER"."T_AREA" VALUES ('431302', '431300', '娄星区');
INSERT INTO "ESHOPUSER"."T_AREA" VALUES ('431321', '431300', '双峰县');
INSERT INTO "ESHOPUSER"."T_AREA" VALUES ('431322', '431300', '新化县');
INSERT INTO "ESHOPUSER"."T_AREA" VALUES ('431381', '431300', '冷水江市');
INSERT INTO "ESHOPUSER"."T_AREA" VALUES ('431382', '431300', '涟源市');
INSERT INTO "ESHOPUSER"."T_AREA" VALUES ('433101', '433100', '吉首市');
INSERT INTO "ESHOPUSER"."T_AREA" VALUES ('433122', '433100', '泸溪县');
INSERT INTO "ESHOPUSER"."T_AREA" VALUES ('433123', '433100', '凤凰县');
INSERT INTO "ESHOPUSER"."T_AREA" VALUES ('433124', '433100', '花垣县');
INSERT INTO "ESHOPUSER"."T_AREA" VALUES ('433125', '433100', '保靖县');
INSERT INTO "ESHOPUSER"."T_AREA" VALUES ('433126', '433100', '古丈县');
INSERT INTO "ESHOPUSER"."T_AREA" VALUES ('433127', '433100', '永顺县');
INSERT INTO "ESHOPUSER"."T_AREA" VALUES ('433130', '433100', '龙山县');
INSERT INTO "ESHOPUSER"."T_AREA" VALUES ('440101', '440100', '市辖区');
INSERT INTO "ESHOPUSER"."T_AREA" VALUES ('440102', '440100', '东山区');
INSERT INTO "ESHOPUSER"."T_AREA" VALUES ('440103', '440100', '荔湾区');
INSERT INTO "ESHOPUSER"."T_AREA" VALUES ('440104', '440100', '越秀区');
INSERT INTO "ESHOPUSER"."T_AREA" VALUES ('440105', '440100', '海珠区');
INSERT INTO "ESHOPUSER"."T_AREA" VALUES ('440106', '440100', '天河区');
INSERT INTO "ESHOPUSER"."T_AREA" VALUES ('440107', '440100', '芳村区');
INSERT INTO "ESHOPUSER"."T_AREA" VALUES ('440111', '440100', '白云区');
INSERT INTO "ESHOPUSER"."T_AREA" VALUES ('440112', '440100', '黄埔区');
INSERT INTO "ESHOPUSER"."T_AREA" VALUES ('440113', '440100', '番禺区');
INSERT INTO "ESHOPUSER"."T_AREA" VALUES ('440114', '440100', '花都区');
INSERT INTO "ESHOPUSER"."T_AREA" VALUES ('440183', '440100', '增城市');
INSERT INTO "ESHOPUSER"."T_AREA" VALUES ('440184', '440100', '从化市');
INSERT INTO "ESHOPUSER"."T_AREA" VALUES ('440201', '440200', '市辖区');
INSERT INTO "ESHOPUSER"."T_AREA" VALUES ('440203', '440200', '武江区');
INSERT INTO "ESHOPUSER"."T_AREA" VALUES ('440204', '440200', '浈江区');
INSERT INTO "ESHOPUSER"."T_AREA" VALUES ('440205', '440200', '曲江区');
INSERT INTO "ESHOPUSER"."T_AREA" VALUES ('440222', '440200', '始兴县');
INSERT INTO "ESHOPUSER"."T_AREA" VALUES ('440224', '440200', '仁化县');
INSERT INTO "ESHOPUSER"."T_AREA" VALUES ('440229', '440200', '翁源县');
INSERT INTO "ESHOPUSER"."T_AREA" VALUES ('440232', '440200', '乳源瑶族自治县');
INSERT INTO "ESHOPUSER"."T_AREA" VALUES ('440233', '440200', '新丰县');
INSERT INTO "ESHOPUSER"."T_AREA" VALUES ('440281', '440200', '乐昌市');
INSERT INTO "ESHOPUSER"."T_AREA" VALUES ('440282', '440200', '南雄市');
INSERT INTO "ESHOPUSER"."T_AREA" VALUES ('440301', '440300', '市辖区');
INSERT INTO "ESHOPUSER"."T_AREA" VALUES ('440303', '440300', '罗湖区');
INSERT INTO "ESHOPUSER"."T_AREA" VALUES ('440304', '440300', '福田区');
INSERT INTO "ESHOPUSER"."T_AREA" VALUES ('440305', '440300', '南山区');
INSERT INTO "ESHOPUSER"."T_AREA" VALUES ('440306', '440300', '宝安区');
INSERT INTO "ESHOPUSER"."T_AREA" VALUES ('440307', '440300', '龙岗区');
INSERT INTO "ESHOPUSER"."T_AREA" VALUES ('440308', '440300', '盐田区');
INSERT INTO "ESHOPUSER"."T_AREA" VALUES ('440401', '440400', '市辖区');
INSERT INTO "ESHOPUSER"."T_AREA" VALUES ('440402', '440400', '香洲区');
INSERT INTO "ESHOPUSER"."T_AREA" VALUES ('440403', '440400', '斗门区');
INSERT INTO "ESHOPUSER"."T_AREA" VALUES ('440404', '440400', '金湾区');
INSERT INTO "ESHOPUSER"."T_AREA" VALUES ('440501', '440500', '市辖区');
INSERT INTO "ESHOPUSER"."T_AREA" VALUES ('620825', '620800', '庄浪县');
INSERT INTO "ESHOPUSER"."T_AREA" VALUES ('620826', '620800', '静宁县');
INSERT INTO "ESHOPUSER"."T_AREA" VALUES ('620901', '620900', '市辖区');
INSERT INTO "ESHOPUSER"."T_AREA" VALUES ('620902', '620900', '肃州区');
INSERT INTO "ESHOPUSER"."T_AREA" VALUES ('620921', '620900', '金塔县');
INSERT INTO "ESHOPUSER"."T_AREA" VALUES ('620922', '620900', '安西县');
INSERT INTO "ESHOPUSER"."T_AREA" VALUES ('620923', '620900', '肃北蒙古族自治县');
INSERT INTO "ESHOPUSER"."T_AREA" VALUES ('620924', '620900', '阿克塞哈萨克族自治县');
INSERT INTO "ESHOPUSER"."T_AREA" VALUES ('620981', '620900', '玉门市');
INSERT INTO "ESHOPUSER"."T_AREA" VALUES ('620982', '620900', '敦煌市');
INSERT INTO "ESHOPUSER"."T_AREA" VALUES ('621001', '621000', '市辖区');
INSERT INTO "ESHOPUSER"."T_AREA" VALUES ('621002', '621000', '西峰区');
INSERT INTO "ESHOPUSER"."T_AREA" VALUES ('621021', '621000', '庆城县');
INSERT INTO "ESHOPUSER"."T_AREA" VALUES ('621022', '621000', '环　县');
INSERT INTO "ESHOPUSER"."T_AREA" VALUES ('621023', '621000', '华池县');
INSERT INTO "ESHOPUSER"."T_AREA" VALUES ('621024', '621000', '合水县');
INSERT INTO "ESHOPUSER"."T_AREA" VALUES ('621025', '621000', '正宁县');
INSERT INTO "ESHOPUSER"."T_AREA" VALUES ('621026', '621000', '宁　县');
INSERT INTO "ESHOPUSER"."T_AREA" VALUES ('621027', '621000', '镇原县');
INSERT INTO "ESHOPUSER"."T_AREA" VALUES ('621101', '621100', '市辖区');
INSERT INTO "ESHOPUSER"."T_AREA" VALUES ('621102', '621100', '安定区');
INSERT INTO "ESHOPUSER"."T_AREA" VALUES ('621121', '621100', '通渭县');
INSERT INTO "ESHOPUSER"."T_AREA" VALUES ('621122', '621100', '陇西县');
INSERT INTO "ESHOPUSER"."T_AREA" VALUES ('621123', '621100', '渭源县');
INSERT INTO "ESHOPUSER"."T_AREA" VALUES ('621124', '621100', '临洮县');
INSERT INTO "ESHOPUSER"."T_AREA" VALUES ('621125', '621100', '漳　县');
INSERT INTO "ESHOPUSER"."T_AREA" VALUES ('621126', '621100', '岷　县');
INSERT INTO "ESHOPUSER"."T_AREA" VALUES ('621201', '621200', '市辖区');
INSERT INTO "ESHOPUSER"."T_AREA" VALUES ('621202', '621200', '武都区');
INSERT INTO "ESHOPUSER"."T_AREA" VALUES ('621221', '621200', '成　县');
INSERT INTO "ESHOPUSER"."T_AREA" VALUES ('621222', '621200', '文　县');
INSERT INTO "ESHOPUSER"."T_AREA" VALUES ('621223', '621200', '宕昌县');
INSERT INTO "ESHOPUSER"."T_AREA" VALUES ('621224', '621200', '康　县');
INSERT INTO "ESHOPUSER"."T_AREA" VALUES ('621225', '621200', '西和县');
INSERT INTO "ESHOPUSER"."T_AREA" VALUES ('621226', '621200', '礼　县');
INSERT INTO "ESHOPUSER"."T_AREA" VALUES ('621227', '621200', '徽　县');
INSERT INTO "ESHOPUSER"."T_AREA" VALUES ('621228', '621200', '两当县');
INSERT INTO "ESHOPUSER"."T_AREA" VALUES ('622901', '622900', '临夏市');
INSERT INTO "ESHOPUSER"."T_AREA" VALUES ('622921', '622900', '临夏县');
INSERT INTO "ESHOPUSER"."T_AREA" VALUES ('622922', '622900', '康乐县');
INSERT INTO "ESHOPUSER"."T_AREA" VALUES ('622923', '622900', '永靖县');
INSERT INTO "ESHOPUSER"."T_AREA" VALUES ('622924', '622900', '广河县');
INSERT INTO "ESHOPUSER"."T_AREA" VALUES ('622925', '622900', '和政县');
INSERT INTO "ESHOPUSER"."T_AREA" VALUES ('622926', '622900', '东乡族自治县');
INSERT INTO "ESHOPUSER"."T_AREA" VALUES ('622927', '622900', '积石山保安族东乡族撒拉族自治县');
INSERT INTO "ESHOPUSER"."T_AREA" VALUES ('623001', '623000', '合作市');
INSERT INTO "ESHOPUSER"."T_AREA" VALUES ('623021', '623000', '临潭县');
INSERT INTO "ESHOPUSER"."T_AREA" VALUES ('623022', '623000', '卓尼县');
INSERT INTO "ESHOPUSER"."T_AREA" VALUES ('623023', '623000', '舟曲县');
INSERT INTO "ESHOPUSER"."T_AREA" VALUES ('623024', '623000', '迭部县');
INSERT INTO "ESHOPUSER"."T_AREA" VALUES ('623025', '623000', '玛曲县');
INSERT INTO "ESHOPUSER"."T_AREA" VALUES ('623026', '623000', '碌曲县');
INSERT INTO "ESHOPUSER"."T_AREA" VALUES ('623027', '623000', '夏河县');
INSERT INTO "ESHOPUSER"."T_AREA" VALUES ('630101', '630100', '市辖区');
INSERT INTO "ESHOPUSER"."T_AREA" VALUES ('630102', '630100', '城东区');
INSERT INTO "ESHOPUSER"."T_AREA" VALUES ('630103', '630100', '城中区');
INSERT INTO "ESHOPUSER"."T_AREA" VALUES ('630104', '630100', '城西区');
INSERT INTO "ESHOPUSER"."T_AREA" VALUES ('630105', '630100', '城北区');
INSERT INTO "ESHOPUSER"."T_AREA" VALUES ('630121', '630100', '大通回族土族自治县');
INSERT INTO "ESHOPUSER"."T_AREA" VALUES ('630122', '630100', '湟中县');
INSERT INTO "ESHOPUSER"."T_AREA" VALUES ('630123', '630100', '湟源县');
INSERT INTO "ESHOPUSER"."T_AREA" VALUES ('632121', '632100', '平安县');
INSERT INTO "ESHOPUSER"."T_AREA" VALUES ('632122', '632100', '民和回族土族自治县');
INSERT INTO "ESHOPUSER"."T_AREA" VALUES ('632123', '632100', '乐都县');
INSERT INTO "ESHOPUSER"."T_AREA" VALUES ('632126', '632100', '互助土族自治县');
INSERT INTO "ESHOPUSER"."T_AREA" VALUES ('632127', '632100', '化隆回族自治县');
INSERT INTO "ESHOPUSER"."T_AREA" VALUES ('632128', '632100', '循化撒拉族自治县');
INSERT INTO "ESHOPUSER"."T_AREA" VALUES ('632221', '632200', '门源回族自治县');
INSERT INTO "ESHOPUSER"."T_AREA" VALUES ('632222', '632200', '祁连县');
INSERT INTO "ESHOPUSER"."T_AREA" VALUES ('632223', '632200', '海晏县');
INSERT INTO "ESHOPUSER"."T_AREA" VALUES ('632224', '632200', '刚察县');
INSERT INTO "ESHOPUSER"."T_AREA" VALUES ('632321', '632300', '同仁县');
INSERT INTO "ESHOPUSER"."T_AREA" VALUES ('632322', '632300', '尖扎县');
INSERT INTO "ESHOPUSER"."T_AREA" VALUES ('632323', '632300', '泽库县');
INSERT INTO "ESHOPUSER"."T_AREA" VALUES ('632324', '632300', '河南蒙古族自治县');
INSERT INTO "ESHOPUSER"."T_AREA" VALUES ('632521', '632500', '共和县');
INSERT INTO "ESHOPUSER"."T_AREA" VALUES ('632522', '632500', '同德县');
INSERT INTO "ESHOPUSER"."T_AREA" VALUES ('632523', '632500', '贵德县');
INSERT INTO "ESHOPUSER"."T_AREA" VALUES ('632524', '632500', '兴海县');
INSERT INTO "ESHOPUSER"."T_AREA" VALUES ('632525', '632500', '贵南县');
INSERT INTO "ESHOPUSER"."T_AREA" VALUES ('632621', '632600', '玛沁县');
INSERT INTO "ESHOPUSER"."T_AREA" VALUES ('632622', '632600', '班玛县');
INSERT INTO "ESHOPUSER"."T_AREA" VALUES ('632623', '632600', '甘德县');
INSERT INTO "ESHOPUSER"."T_AREA" VALUES ('632624', '632600', '达日县');
INSERT INTO "ESHOPUSER"."T_AREA" VALUES ('632625', '632600', '久治县');
INSERT INTO "ESHOPUSER"."T_AREA" VALUES ('632626', '632600', '玛多县');
INSERT INTO "ESHOPUSER"."T_AREA" VALUES ('632721', '632700', '玉树县');
INSERT INTO "ESHOPUSER"."T_AREA" VALUES ('632722', '632700', '杂多县');
INSERT INTO "ESHOPUSER"."T_AREA" VALUES ('632723', '632700', '称多县');
INSERT INTO "ESHOPUSER"."T_AREA" VALUES ('632724', '632700', '治多县');
INSERT INTO "ESHOPUSER"."T_AREA" VALUES ('632725', '632700', '囊谦县');
INSERT INTO "ESHOPUSER"."T_AREA" VALUES ('632726', '632700', '曲麻莱县');
INSERT INTO "ESHOPUSER"."T_AREA" VALUES ('632801', '632800', '格尔木市');
INSERT INTO "ESHOPUSER"."T_AREA" VALUES ('632802', '632800', '德令哈市');
INSERT INTO "ESHOPUSER"."T_AREA" VALUES ('632821', '632800', '乌兰县');
INSERT INTO "ESHOPUSER"."T_AREA" VALUES ('632822', '632800', '都兰县');
INSERT INTO "ESHOPUSER"."T_AREA" VALUES ('632823', '632800', '天峻县');
INSERT INTO "ESHOPUSER"."T_AREA" VALUES ('640101', '640100', '市辖区');
INSERT INTO "ESHOPUSER"."T_AREA" VALUES ('640104', '640100', '兴庆区');
INSERT INTO "ESHOPUSER"."T_AREA" VALUES ('640105', '640100', '西夏区');
INSERT INTO "ESHOPUSER"."T_AREA" VALUES ('640106', '640100', '金凤区');
INSERT INTO "ESHOPUSER"."T_AREA" VALUES ('640121', '640100', '永宁县');
INSERT INTO "ESHOPUSER"."T_AREA" VALUES ('640122', '640100', '贺兰县');
INSERT INTO "ESHOPUSER"."T_AREA" VALUES ('640181', '640100', '灵武市');
INSERT INTO "ESHOPUSER"."T_AREA" VALUES ('640201', '640200', '市辖区');
INSERT INTO "ESHOPUSER"."T_AREA" VALUES ('640202', '640200', '大武口区');
INSERT INTO "ESHOPUSER"."T_AREA" VALUES ('640205', '640200', '惠农区');
INSERT INTO "ESHOPUSER"."T_AREA" VALUES ('640221', '640200', '平罗县');
INSERT INTO "ESHOPUSER"."T_AREA" VALUES ('640301', '640300', '市辖区');
INSERT INTO "ESHOPUSER"."T_AREA" VALUES ('640302', '640300', '利通区');
INSERT INTO "ESHOPUSER"."T_AREA" VALUES ('640323', '640300', '盐池县');
INSERT INTO "ESHOPUSER"."T_AREA" VALUES ('640324', '640300', '同心县');
INSERT INTO "ESHOPUSER"."T_AREA" VALUES ('640381', '640300', '青铜峡市');
INSERT INTO "ESHOPUSER"."T_AREA" VALUES ('640401', '640400', '市辖区');
INSERT INTO "ESHOPUSER"."T_AREA" VALUES ('640402', '640400', '原州区');
INSERT INTO "ESHOPUSER"."T_AREA" VALUES ('640422', '640400', '西吉县');
INSERT INTO "ESHOPUSER"."T_AREA" VALUES ('640423', '640400', '隆德县');
INSERT INTO "ESHOPUSER"."T_AREA" VALUES ('640424', '640400', '泾源县');
INSERT INTO "ESHOPUSER"."T_AREA" VALUES ('640425', '640400', '彭阳县');
INSERT INTO "ESHOPUSER"."T_AREA" VALUES ('640501', '640500', '市辖区');
INSERT INTO "ESHOPUSER"."T_AREA" VALUES ('640502', '640500', '沙坡头区');
INSERT INTO "ESHOPUSER"."T_AREA" VALUES ('640521', '640500', '中宁县');
INSERT INTO "ESHOPUSER"."T_AREA" VALUES ('640522', '640400', '海原县');
INSERT INTO "ESHOPUSER"."T_AREA" VALUES ('650101', '650100', '市辖区');
INSERT INTO "ESHOPUSER"."T_AREA" VALUES ('650102', '650100', '天山区');
INSERT INTO "ESHOPUSER"."T_AREA" VALUES ('650103', '650100', '沙依巴克区');
INSERT INTO "ESHOPUSER"."T_AREA" VALUES ('650104', '650100', '新市区');
INSERT INTO "ESHOPUSER"."T_AREA" VALUES ('650105', '650100', '水磨沟区');
INSERT INTO "ESHOPUSER"."T_AREA" VALUES ('650106', '650100', '头屯河区');
INSERT INTO "ESHOPUSER"."T_AREA" VALUES ('650107', '650100', '达坂城区');
INSERT INTO "ESHOPUSER"."T_AREA" VALUES ('650108', '650100', '东山区');
INSERT INTO "ESHOPUSER"."T_AREA" VALUES ('650121', '650100', '乌鲁木齐县');
INSERT INTO "ESHOPUSER"."T_AREA" VALUES ('650201', '650200', '市辖区');
INSERT INTO "ESHOPUSER"."T_AREA" VALUES ('650202', '650200', '独山子区');
INSERT INTO "ESHOPUSER"."T_AREA" VALUES ('650203', '650200', '克拉玛依区');
INSERT INTO "ESHOPUSER"."T_AREA" VALUES ('650204', '650200', '白碱滩区');
INSERT INTO "ESHOPUSER"."T_AREA" VALUES ('650205', '650200', '乌尔禾区');
INSERT INTO "ESHOPUSER"."T_AREA" VALUES ('652101', '652100', '吐鲁番市');
INSERT INTO "ESHOPUSER"."T_AREA" VALUES ('652122', '652100', '鄯善县');
INSERT INTO "ESHOPUSER"."T_AREA" VALUES ('652123', '652100', '托克逊县');
INSERT INTO "ESHOPUSER"."T_AREA" VALUES ('652201', '652200', '哈密市');
INSERT INTO "ESHOPUSER"."T_AREA" VALUES ('652222', '652200', '巴里坤哈萨克自治县');
INSERT INTO "ESHOPUSER"."T_AREA" VALUES ('652223', '652200', '伊吾县');
INSERT INTO "ESHOPUSER"."T_AREA" VALUES ('652301', '652300', '昌吉市');
INSERT INTO "ESHOPUSER"."T_AREA" VALUES ('652302', '652300', '阜康市');
INSERT INTO "ESHOPUSER"."T_AREA" VALUES ('652303', '652300', '米泉市');
INSERT INTO "ESHOPUSER"."T_AREA" VALUES ('652323', '652300', '呼图壁县');
INSERT INTO "ESHOPUSER"."T_AREA" VALUES ('652324', '652300', '玛纳斯县');
INSERT INTO "ESHOPUSER"."T_AREA" VALUES ('652325', '652300', '奇台县');
INSERT INTO "ESHOPUSER"."T_AREA" VALUES ('652327', '652300', '吉木萨尔县');
INSERT INTO "ESHOPUSER"."T_AREA" VALUES ('652328', '652300', '木垒哈萨克自治县');
INSERT INTO "ESHOPUSER"."T_AREA" VALUES ('652701', '652700', '博乐市');
INSERT INTO "ESHOPUSER"."T_AREA" VALUES ('652722', '652700', '精河县');
INSERT INTO "ESHOPUSER"."T_AREA" VALUES ('652723', '652700', '温泉县');
INSERT INTO "ESHOPUSER"."T_AREA" VALUES ('652801', '652800', '库尔勒市');
INSERT INTO "ESHOPUSER"."T_AREA" VALUES ('652822', '652800', '轮台县');
INSERT INTO "ESHOPUSER"."T_AREA" VALUES ('652823', '652800', '尉犁县');
INSERT INTO "ESHOPUSER"."T_AREA" VALUES ('652824', '652800', '若羌县');
INSERT INTO "ESHOPUSER"."T_AREA" VALUES ('652825', '652800', '且末县');
INSERT INTO "ESHOPUSER"."T_AREA" VALUES ('652826', '652800', '焉耆回族自治县');
INSERT INTO "ESHOPUSER"."T_AREA" VALUES ('652827', '652800', '和静县');
INSERT INTO "ESHOPUSER"."T_AREA" VALUES ('652828', '652800', '和硕县');
INSERT INTO "ESHOPUSER"."T_AREA" VALUES ('652829', '652800', '博湖县');
INSERT INTO "ESHOPUSER"."T_AREA" VALUES ('652901', '652900', '阿克苏市');
INSERT INTO "ESHOPUSER"."T_AREA" VALUES ('652922', '652900', '温宿县');
INSERT INTO "ESHOPUSER"."T_AREA" VALUES ('652923', '652900', '库车县');
INSERT INTO "ESHOPUSER"."T_AREA" VALUES ('652924', '652900', '沙雅县');
INSERT INTO "ESHOPUSER"."T_AREA" VALUES ('652925', '652900', '新和县');
INSERT INTO "ESHOPUSER"."T_AREA" VALUES ('652926', '652900', '拜城县');
INSERT INTO "ESHOPUSER"."T_AREA" VALUES ('652927', '652900', '乌什县');
INSERT INTO "ESHOPUSER"."T_AREA" VALUES ('652928', '652900', '阿瓦提县');
INSERT INTO "ESHOPUSER"."T_AREA" VALUES ('652929', '652900', '柯坪县');
INSERT INTO "ESHOPUSER"."T_AREA" VALUES ('653001', '653000', '阿图什市');
INSERT INTO "ESHOPUSER"."T_AREA" VALUES ('653022', '653000', '阿克陶县');
INSERT INTO "ESHOPUSER"."T_AREA" VALUES ('653023', '653000', '阿合奇县');
INSERT INTO "ESHOPUSER"."T_AREA" VALUES ('653024', '653000', '乌恰县');
INSERT INTO "ESHOPUSER"."T_AREA" VALUES ('653101', '653100', '喀什市');
INSERT INTO "ESHOPUSER"."T_AREA" VALUES ('653121', '653100', '疏附县');
INSERT INTO "ESHOPUSER"."T_AREA" VALUES ('653122', '653100', '疏勒县');
INSERT INTO "ESHOPUSER"."T_AREA" VALUES ('653123', '653100', '英吉沙县');
INSERT INTO "ESHOPUSER"."T_AREA" VALUES ('653124', '653100', '泽普县');
INSERT INTO "ESHOPUSER"."T_AREA" VALUES ('653125', '653100', '莎车县');
INSERT INTO "ESHOPUSER"."T_AREA" VALUES ('653126', '653100', '叶城县');
INSERT INTO "ESHOPUSER"."T_AREA" VALUES ('653127', '653100', '麦盖提县');
INSERT INTO "ESHOPUSER"."T_AREA" VALUES ('653128', '653100', '岳普湖县');
INSERT INTO "ESHOPUSER"."T_AREA" VALUES ('653129', '653100', '伽师县');
INSERT INTO "ESHOPUSER"."T_AREA" VALUES ('653130', '653100', '巴楚县');
INSERT INTO "ESHOPUSER"."T_AREA" VALUES ('653131', '653100', '塔什库尔干塔吉克自治县');
INSERT INTO "ESHOPUSER"."T_AREA" VALUES ('653201', '653200', '和田市');
INSERT INTO "ESHOPUSER"."T_AREA" VALUES ('653221', '653200', '和田县');
INSERT INTO "ESHOPUSER"."T_AREA" VALUES ('653222', '653200', '墨玉县');
INSERT INTO "ESHOPUSER"."T_AREA" VALUES ('653223', '653200', '皮山县');
INSERT INTO "ESHOPUSER"."T_AREA" VALUES ('653224', '653200', '洛浦县');
INSERT INTO "ESHOPUSER"."T_AREA" VALUES ('653225', '653200', '策勒县');
INSERT INTO "ESHOPUSER"."T_AREA" VALUES ('653226', '653200', '于田县');
INSERT INTO "ESHOPUSER"."T_AREA" VALUES ('653227', '653200', '民丰县');
INSERT INTO "ESHOPUSER"."T_AREA" VALUES ('654002', '654000', '伊宁市');
INSERT INTO "ESHOPUSER"."T_AREA" VALUES ('654003', '654000', '奎屯市');
INSERT INTO "ESHOPUSER"."T_AREA" VALUES ('654021', '654000', '伊宁县');
INSERT INTO "ESHOPUSER"."T_AREA" VALUES ('654022', '654000', '察布查尔锡伯自治县');
INSERT INTO "ESHOPUSER"."T_AREA" VALUES ('654023', '654000', '霍城县');
INSERT INTO "ESHOPUSER"."T_AREA" VALUES ('654024', '654000', '巩留县');
INSERT INTO "ESHOPUSER"."T_AREA" VALUES ('654025', '654000', '新源县');
INSERT INTO "ESHOPUSER"."T_AREA" VALUES ('654026', '654000', '昭苏县');
INSERT INTO "ESHOPUSER"."T_AREA" VALUES ('654027', '654000', '特克斯县');
INSERT INTO "ESHOPUSER"."T_AREA" VALUES ('654028', '654000', '尼勒克县');
INSERT INTO "ESHOPUSER"."T_AREA" VALUES ('654201', '654200', '塔城市');
INSERT INTO "ESHOPUSER"."T_AREA" VALUES ('654202', '654200', '乌苏市');
INSERT INTO "ESHOPUSER"."T_AREA" VALUES ('654221', '654200', '额敏县');
INSERT INTO "ESHOPUSER"."T_AREA" VALUES ('654223', '654200', '沙湾县');
INSERT INTO "ESHOPUSER"."T_AREA" VALUES ('654224', '654200', '托里县');
INSERT INTO "ESHOPUSER"."T_AREA" VALUES ('654225', '654200', '裕民县');
INSERT INTO "ESHOPUSER"."T_AREA" VALUES ('654226', '654200', '和布克赛尔蒙古自治县');
INSERT INTO "ESHOPUSER"."T_AREA" VALUES ('654301', '654300', '阿勒泰市');
INSERT INTO "ESHOPUSER"."T_AREA" VALUES ('654321', '654300', '布尔津县');
INSERT INTO "ESHOPUSER"."T_AREA" VALUES ('654322', '654300', '富蕴县');
INSERT INTO "ESHOPUSER"."T_AREA" VALUES ('654323', '654300', '福海县');
INSERT INTO "ESHOPUSER"."T_AREA" VALUES ('654324', '654300', '哈巴河县');
INSERT INTO "ESHOPUSER"."T_AREA" VALUES ('654325', '654300', '青河县');
INSERT INTO "ESHOPUSER"."T_AREA" VALUES ('654326', '654300', '吉木乃县');
INSERT INTO "ESHOPUSER"."T_AREA" VALUES ('659001', '659000', '石河子市');
INSERT INTO "ESHOPUSER"."T_AREA" VALUES ('659002', '659000', '阿拉尔市');
INSERT INTO "ESHOPUSER"."T_AREA" VALUES ('659003', '659000', '图木舒克市');
INSERT INTO "ESHOPUSER"."T_AREA" VALUES ('659004', '659000', '五家渠市');
INSERT INTO "ESHOPUSER"."T_AREA" VALUES ('440507', '440500', '龙湖区');
INSERT INTO "ESHOPUSER"."T_AREA" VALUES ('440511', '440500', '金平区');
INSERT INTO "ESHOPUSER"."T_AREA" VALUES ('440512', '440500', '濠江区');
INSERT INTO "ESHOPUSER"."T_AREA" VALUES ('440513', '440500', '潮阳区');
INSERT INTO "ESHOPUSER"."T_AREA" VALUES ('440514', '440500', '潮南区');
INSERT INTO "ESHOPUSER"."T_AREA" VALUES ('440515', '440500', '澄海区');
INSERT INTO "ESHOPUSER"."T_AREA" VALUES ('440523', '440500', '南澳县');
INSERT INTO "ESHOPUSER"."T_AREA" VALUES ('440601', '440600', '市辖区');
INSERT INTO "ESHOPUSER"."T_AREA" VALUES ('440604', '440600', '禅城区');
INSERT INTO "ESHOPUSER"."T_AREA" VALUES ('440605', '440600', '南海区');
INSERT INTO "ESHOPUSER"."T_AREA" VALUES ('440606', '440600', '顺德区');
INSERT INTO "ESHOPUSER"."T_AREA" VALUES ('440607', '440600', '三水区');
INSERT INTO "ESHOPUSER"."T_AREA" VALUES ('440608', '440600', '高明区');
INSERT INTO "ESHOPUSER"."T_AREA" VALUES ('440701', '440700', '市辖区');
INSERT INTO "ESHOPUSER"."T_AREA" VALUES ('440703', '440700', '蓬江区');
INSERT INTO "ESHOPUSER"."T_AREA" VALUES ('440704', '440700', '江海区');
INSERT INTO "ESHOPUSER"."T_AREA" VALUES ('440705', '440700', '新会区');
INSERT INTO "ESHOPUSER"."T_AREA" VALUES ('440781', '440700', '台山市');
INSERT INTO "ESHOPUSER"."T_AREA" VALUES ('440783', '440700', '开平市');
INSERT INTO "ESHOPUSER"."T_AREA" VALUES ('440784', '440700', '鹤山市');
INSERT INTO "ESHOPUSER"."T_AREA" VALUES ('440785', '440700', '恩平市');
INSERT INTO "ESHOPUSER"."T_AREA" VALUES ('440801', '440800', '市辖区');
INSERT INTO "ESHOPUSER"."T_AREA" VALUES ('440802', '440800', '赤坎区');
INSERT INTO "ESHOPUSER"."T_AREA" VALUES ('440803', '440800', '霞山区');
INSERT INTO "ESHOPUSER"."T_AREA" VALUES ('440804', '440800', '坡头区');
INSERT INTO "ESHOPUSER"."T_AREA" VALUES ('440811', '440800', '麻章区');
INSERT INTO "ESHOPUSER"."T_AREA" VALUES ('440823', '440800', '遂溪县');
INSERT INTO "ESHOPUSER"."T_AREA" VALUES ('440825', '440800', '徐闻县');
INSERT INTO "ESHOPUSER"."T_AREA" VALUES ('440881', '440800', '廉江市');
INSERT INTO "ESHOPUSER"."T_AREA" VALUES ('440882', '440800', '雷州市');
INSERT INTO "ESHOPUSER"."T_AREA" VALUES ('440883', '440800', '吴川市');
INSERT INTO "ESHOPUSER"."T_AREA" VALUES ('440901', '440900', '市辖区');
INSERT INTO "ESHOPUSER"."T_AREA" VALUES ('440902', '440900', '茂南区');
INSERT INTO "ESHOPUSER"."T_AREA" VALUES ('440903', '440900', '茂港区');
INSERT INTO "ESHOPUSER"."T_AREA" VALUES ('440923', '440900', '电白县');
INSERT INTO "ESHOPUSER"."T_AREA" VALUES ('440981', '440900', '高州市');
INSERT INTO "ESHOPUSER"."T_AREA" VALUES ('440982', '440900', '化州市');
INSERT INTO "ESHOPUSER"."T_AREA" VALUES ('440983', '440900', '信宜市');
INSERT INTO "ESHOPUSER"."T_AREA" VALUES ('441201', '441200', '市辖区');
INSERT INTO "ESHOPUSER"."T_AREA" VALUES ('441202', '441200', '端州区');
INSERT INTO "ESHOPUSER"."T_AREA" VALUES ('441203', '441200', '鼎湖区');
INSERT INTO "ESHOPUSER"."T_AREA" VALUES ('441223', '441200', '广宁县');
INSERT INTO "ESHOPUSER"."T_AREA" VALUES ('441224', '441200', '怀集县');
INSERT INTO "ESHOPUSER"."T_AREA" VALUES ('441225', '441200', '封开县');
INSERT INTO "ESHOPUSER"."T_AREA" VALUES ('441226', '441200', '德庆县');
INSERT INTO "ESHOPUSER"."T_AREA" VALUES ('441283', '441200', '高要市');
INSERT INTO "ESHOPUSER"."T_AREA" VALUES ('441284', '441200', '四会市');
INSERT INTO "ESHOPUSER"."T_AREA" VALUES ('441301', '441300', '市辖区');
INSERT INTO "ESHOPUSER"."T_AREA" VALUES ('441302', '441300', '惠城区');
INSERT INTO "ESHOPUSER"."T_AREA" VALUES ('441303', '441300', '惠阳区');
INSERT INTO "ESHOPUSER"."T_AREA" VALUES ('441322', '441300', '博罗县');
INSERT INTO "ESHOPUSER"."T_AREA" VALUES ('441323', '441300', '惠东县');
INSERT INTO "ESHOPUSER"."T_AREA" VALUES ('441324', '441300', '龙门县');
INSERT INTO "ESHOPUSER"."T_AREA" VALUES ('441401', '441400', '市辖区');
INSERT INTO "ESHOPUSER"."T_AREA" VALUES ('441402', '441400', '梅江区');
INSERT INTO "ESHOPUSER"."T_AREA" VALUES ('441421', '441400', '梅　县');
INSERT INTO "ESHOPUSER"."T_AREA" VALUES ('441422', '441400', '大埔县');
INSERT INTO "ESHOPUSER"."T_AREA" VALUES ('441423', '441400', '丰顺县');
INSERT INTO "ESHOPUSER"."T_AREA" VALUES ('441424', '441400', '五华县');
INSERT INTO "ESHOPUSER"."T_AREA" VALUES ('441426', '441400', '平远县');
INSERT INTO "ESHOPUSER"."T_AREA" VALUES ('441427', '441400', '蕉岭县');
INSERT INTO "ESHOPUSER"."T_AREA" VALUES ('441481', '441400', '兴宁市');
INSERT INTO "ESHOPUSER"."T_AREA" VALUES ('441501', '441500', '市辖区');
INSERT INTO "ESHOPUSER"."T_AREA" VALUES ('441502', '441500', '城　区');
INSERT INTO "ESHOPUSER"."T_AREA" VALUES ('441521', '441500', '海丰县');
INSERT INTO "ESHOPUSER"."T_AREA" VALUES ('441523', '441500', '陆河县');
INSERT INTO "ESHOPUSER"."T_AREA" VALUES ('441581', '441500', '陆丰市');
INSERT INTO "ESHOPUSER"."T_AREA" VALUES ('441601', '441600', '市辖区');
INSERT INTO "ESHOPUSER"."T_AREA" VALUES ('441602', '441600', '源城区');
INSERT INTO "ESHOPUSER"."T_AREA" VALUES ('441621', '441600', '紫金县');
INSERT INTO "ESHOPUSER"."T_AREA" VALUES ('441622', '441600', '龙川县');
INSERT INTO "ESHOPUSER"."T_AREA" VALUES ('441623', '441600', '连平县');
INSERT INTO "ESHOPUSER"."T_AREA" VALUES ('441624', '441600', '和平县');
INSERT INTO "ESHOPUSER"."T_AREA" VALUES ('441625', '441600', '东源县');
INSERT INTO "ESHOPUSER"."T_AREA" VALUES ('441701', '441700', '市辖区');
INSERT INTO "ESHOPUSER"."T_AREA" VALUES ('441702', '441700', '江城区');
INSERT INTO "ESHOPUSER"."T_AREA" VALUES ('441721', '441700', '阳西县');
INSERT INTO "ESHOPUSER"."T_AREA" VALUES ('441723', '441700', '阳东县');
INSERT INTO "ESHOPUSER"."T_AREA" VALUES ('441781', '441700', '阳春市');
INSERT INTO "ESHOPUSER"."T_AREA" VALUES ('441801', '441800', '市辖区');
INSERT INTO "ESHOPUSER"."T_AREA" VALUES ('441802', '441800', '清城区');
INSERT INTO "ESHOPUSER"."T_AREA" VALUES ('441821', '441800', '佛冈县');
INSERT INTO "ESHOPUSER"."T_AREA" VALUES ('441823', '441800', '阳山县');
INSERT INTO "ESHOPUSER"."T_AREA" VALUES ('441825', '441800', '连山壮族瑶族自治县');
INSERT INTO "ESHOPUSER"."T_AREA" VALUES ('441826', '441800', '连南瑶族自治县');
INSERT INTO "ESHOPUSER"."T_AREA" VALUES ('441827', '441800', '清新县');
INSERT INTO "ESHOPUSER"."T_AREA" VALUES ('441881', '441800', '英德市');
INSERT INTO "ESHOPUSER"."T_AREA" VALUES ('441882', '441800', '连州市');
INSERT INTO "ESHOPUSER"."T_AREA" VALUES ('445101', '445100', '市辖区');
INSERT INTO "ESHOPUSER"."T_AREA" VALUES ('445102', '445100', '湘桥区');
INSERT INTO "ESHOPUSER"."T_AREA" VALUES ('445121', '445100', '潮安县');
INSERT INTO "ESHOPUSER"."T_AREA" VALUES ('445122', '445100', '饶平县');
INSERT INTO "ESHOPUSER"."T_AREA" VALUES ('445201', '445200', '市辖区');
INSERT INTO "ESHOPUSER"."T_AREA" VALUES ('445202', '445200', '榕城区');
INSERT INTO "ESHOPUSER"."T_AREA" VALUES ('445221', '445200', '揭东县');
INSERT INTO "ESHOPUSER"."T_AREA" VALUES ('445222', '445200', '揭西县');
INSERT INTO "ESHOPUSER"."T_AREA" VALUES ('445224', '445200', '惠来县');
INSERT INTO "ESHOPUSER"."T_AREA" VALUES ('445281', '445200', '普宁市');
INSERT INTO "ESHOPUSER"."T_AREA" VALUES ('445301', '445300', '市辖区');
INSERT INTO "ESHOPUSER"."T_AREA" VALUES ('445302', '445300', '云城区');
INSERT INTO "ESHOPUSER"."T_AREA" VALUES ('445321', '445300', '新兴县');
INSERT INTO "ESHOPUSER"."T_AREA" VALUES ('445322', '445300', '郁南县');
INSERT INTO "ESHOPUSER"."T_AREA" VALUES ('445323', '445300', '云安县');
INSERT INTO "ESHOPUSER"."T_AREA" VALUES ('445381', '445300', '罗定市');
INSERT INTO "ESHOPUSER"."T_AREA" VALUES ('450101', '450100', '市辖区');
INSERT INTO "ESHOPUSER"."T_AREA" VALUES ('450102', '450100', '兴宁区');
INSERT INTO "ESHOPUSER"."T_AREA" VALUES ('450103', '450100', '青秀区');
INSERT INTO "ESHOPUSER"."T_AREA" VALUES ('450105', '450100', '江南区');
INSERT INTO "ESHOPUSER"."T_AREA" VALUES ('450107', '450100', '西乡塘区');
INSERT INTO "ESHOPUSER"."T_AREA" VALUES ('450108', '450100', '良庆区');
INSERT INTO "ESHOPUSER"."T_AREA" VALUES ('450109', '450100', '邕宁区');
INSERT INTO "ESHOPUSER"."T_AREA" VALUES ('450122', '450100', '武鸣县');
INSERT INTO "ESHOPUSER"."T_AREA" VALUES ('450123', '450100', '隆安县');
INSERT INTO "ESHOPUSER"."T_AREA" VALUES ('450124', '450100', '马山县');
INSERT INTO "ESHOPUSER"."T_AREA" VALUES ('450125', '450100', '上林县');
INSERT INTO "ESHOPUSER"."T_AREA" VALUES ('450126', '450100', '宾阳县');
INSERT INTO "ESHOPUSER"."T_AREA" VALUES ('450127', '450100', '横　县');
INSERT INTO "ESHOPUSER"."T_AREA" VALUES ('450201', '450200', '市辖区');
INSERT INTO "ESHOPUSER"."T_AREA" VALUES ('450202', '450200', '城中区');
INSERT INTO "ESHOPUSER"."T_AREA" VALUES ('450203', '450200', '鱼峰区');
INSERT INTO "ESHOPUSER"."T_AREA" VALUES ('450204', '450200', '柳南区');
INSERT INTO "ESHOPUSER"."T_AREA" VALUES ('450205', '450200', '柳北区');
INSERT INTO "ESHOPUSER"."T_AREA" VALUES ('450221', '450200', '柳江县');
INSERT INTO "ESHOPUSER"."T_AREA" VALUES ('450222', '450200', '柳城县');
INSERT INTO "ESHOPUSER"."T_AREA" VALUES ('450223', '450200', '鹿寨县');
INSERT INTO "ESHOPUSER"."T_AREA" VALUES ('450224', '450200', '融安县');
INSERT INTO "ESHOPUSER"."T_AREA" VALUES ('450225', '450200', '融水苗族自治县');
INSERT INTO "ESHOPUSER"."T_AREA" VALUES ('450226', '450200', '三江侗族自治县');
INSERT INTO "ESHOPUSER"."T_AREA" VALUES ('450301', '450300', '市辖区');
INSERT INTO "ESHOPUSER"."T_AREA" VALUES ('450302', '450300', '秀峰区');
INSERT INTO "ESHOPUSER"."T_AREA" VALUES ('450303', '450300', '叠彩区');
INSERT INTO "ESHOPUSER"."T_AREA" VALUES ('450304', '450300', '象山区');
INSERT INTO "ESHOPUSER"."T_AREA" VALUES ('450305', '450300', '七星区');
INSERT INTO "ESHOPUSER"."T_AREA" VALUES ('450311', '450300', '雁山区');
INSERT INTO "ESHOPUSER"."T_AREA" VALUES ('450321', '450300', '阳朔县');
INSERT INTO "ESHOPUSER"."T_AREA" VALUES ('450322', '450300', '临桂县');
INSERT INTO "ESHOPUSER"."T_AREA" VALUES ('450323', '450300', '灵川县');
INSERT INTO "ESHOPUSER"."T_AREA" VALUES ('450324', '450300', '全州县');
INSERT INTO "ESHOPUSER"."T_AREA" VALUES ('450325', '450300', '兴安县');
INSERT INTO "ESHOPUSER"."T_AREA" VALUES ('450326', '450300', '永福县');
INSERT INTO "ESHOPUSER"."T_AREA" VALUES ('450327', '450300', '灌阳县');
INSERT INTO "ESHOPUSER"."T_AREA" VALUES ('450328', '450300', '龙胜各族自治县');
INSERT INTO "ESHOPUSER"."T_AREA" VALUES ('450329', '450300', '资源县');
INSERT INTO "ESHOPUSER"."T_AREA" VALUES ('450330', '450300', '平乐县');
INSERT INTO "ESHOPUSER"."T_AREA" VALUES ('450331', '450300', '荔蒲县');
INSERT INTO "ESHOPUSER"."T_AREA" VALUES ('450332', '450300', '恭城瑶族自治县');
INSERT INTO "ESHOPUSER"."T_AREA" VALUES ('450401', '450400', '市辖区');
INSERT INTO "ESHOPUSER"."T_AREA" VALUES ('450403', '450400', '万秀区');
INSERT INTO "ESHOPUSER"."T_AREA" VALUES ('450404', '450400', '蝶山区');
INSERT INTO "ESHOPUSER"."T_AREA" VALUES ('450405', '450400', '长洲区');
INSERT INTO "ESHOPUSER"."T_AREA" VALUES ('450421', '450400', '苍梧县');
INSERT INTO "ESHOPUSER"."T_AREA" VALUES ('450422', '450400', '藤　县');
INSERT INTO "ESHOPUSER"."T_AREA" VALUES ('450423', '450400', '蒙山县');
INSERT INTO "ESHOPUSER"."T_AREA" VALUES ('450481', '450400', '岑溪市');
INSERT INTO "ESHOPUSER"."T_AREA" VALUES ('450501', '450500', '市辖区');
INSERT INTO "ESHOPUSER"."T_AREA" VALUES ('450502', '450500', '海城区');
INSERT INTO "ESHOPUSER"."T_AREA" VALUES ('450503', '450500', '银海区');
INSERT INTO "ESHOPUSER"."T_AREA" VALUES ('450512', '450500', '铁山港区');
INSERT INTO "ESHOPUSER"."T_AREA" VALUES ('450521', '450500', '合浦县');
INSERT INTO "ESHOPUSER"."T_AREA" VALUES ('450601', '450600', '市辖区');
INSERT INTO "ESHOPUSER"."T_AREA" VALUES ('450602', '450600', '港口区');
INSERT INTO "ESHOPUSER"."T_AREA" VALUES ('450603', '450600', '防城区');
INSERT INTO "ESHOPUSER"."T_AREA" VALUES ('450621', '450600', '上思县');
INSERT INTO "ESHOPUSER"."T_AREA" VALUES ('450681', '450600', '东兴市');
INSERT INTO "ESHOPUSER"."T_AREA" VALUES ('450701', '450700', '市辖区');
INSERT INTO "ESHOPUSER"."T_AREA" VALUES ('450702', '450700', '钦南区');
INSERT INTO "ESHOPUSER"."T_AREA" VALUES ('450703', '450700', '钦北区');
INSERT INTO "ESHOPUSER"."T_AREA" VALUES ('450721', '450700', '灵山县');
INSERT INTO "ESHOPUSER"."T_AREA" VALUES ('450722', '450700', '浦北县');
INSERT INTO "ESHOPUSER"."T_AREA" VALUES ('450801', '450800', '市辖区');
INSERT INTO "ESHOPUSER"."T_AREA" VALUES ('450802', '450800', '港北区');
INSERT INTO "ESHOPUSER"."T_AREA" VALUES ('450803', '450800', '港南区');
INSERT INTO "ESHOPUSER"."T_AREA" VALUES ('450804', '450800', '覃塘区');
INSERT INTO "ESHOPUSER"."T_AREA" VALUES ('450821', '450800', '平南县');
INSERT INTO "ESHOPUSER"."T_AREA" VALUES ('450881', '450800', '桂平市');
INSERT INTO "ESHOPUSER"."T_AREA" VALUES ('450901', '450900', '市辖区');
INSERT INTO "ESHOPUSER"."T_AREA" VALUES ('450902', '450900', '玉州区');
INSERT INTO "ESHOPUSER"."T_AREA" VALUES ('450921', '450900', '容　县');
INSERT INTO "ESHOPUSER"."T_AREA" VALUES ('450922', '450900', '陆川县');
INSERT INTO "ESHOPUSER"."T_AREA" VALUES ('450923', '450900', '博白县');
INSERT INTO "ESHOPUSER"."T_AREA" VALUES ('450924', '450900', '兴业县');
INSERT INTO "ESHOPUSER"."T_AREA" VALUES ('450981', '450900', '北流市');
INSERT INTO "ESHOPUSER"."T_AREA" VALUES ('451001', '451000', '市辖区');
INSERT INTO "ESHOPUSER"."T_AREA" VALUES ('451002', '451000', '右江区');
INSERT INTO "ESHOPUSER"."T_AREA" VALUES ('451021', '451000', '田阳县');
INSERT INTO "ESHOPUSER"."T_AREA" VALUES ('451022', '451000', '田东县');
INSERT INTO "ESHOPUSER"."T_AREA" VALUES ('451023', '451000', '平果县');
INSERT INTO "ESHOPUSER"."T_AREA" VALUES ('451024', '451000', '德保县');
INSERT INTO "ESHOPUSER"."T_AREA" VALUES ('451025', '451000', '靖西县');
INSERT INTO "ESHOPUSER"."T_AREA" VALUES ('451026', '451000', '那坡县');
INSERT INTO "ESHOPUSER"."T_AREA" VALUES ('451027', '451000', '凌云县');
INSERT INTO "ESHOPUSER"."T_AREA" VALUES ('451028', '451000', '乐业县');
INSERT INTO "ESHOPUSER"."T_AREA" VALUES ('451029', '451000', '田林县');
INSERT INTO "ESHOPUSER"."T_AREA" VALUES ('451030', '451000', '西林县');
INSERT INTO "ESHOPUSER"."T_AREA" VALUES ('451031', '451000', '隆林各族自治县');
INSERT INTO "ESHOPUSER"."T_AREA" VALUES ('451101', '451100', '市辖区');
INSERT INTO "ESHOPUSER"."T_AREA" VALUES ('451102', '451100', '八步区');
INSERT INTO "ESHOPUSER"."T_AREA" VALUES ('451121', '451100', '昭平县');
INSERT INTO "ESHOPUSER"."T_AREA" VALUES ('451122', '451100', '钟山县');
INSERT INTO "ESHOPUSER"."T_AREA" VALUES ('451123', '451100', '富川瑶族自治县');
INSERT INTO "ESHOPUSER"."T_AREA" VALUES ('451201', '451200', '市辖区');
INSERT INTO "ESHOPUSER"."T_AREA" VALUES ('451202', '451200', '金城江区');
INSERT INTO "ESHOPUSER"."T_AREA" VALUES ('451221', '451200', '南丹县');
INSERT INTO "ESHOPUSER"."T_AREA" VALUES ('451222', '451200', '天峨县');
INSERT INTO "ESHOPUSER"."T_AREA" VALUES ('451223', '451200', '凤山县');
INSERT INTO "ESHOPUSER"."T_AREA" VALUES ('451224', '451200', '东兰县');
INSERT INTO "ESHOPUSER"."T_AREA" VALUES ('451225', '451200', '罗城仫佬族自治县');
INSERT INTO "ESHOPUSER"."T_AREA" VALUES ('451226', '451200', '环江毛南族自治县');
INSERT INTO "ESHOPUSER"."T_AREA" VALUES ('451227', '451200', '巴马瑶族自治县');
INSERT INTO "ESHOPUSER"."T_AREA" VALUES ('451228', '451200', '都安瑶族自治县');
INSERT INTO "ESHOPUSER"."T_AREA" VALUES ('451229', '451200', '大化瑶族自治县');
INSERT INTO "ESHOPUSER"."T_AREA" VALUES ('451281', '451200', '宜州市');
INSERT INTO "ESHOPUSER"."T_AREA" VALUES ('451301', '451300', '市辖区');
INSERT INTO "ESHOPUSER"."T_AREA" VALUES ('451302', '451300', '兴宾区');
INSERT INTO "ESHOPUSER"."T_AREA" VALUES ('451321', '451300', '忻城县');
INSERT INTO "ESHOPUSER"."T_AREA" VALUES ('451322', '451300', '象州县');
INSERT INTO "ESHOPUSER"."T_AREA" VALUES ('451323', '451300', '武宣县');
INSERT INTO "ESHOPUSER"."T_AREA" VALUES ('451324', '451300', '金秀瑶族自治县');
INSERT INTO "ESHOPUSER"."T_AREA" VALUES ('451381', '451300', '合山市');
INSERT INTO "ESHOPUSER"."T_AREA" VALUES ('451401', '451400', '市辖区');
INSERT INTO "ESHOPUSER"."T_AREA" VALUES ('451402', '451400', '江洲区');
INSERT INTO "ESHOPUSER"."T_AREA" VALUES ('451421', '451400', '扶绥县');
INSERT INTO "ESHOPUSER"."T_AREA" VALUES ('451422', '451400', '宁明县');
INSERT INTO "ESHOPUSER"."T_AREA" VALUES ('451423', '451400', '龙州县');
INSERT INTO "ESHOPUSER"."T_AREA" VALUES ('451424', '451400', '大新县');
INSERT INTO "ESHOPUSER"."T_AREA" VALUES ('451425', '451400', '天等县');
INSERT INTO "ESHOPUSER"."T_AREA" VALUES ('451481', '451400', '凭祥市');
INSERT INTO "ESHOPUSER"."T_AREA" VALUES ('460101', '460100', '市辖区');
INSERT INTO "ESHOPUSER"."T_AREA" VALUES ('460105', '460100', '秀英区');
INSERT INTO "ESHOPUSER"."T_AREA" VALUES ('460106', '460100', '龙华区');
INSERT INTO "ESHOPUSER"."T_AREA" VALUES ('460107', '460100', '琼山区');
INSERT INTO "ESHOPUSER"."T_AREA" VALUES ('460108', '460100', '美兰区');
INSERT INTO "ESHOPUSER"."T_AREA" VALUES ('460201', '460200', '市辖区');
INSERT INTO "ESHOPUSER"."T_AREA" VALUES ('469001', '469000', '五指山市');
INSERT INTO "ESHOPUSER"."T_AREA" VALUES ('469002', '469000', '琼海市');
INSERT INTO "ESHOPUSER"."T_AREA" VALUES ('469003', '469000', '儋州市');
INSERT INTO "ESHOPUSER"."T_AREA" VALUES ('469005', '469000', '文昌市');
INSERT INTO "ESHOPUSER"."T_AREA" VALUES ('469006', '469000', '万宁市');
INSERT INTO "ESHOPUSER"."T_AREA" VALUES ('469007', '469000', '东方市');
INSERT INTO "ESHOPUSER"."T_AREA" VALUES ('469025', '469000', '定安县');
INSERT INTO "ESHOPUSER"."T_AREA" VALUES ('469026', '469000', '屯昌县');
INSERT INTO "ESHOPUSER"."T_AREA" VALUES ('469027', '469000', '澄迈县');
INSERT INTO "ESHOPUSER"."T_AREA" VALUES ('469028', '469000', '临高县');
INSERT INTO "ESHOPUSER"."T_AREA" VALUES ('469030', '469000', '白沙黎族自治县');
INSERT INTO "ESHOPUSER"."T_AREA" VALUES ('469031', '469000', '昌江黎族自治县');
INSERT INTO "ESHOPUSER"."T_AREA" VALUES ('469033', '469000', '乐东黎族自治县');
INSERT INTO "ESHOPUSER"."T_AREA" VALUES ('469034', '469000', '陵水黎族自治县');
INSERT INTO "ESHOPUSER"."T_AREA" VALUES ('469035', '469000', '保亭黎族苗族自治县');
INSERT INTO "ESHOPUSER"."T_AREA" VALUES ('469036', '469000', '琼中黎族苗族自治县');
INSERT INTO "ESHOPUSER"."T_AREA" VALUES ('469037', '469000', '西沙群岛');
INSERT INTO "ESHOPUSER"."T_AREA" VALUES ('469038', '469000', '南沙群岛');
INSERT INTO "ESHOPUSER"."T_AREA" VALUES ('469039', '469000', '中沙群岛的岛礁及其海域');
INSERT INTO "ESHOPUSER"."T_AREA" VALUES ('500101', '500100', '万州区');
INSERT INTO "ESHOPUSER"."T_AREA" VALUES ('500102', '500100', '涪陵区');
INSERT INTO "ESHOPUSER"."T_AREA" VALUES ('500103', '500100', '渝中区');
INSERT INTO "ESHOPUSER"."T_AREA" VALUES ('500104', '500100', '大渡口区');
INSERT INTO "ESHOPUSER"."T_AREA" VALUES ('500105', '500100', '江北区');
INSERT INTO "ESHOPUSER"."T_AREA" VALUES ('500106', '500100', '沙坪坝区');
INSERT INTO "ESHOPUSER"."T_AREA" VALUES ('500107', '500100', '九龙坡区');
INSERT INTO "ESHOPUSER"."T_AREA" VALUES ('500108', '500100', '南岸区');
INSERT INTO "ESHOPUSER"."T_AREA" VALUES ('500109', '500100', '北碚区');
INSERT INTO "ESHOPUSER"."T_AREA" VALUES ('500110', '500100', '万盛区');
INSERT INTO "ESHOPUSER"."T_AREA" VALUES ('500111', '500100', '双桥区');
INSERT INTO "ESHOPUSER"."T_AREA" VALUES ('500112', '500100', '渝北区');
INSERT INTO "ESHOPUSER"."T_AREA" VALUES ('500113', '500100', '巴南区');
INSERT INTO "ESHOPUSER"."T_AREA" VALUES ('500114', '500100', '黔江区');
INSERT INTO "ESHOPUSER"."T_AREA" VALUES ('500115', '500100', '长寿区');
INSERT INTO "ESHOPUSER"."T_AREA" VALUES ('500222', '500200', '綦江县');
INSERT INTO "ESHOPUSER"."T_AREA" VALUES ('500223', '500200', '潼南县');
INSERT INTO "ESHOPUSER"."T_AREA" VALUES ('500224', '500200', '铜梁县');
INSERT INTO "ESHOPUSER"."T_AREA" VALUES ('500225', '500200', '大足县');
INSERT INTO "ESHOPUSER"."T_AREA" VALUES ('500226', '500200', '荣昌县');
INSERT INTO "ESHOPUSER"."T_AREA" VALUES ('500227', '500200', '璧山县');
INSERT INTO "ESHOPUSER"."T_AREA" VALUES ('500228', '500200', '梁平县');
INSERT INTO "ESHOPUSER"."T_AREA" VALUES ('500229', '500200', '城口县');
INSERT INTO "ESHOPUSER"."T_AREA" VALUES ('500230', '500200', '丰都县');
INSERT INTO "ESHOPUSER"."T_AREA" VALUES ('500231', '500200', '垫江县');
INSERT INTO "ESHOPUSER"."T_AREA" VALUES ('500232', '500200', '武隆县');
INSERT INTO "ESHOPUSER"."T_AREA" VALUES ('500233', '500200', '忠　县');
INSERT INTO "ESHOPUSER"."T_AREA" VALUES ('500234', '500200', '开　县');
INSERT INTO "ESHOPUSER"."T_AREA" VALUES ('500235', '500200', '云阳县');
INSERT INTO "ESHOPUSER"."T_AREA" VALUES ('500236', '500200', '奉节县');
INSERT INTO "ESHOPUSER"."T_AREA" VALUES ('500237', '500200', '巫山县');
INSERT INTO "ESHOPUSER"."T_AREA" VALUES ('500238', '500200', '巫溪县');
INSERT INTO "ESHOPUSER"."T_AREA" VALUES ('500240', '500200', '石柱土家族自治县');
INSERT INTO "ESHOPUSER"."T_AREA" VALUES ('500241', '500200', '秀山土家族苗族自治县');
INSERT INTO "ESHOPUSER"."T_AREA" VALUES ('500242', '500200', '酉阳土家族苗族自治县');
INSERT INTO "ESHOPUSER"."T_AREA" VALUES ('500243', '500200', '彭水苗族土家族自治县');
INSERT INTO "ESHOPUSER"."T_AREA" VALUES ('500381', '500300', '江津市');
INSERT INTO "ESHOPUSER"."T_AREA" VALUES ('500382', '500300', '合川市');
INSERT INTO "ESHOPUSER"."T_AREA" VALUES ('500383', '500300', '永川市');
INSERT INTO "ESHOPUSER"."T_AREA" VALUES ('500384', '500300', '南川市');
INSERT INTO "ESHOPUSER"."T_AREA" VALUES ('510101', '510100', '市辖区');
INSERT INTO "ESHOPUSER"."T_AREA" VALUES ('510104', '510100', '锦江区');
INSERT INTO "ESHOPUSER"."T_AREA" VALUES ('510105', '510100', '青羊区');
INSERT INTO "ESHOPUSER"."T_AREA" VALUES ('510106', '510100', '金牛区');
INSERT INTO "ESHOPUSER"."T_AREA" VALUES ('510107', '510100', '武侯区');
INSERT INTO "ESHOPUSER"."T_AREA" VALUES ('510108', '510100', '成华区');
INSERT INTO "ESHOPUSER"."T_AREA" VALUES ('510112', '510100', '龙泉驿区');
INSERT INTO "ESHOPUSER"."T_AREA" VALUES ('510113', '510100', '青白江区');
INSERT INTO "ESHOPUSER"."T_AREA" VALUES ('510114', '510100', '新都区');
INSERT INTO "ESHOPUSER"."T_AREA" VALUES ('510115', '510100', '温江县');
INSERT INTO "ESHOPUSER"."T_AREA" VALUES ('510121', '510100', '金堂县');
INSERT INTO "ESHOPUSER"."T_AREA" VALUES ('510122', '510100', '双流县');
INSERT INTO "ESHOPUSER"."T_AREA" VALUES ('510124', '510100', '郫　县');
INSERT INTO "ESHOPUSER"."T_AREA" VALUES ('510129', '510100', '大邑县');
INSERT INTO "ESHOPUSER"."T_AREA" VALUES ('510131', '510100', '蒲江县');
INSERT INTO "ESHOPUSER"."T_AREA" VALUES ('510132', '510100', '新津县');
INSERT INTO "ESHOPUSER"."T_AREA" VALUES ('510181', '510100', '都江堰市');
INSERT INTO "ESHOPUSER"."T_AREA" VALUES ('510182', '510100', '彭州市');
INSERT INTO "ESHOPUSER"."T_AREA" VALUES ('510183', '510100', '邛崃市');
INSERT INTO "ESHOPUSER"."T_AREA" VALUES ('510184', '510100', '崇州市');
INSERT INTO "ESHOPUSER"."T_AREA" VALUES ('510301', '510300', '市辖区');
INSERT INTO "ESHOPUSER"."T_AREA" VALUES ('510302', '510300', '自流井区');
INSERT INTO "ESHOPUSER"."T_AREA" VALUES ('510303', '510300', '贡井区');
INSERT INTO "ESHOPUSER"."T_AREA" VALUES ('510304', '510300', '大安区');
INSERT INTO "ESHOPUSER"."T_AREA" VALUES ('510311', '510300', '沿滩区');
INSERT INTO "ESHOPUSER"."T_AREA" VALUES ('510321', '510300', '荣　县');
INSERT INTO "ESHOPUSER"."T_AREA" VALUES ('510322', '510300', '富顺县');
INSERT INTO "ESHOPUSER"."T_AREA" VALUES ('510401', '510400', '市辖区');
INSERT INTO "ESHOPUSER"."T_AREA" VALUES ('510402', '510400', '东　区');
INSERT INTO "ESHOPUSER"."T_AREA" VALUES ('510403', '510400', '西　区');
INSERT INTO "ESHOPUSER"."T_AREA" VALUES ('510411', '510400', '仁和区');
INSERT INTO "ESHOPUSER"."T_AREA" VALUES ('510421', '510400', '米易县');
INSERT INTO "ESHOPUSER"."T_AREA" VALUES ('510422', '510400', '盐边县');
INSERT INTO "ESHOPUSER"."T_AREA" VALUES ('510501', '510500', '市辖区');
INSERT INTO "ESHOPUSER"."T_AREA" VALUES ('510502', '510500', '江阳区');
INSERT INTO "ESHOPUSER"."T_AREA" VALUES ('510503', '510500', '纳溪区');
INSERT INTO "ESHOPUSER"."T_AREA" VALUES ('510504', '510500', '龙马潭区');
INSERT INTO "ESHOPUSER"."T_AREA" VALUES ('510521', '510500', '泸　县');
INSERT INTO "ESHOPUSER"."T_AREA" VALUES ('510522', '510500', '合江县');
INSERT INTO "ESHOPUSER"."T_AREA" VALUES ('510524', '510500', '叙永县');
INSERT INTO "ESHOPUSER"."T_AREA" VALUES ('510525', '510500', '古蔺县');
INSERT INTO "ESHOPUSER"."T_AREA" VALUES ('510601', '510600', '市辖区');
INSERT INTO "ESHOPUSER"."T_AREA" VALUES ('510603', '510600', '旌阳区');
INSERT INTO "ESHOPUSER"."T_AREA" VALUES ('510623', '510600', '中江县');
INSERT INTO "ESHOPUSER"."T_AREA" VALUES ('510626', '510600', '罗江县');
INSERT INTO "ESHOPUSER"."T_AREA" VALUES ('510681', '510600', '广汉市');
INSERT INTO "ESHOPUSER"."T_AREA" VALUES ('510682', '510600', '什邡市');
INSERT INTO "ESHOPUSER"."T_AREA" VALUES ('510683', '510600', '绵竹市');
INSERT INTO "ESHOPUSER"."T_AREA" VALUES ('510701', '510700', '市辖区');
INSERT INTO "ESHOPUSER"."T_AREA" VALUES ('510703', '510700', '涪城区');
INSERT INTO "ESHOPUSER"."T_AREA" VALUES ('510704', '510700', '游仙区');
INSERT INTO "ESHOPUSER"."T_AREA" VALUES ('510722', '510700', '三台县');
INSERT INTO "ESHOPUSER"."T_AREA" VALUES ('510723', '510700', '盐亭县');
INSERT INTO "ESHOPUSER"."T_AREA" VALUES ('510724', '510700', '安　县');
INSERT INTO "ESHOPUSER"."T_AREA" VALUES ('510725', '510700', '梓潼县');
INSERT INTO "ESHOPUSER"."T_AREA" VALUES ('510726', '510700', '北川羌族自治县');
INSERT INTO "ESHOPUSER"."T_AREA" VALUES ('510727', '510700', '平武县');
INSERT INTO "ESHOPUSER"."T_AREA" VALUES ('510781', '510700', '江油市');
INSERT INTO "ESHOPUSER"."T_AREA" VALUES ('510801', '510800', '市辖区');
INSERT INTO "ESHOPUSER"."T_AREA" VALUES ('510802', '510800', '市中区');
INSERT INTO "ESHOPUSER"."T_AREA" VALUES ('510811', '510800', '元坝区');
INSERT INTO "ESHOPUSER"."T_AREA" VALUES ('510812', '510800', '朝天区');
INSERT INTO "ESHOPUSER"."T_AREA" VALUES ('510821', '510800', '旺苍县');
INSERT INTO "ESHOPUSER"."T_AREA" VALUES ('510822', '510800', '青川县');
INSERT INTO "ESHOPUSER"."T_AREA" VALUES ('510823', '510800', '剑阁县');
INSERT INTO "ESHOPUSER"."T_AREA" VALUES ('510824', '510800', '苍溪县');
INSERT INTO "ESHOPUSER"."T_AREA" VALUES ('510901', '510900', '市辖区');
INSERT INTO "ESHOPUSER"."T_AREA" VALUES ('510903', '510900', '船山区');
INSERT INTO "ESHOPUSER"."T_AREA" VALUES ('510904', '510900', '安居区');
INSERT INTO "ESHOPUSER"."T_AREA" VALUES ('510921', '510900', '蓬溪县');
INSERT INTO "ESHOPUSER"."T_AREA" VALUES ('510922', '510900', '射洪县');
INSERT INTO "ESHOPUSER"."T_AREA" VALUES ('510923', '510900', '大英县');
INSERT INTO "ESHOPUSER"."T_AREA" VALUES ('511001', '511000', '市辖区');
INSERT INTO "ESHOPUSER"."T_AREA" VALUES ('511002', '511000', '市中区');
INSERT INTO "ESHOPUSER"."T_AREA" VALUES ('511011', '511000', '东兴区');
INSERT INTO "ESHOPUSER"."T_AREA" VALUES ('511024', '511000', '威远县');
INSERT INTO "ESHOPUSER"."T_AREA" VALUES ('511025', '511000', '资中县');
INSERT INTO "ESHOPUSER"."T_AREA" VALUES ('511028', '511000', '隆昌县');
INSERT INTO "ESHOPUSER"."T_AREA" VALUES ('511101', '511100', '市辖区');
INSERT INTO "ESHOPUSER"."T_AREA" VALUES ('511102', '511100', '市中区');
INSERT INTO "ESHOPUSER"."T_AREA" VALUES ('511111', '511100', '沙湾区');
INSERT INTO "ESHOPUSER"."T_AREA" VALUES ('511112', '511100', '五通桥区');
INSERT INTO "ESHOPUSER"."T_AREA" VALUES ('511113', '511100', '金口河区');
INSERT INTO "ESHOPUSER"."T_AREA" VALUES ('511123', '511100', '犍为县');
INSERT INTO "ESHOPUSER"."T_AREA" VALUES ('511124', '511100', '井研县');
INSERT INTO "ESHOPUSER"."T_AREA" VALUES ('511126', '511100', '夹江县');
INSERT INTO "ESHOPUSER"."T_AREA" VALUES ('511129', '511100', '沐川县');
INSERT INTO "ESHOPUSER"."T_AREA" VALUES ('511132', '511100', '峨边彝族自治县');
INSERT INTO "ESHOPUSER"."T_AREA" VALUES ('511133', '511100', '马边彝族自治县');
INSERT INTO "ESHOPUSER"."T_AREA" VALUES ('511181', '511100', '峨眉山市');
INSERT INTO "ESHOPUSER"."T_AREA" VALUES ('511301', '511300', '市辖区');
INSERT INTO "ESHOPUSER"."T_AREA" VALUES ('511302', '511300', '顺庆区');
INSERT INTO "ESHOPUSER"."T_AREA" VALUES ('511303', '511300', '高坪区');
INSERT INTO "ESHOPUSER"."T_AREA" VALUES ('511304', '511300', '嘉陵区');
INSERT INTO "ESHOPUSER"."T_AREA" VALUES ('511321', '511300', '南部县');
INSERT INTO "ESHOPUSER"."T_AREA" VALUES ('511322', '511300', '营山县');
INSERT INTO "ESHOPUSER"."T_AREA" VALUES ('511323', '511300', '蓬安县');
INSERT INTO "ESHOPUSER"."T_AREA" VALUES ('511324', '511300', '仪陇县');
INSERT INTO "ESHOPUSER"."T_AREA" VALUES ('511325', '511300', '西充县');
INSERT INTO "ESHOPUSER"."T_AREA" VALUES ('511381', '511300', '阆中市');
INSERT INTO "ESHOPUSER"."T_AREA" VALUES ('511401', '511400', '市辖区');
INSERT INTO "ESHOPUSER"."T_AREA" VALUES ('511402', '511400', '东坡区');
INSERT INTO "ESHOPUSER"."T_AREA" VALUES ('511421', '511400', '仁寿县');
INSERT INTO "ESHOPUSER"."T_AREA" VALUES ('511422', '511400', '彭山县');
INSERT INTO "ESHOPUSER"."T_AREA" VALUES ('511423', '511400', '洪雅县');
INSERT INTO "ESHOPUSER"."T_AREA" VALUES ('511424', '511400', '丹棱县');
INSERT INTO "ESHOPUSER"."T_AREA" VALUES ('511425', '511400', '青神县');
INSERT INTO "ESHOPUSER"."T_AREA" VALUES ('511501', '511500', '市辖区');
INSERT INTO "ESHOPUSER"."T_AREA" VALUES ('511502', '511500', '翠屏区');
INSERT INTO "ESHOPUSER"."T_AREA" VALUES ('511521', '511500', '宜宾县');
INSERT INTO "ESHOPUSER"."T_AREA" VALUES ('511522', '511500', '南溪县');
INSERT INTO "ESHOPUSER"."T_AREA" VALUES ('511523', '511500', '江安县');
INSERT INTO "ESHOPUSER"."T_AREA" VALUES ('511524', '511500', '长宁县');
INSERT INTO "ESHOPUSER"."T_AREA" VALUES ('511525', '511500', '高　县');
INSERT INTO "ESHOPUSER"."T_AREA" VALUES ('511526', '511500', '珙　县');
INSERT INTO "ESHOPUSER"."T_AREA" VALUES ('511527', '511500', '筠连县');
INSERT INTO "ESHOPUSER"."T_AREA" VALUES ('511528', '511500', '兴文县');
INSERT INTO "ESHOPUSER"."T_AREA" VALUES ('511529', '511500', '屏山县');
INSERT INTO "ESHOPUSER"."T_AREA" VALUES ('511601', '511600', '市辖区');
INSERT INTO "ESHOPUSER"."T_AREA" VALUES ('511602', '511600', '广安区');
INSERT INTO "ESHOPUSER"."T_AREA" VALUES ('511621', '511600', '岳池县');
INSERT INTO "ESHOPUSER"."T_AREA" VALUES ('511622', '511600', '武胜县');
INSERT INTO "ESHOPUSER"."T_AREA" VALUES ('511623', '511600', '邻水县');
INSERT INTO "ESHOPUSER"."T_AREA" VALUES ('511681', '511600', '华莹市');
INSERT INTO "ESHOPUSER"."T_AREA" VALUES ('511701', '511700', '市辖区');
INSERT INTO "ESHOPUSER"."T_AREA" VALUES ('511702', '511700', '通川区');
INSERT INTO "ESHOPUSER"."T_AREA" VALUES ('511721', '511700', '达　县');
INSERT INTO "ESHOPUSER"."T_AREA" VALUES ('511722', '511700', '宣汉县');
INSERT INTO "ESHOPUSER"."T_AREA" VALUES ('511723', '511700', '开江县');
INSERT INTO "ESHOPUSER"."T_AREA" VALUES ('511724', '511700', '大竹县');
INSERT INTO "ESHOPUSER"."T_AREA" VALUES ('511725', '511700', '渠　县');
INSERT INTO "ESHOPUSER"."T_AREA" VALUES ('511781', '511700', '万源市');
INSERT INTO "ESHOPUSER"."T_AREA" VALUES ('511801', '511800', '市辖区');
INSERT INTO "ESHOPUSER"."T_AREA" VALUES ('511802', '511800', '雨城区');
INSERT INTO "ESHOPUSER"."T_AREA" VALUES ('511821', '511800', '名山县');
INSERT INTO "ESHOPUSER"."T_AREA" VALUES ('511822', '511800', '荥经县');
INSERT INTO "ESHOPUSER"."T_AREA" VALUES ('511823', '511800', '汉源县');
INSERT INTO "ESHOPUSER"."T_AREA" VALUES ('511824', '511800', '石棉县');
INSERT INTO "ESHOPUSER"."T_AREA" VALUES ('511825', '511800', '天全县');
INSERT INTO "ESHOPUSER"."T_AREA" VALUES ('511826', '511800', '芦山县');
INSERT INTO "ESHOPUSER"."T_AREA" VALUES ('511827', '511800', '宝兴县');
INSERT INTO "ESHOPUSER"."T_AREA" VALUES ('511901', '511900', '市辖区');
INSERT INTO "ESHOPUSER"."T_AREA" VALUES ('511902', '511900', '巴州区');
INSERT INTO "ESHOPUSER"."T_AREA" VALUES ('511921', '511900', '通江县');
INSERT INTO "ESHOPUSER"."T_AREA" VALUES ('511922', '511900', '南江县');
INSERT INTO "ESHOPUSER"."T_AREA" VALUES ('511923', '511900', '平昌县');
INSERT INTO "ESHOPUSER"."T_AREA" VALUES ('512001', '512000', '市辖区');
INSERT INTO "ESHOPUSER"."T_AREA" VALUES ('512002', '512000', '雁江区');
INSERT INTO "ESHOPUSER"."T_AREA" VALUES ('512021', '512000', '安岳县');
INSERT INTO "ESHOPUSER"."T_AREA" VALUES ('512022', '512000', '乐至县');
INSERT INTO "ESHOPUSER"."T_AREA" VALUES ('512081', '512000', '简阳市');
INSERT INTO "ESHOPUSER"."T_AREA" VALUES ('513221', '513200', '汶川县');
INSERT INTO "ESHOPUSER"."T_AREA" VALUES ('513222', '513200', '理　县');
INSERT INTO "ESHOPUSER"."T_AREA" VALUES ('513223', '513200', '茂　县');
INSERT INTO "ESHOPUSER"."T_AREA" VALUES ('513224', '513200', '松潘县');
INSERT INTO "ESHOPUSER"."T_AREA" VALUES ('513225', '513200', '九寨沟县');
INSERT INTO "ESHOPUSER"."T_AREA" VALUES ('513226', '513200', '金川县');
INSERT INTO "ESHOPUSER"."T_AREA" VALUES ('513227', '513200', '小金县');
INSERT INTO "ESHOPUSER"."T_AREA" VALUES ('513228', '513200', '黑水县');
INSERT INTO "ESHOPUSER"."T_AREA" VALUES ('513229', '513200', '马尔康县');
INSERT INTO "ESHOPUSER"."T_AREA" VALUES ('513230', '513200', '壤塘县');
INSERT INTO "ESHOPUSER"."T_AREA" VALUES ('513231', '513200', '阿坝县');
INSERT INTO "ESHOPUSER"."T_AREA" VALUES ('513232', '513200', '若尔盖县');
INSERT INTO "ESHOPUSER"."T_AREA" VALUES ('513233', '513200', '红原县');
INSERT INTO "ESHOPUSER"."T_AREA" VALUES ('513321', '513300', '康定县');
INSERT INTO "ESHOPUSER"."T_AREA" VALUES ('513322', '513300', '泸定县');
INSERT INTO "ESHOPUSER"."T_AREA" VALUES ('513323', '513300', '丹巴县');
INSERT INTO "ESHOPUSER"."T_AREA" VALUES ('513324', '513300', '九龙县');
INSERT INTO "ESHOPUSER"."T_AREA" VALUES ('513325', '513300', '雅江县');
INSERT INTO "ESHOPUSER"."T_AREA" VALUES ('513326', '513300', '道孚县');
INSERT INTO "ESHOPUSER"."T_AREA" VALUES ('513327', '513300', '炉霍县');
INSERT INTO "ESHOPUSER"."T_AREA" VALUES ('513328', '513300', '甘孜县');
INSERT INTO "ESHOPUSER"."T_AREA" VALUES ('513329', '513300', '新龙县');
INSERT INTO "ESHOPUSER"."T_AREA" VALUES ('513330', '513300', '德格县');
INSERT INTO "ESHOPUSER"."T_AREA" VALUES ('513331', '513300', '白玉县');
INSERT INTO "ESHOPUSER"."T_AREA" VALUES ('513332', '513300', '石渠县');
INSERT INTO "ESHOPUSER"."T_AREA" VALUES ('513333', '513300', '色达县');
INSERT INTO "ESHOPUSER"."T_AREA" VALUES ('513334', '513300', '理塘县');
INSERT INTO "ESHOPUSER"."T_AREA" VALUES ('513335', '513300', '巴塘县');
INSERT INTO "ESHOPUSER"."T_AREA" VALUES ('513336', '513300', '乡城县');
INSERT INTO "ESHOPUSER"."T_AREA" VALUES ('513337', '513300', '稻城县');
INSERT INTO "ESHOPUSER"."T_AREA" VALUES ('513338', '513300', '得荣县');
INSERT INTO "ESHOPUSER"."T_AREA" VALUES ('513401', '513400', '西昌市');
INSERT INTO "ESHOPUSER"."T_AREA" VALUES ('513422', '513400', '木里藏族自治县');
INSERT INTO "ESHOPUSER"."T_AREA" VALUES ('513423', '513400', '盐源县');
INSERT INTO "ESHOPUSER"."T_AREA" VALUES ('513424', '513400', '德昌县');
INSERT INTO "ESHOPUSER"."T_AREA" VALUES ('513425', '513400', '会理县');
INSERT INTO "ESHOPUSER"."T_AREA" VALUES ('513426', '513400', '会东县');
INSERT INTO "ESHOPUSER"."T_AREA" VALUES ('513427', '513400', '宁南县');
INSERT INTO "ESHOPUSER"."T_AREA" VALUES ('513428', '513400', '普格县');
INSERT INTO "ESHOPUSER"."T_AREA" VALUES ('513429', '513400', '布拖县');
INSERT INTO "ESHOPUSER"."T_AREA" VALUES ('513430', '513400', '金阳县');
INSERT INTO "ESHOPUSER"."T_AREA" VALUES ('513431', '513400', '昭觉县');
INSERT INTO "ESHOPUSER"."T_AREA" VALUES ('513432', '513400', '喜德县');
INSERT INTO "ESHOPUSER"."T_AREA" VALUES ('513433', '513400', '冕宁县');
INSERT INTO "ESHOPUSER"."T_AREA" VALUES ('513434', '513400', '越西县');
INSERT INTO "ESHOPUSER"."T_AREA" VALUES ('513435', '513400', '甘洛县');
INSERT INTO "ESHOPUSER"."T_AREA" VALUES ('513436', '513400', '美姑县');
INSERT INTO "ESHOPUSER"."T_AREA" VALUES ('513437', '513400', '雷波县');
INSERT INTO "ESHOPUSER"."T_AREA" VALUES ('520101', '520100', '市辖区');
INSERT INTO "ESHOPUSER"."T_AREA" VALUES ('520102', '520100', '南明区');
INSERT INTO "ESHOPUSER"."T_AREA" VALUES ('520103', '520100', '云岩区');
INSERT INTO "ESHOPUSER"."T_AREA" VALUES ('520111', '520100', '花溪区');
INSERT INTO "ESHOPUSER"."T_AREA" VALUES ('520112', '520100', '乌当区');
INSERT INTO "ESHOPUSER"."T_AREA" VALUES ('520113', '520100', '白云区');
INSERT INTO "ESHOPUSER"."T_AREA" VALUES ('520114', '520100', '小河区');
INSERT INTO "ESHOPUSER"."T_AREA" VALUES ('520121', '520100', '开阳县');
INSERT INTO "ESHOPUSER"."T_AREA" VALUES ('520122', '520100', '息烽县');
INSERT INTO "ESHOPUSER"."T_AREA" VALUES ('520123', '520100', '修文县');
INSERT INTO "ESHOPUSER"."T_AREA" VALUES ('520181', '520100', '清镇市');
INSERT INTO "ESHOPUSER"."T_AREA" VALUES ('520201', '520200', '钟山区');
INSERT INTO "ESHOPUSER"."T_AREA" VALUES ('520203', '520200', '六枝特区');
INSERT INTO "ESHOPUSER"."T_AREA" VALUES ('520221', '520200', '水城县');
INSERT INTO "ESHOPUSER"."T_AREA" VALUES ('520222', '520200', '盘　县');
INSERT INTO "ESHOPUSER"."T_AREA" VALUES ('520301', '520300', '市辖区');
INSERT INTO "ESHOPUSER"."T_AREA" VALUES ('520302', '520300', '红花岗区');
INSERT INTO "ESHOPUSER"."T_AREA" VALUES ('520303', '520300', '汇川区');
INSERT INTO "ESHOPUSER"."T_AREA" VALUES ('520321', '520300', '遵义县');
INSERT INTO "ESHOPUSER"."T_AREA" VALUES ('520322', '520300', '桐梓县');
INSERT INTO "ESHOPUSER"."T_AREA" VALUES ('520323', '520300', '绥阳县');
INSERT INTO "ESHOPUSER"."T_AREA" VALUES ('520324', '520300', '正安县');
INSERT INTO "ESHOPUSER"."T_AREA" VALUES ('520325', '520300', '道真仡佬族苗族自治县');
INSERT INTO "ESHOPUSER"."T_AREA" VALUES ('520326', '520300', '务川仡佬族苗族自治县');
INSERT INTO "ESHOPUSER"."T_AREA" VALUES ('520327', '520300', '凤冈县');
INSERT INTO "ESHOPUSER"."T_AREA" VALUES ('520328', '520300', '湄潭县');
INSERT INTO "ESHOPUSER"."T_AREA" VALUES ('520329', '520300', '余庆县');
INSERT INTO "ESHOPUSER"."T_AREA" VALUES ('520330', '520300', '习水县');
INSERT INTO "ESHOPUSER"."T_AREA" VALUES ('520381', '520300', '赤水市');
INSERT INTO "ESHOPUSER"."T_AREA" VALUES ('520382', '520300', '仁怀市');
INSERT INTO "ESHOPUSER"."T_AREA" VALUES ('520401', '520400', '市辖区');
INSERT INTO "ESHOPUSER"."T_AREA" VALUES ('520402', '520400', '西秀区');
INSERT INTO "ESHOPUSER"."T_AREA" VALUES ('520421', '520400', '平坝县');
INSERT INTO "ESHOPUSER"."T_AREA" VALUES ('520422', '520400', '普定县');
INSERT INTO "ESHOPUSER"."T_AREA" VALUES ('520423', '520400', '镇宁布依族苗族自治县');
INSERT INTO "ESHOPUSER"."T_AREA" VALUES ('520424', '520400', '关岭布依族苗族自治县');
INSERT INTO "ESHOPUSER"."T_AREA" VALUES ('520425', '520400', '紫云苗族布依族自治县');
INSERT INTO "ESHOPUSER"."T_AREA" VALUES ('522201', '522200', '铜仁市');
INSERT INTO "ESHOPUSER"."T_AREA" VALUES ('522222', '522200', '江口县');
INSERT INTO "ESHOPUSER"."T_AREA" VALUES ('522223', '522200', '玉屏侗族自治县');
INSERT INTO "ESHOPUSER"."T_AREA" VALUES ('522224', '522200', '石阡县');
INSERT INTO "ESHOPUSER"."T_AREA" VALUES ('522225', '522200', '思南县');
INSERT INTO "ESHOPUSER"."T_AREA" VALUES ('522226', '522200', '印江土家族苗族自治县');
INSERT INTO "ESHOPUSER"."T_AREA" VALUES ('522227', '522200', '德江县');
INSERT INTO "ESHOPUSER"."T_AREA" VALUES ('522228', '522200', '沿河土家族自治县');
INSERT INTO "ESHOPUSER"."T_AREA" VALUES ('522229', '522200', '松桃苗族自治县');
INSERT INTO "ESHOPUSER"."T_AREA" VALUES ('522230', '522200', '万山特区');
INSERT INTO "ESHOPUSER"."T_AREA" VALUES ('522301', '522300', '兴义市');
INSERT INTO "ESHOPUSER"."T_AREA" VALUES ('522322', '522300', '兴仁县');
INSERT INTO "ESHOPUSER"."T_AREA" VALUES ('522323', '522300', '普安县');
INSERT INTO "ESHOPUSER"."T_AREA" VALUES ('522324', '522300', '晴隆县');
INSERT INTO "ESHOPUSER"."T_AREA" VALUES ('522325', '522300', '贞丰县');
INSERT INTO "ESHOPUSER"."T_AREA" VALUES ('522326', '522300', '望谟县');
INSERT INTO "ESHOPUSER"."T_AREA" VALUES ('522327', '522300', '册亨县');
INSERT INTO "ESHOPUSER"."T_AREA" VALUES ('522328', '522300', '安龙县');
INSERT INTO "ESHOPUSER"."T_AREA" VALUES ('522401', '522400', '毕节市');
INSERT INTO "ESHOPUSER"."T_AREA" VALUES ('522422', '522400', '大方县');
INSERT INTO "ESHOPUSER"."T_AREA" VALUES ('522423', '522400', '黔西县');
INSERT INTO "ESHOPUSER"."T_AREA" VALUES ('522424', '522400', '金沙县');
INSERT INTO "ESHOPUSER"."T_AREA" VALUES ('522425', '522400', '织金县');
INSERT INTO "ESHOPUSER"."T_AREA" VALUES ('522426', '522400', '纳雍县');
INSERT INTO "ESHOPUSER"."T_AREA" VALUES ('522427', '522400', '威宁彝族回族苗族自治县');
INSERT INTO "ESHOPUSER"."T_AREA" VALUES ('522428', '522400', '赫章县');
INSERT INTO "ESHOPUSER"."T_AREA" VALUES ('522601', '522600', '凯里市');
INSERT INTO "ESHOPUSER"."T_AREA" VALUES ('522622', '522600', '黄平县');
INSERT INTO "ESHOPUSER"."T_AREA" VALUES ('522623', '522600', '施秉县');
INSERT INTO "ESHOPUSER"."T_AREA" VALUES ('522624', '522600', '三穗县');
INSERT INTO "ESHOPUSER"."T_AREA" VALUES ('522625', '522600', '镇远县');
INSERT INTO "ESHOPUSER"."T_AREA" VALUES ('522626', '522600', '岑巩县');
INSERT INTO "ESHOPUSER"."T_AREA" VALUES ('522627', '522600', '天柱县');
INSERT INTO "ESHOPUSER"."T_AREA" VALUES ('522628', '522600', '锦屏县');
INSERT INTO "ESHOPUSER"."T_AREA" VALUES ('522629', '522600', '剑河县');
INSERT INTO "ESHOPUSER"."T_AREA" VALUES ('522630', '522600', '台江县');
INSERT INTO "ESHOPUSER"."T_AREA" VALUES ('522631', '522600', '黎平县');
INSERT INTO "ESHOPUSER"."T_AREA" VALUES ('522632', '522600', '榕江县');
INSERT INTO "ESHOPUSER"."T_AREA" VALUES ('522633', '522600', '从江县');
INSERT INTO "ESHOPUSER"."T_AREA" VALUES ('522634', '522600', '雷山县');
INSERT INTO "ESHOPUSER"."T_AREA" VALUES ('522635', '522600', '麻江县');
INSERT INTO "ESHOPUSER"."T_AREA" VALUES ('522636', '522600', '丹寨县');
INSERT INTO "ESHOPUSER"."T_AREA" VALUES ('522701', '522700', '都匀市');
INSERT INTO "ESHOPUSER"."T_AREA" VALUES ('522702', '522700', '福泉市');
INSERT INTO "ESHOPUSER"."T_AREA" VALUES ('522722', '522700', '荔波县');
INSERT INTO "ESHOPUSER"."T_AREA" VALUES ('522723', '522700', '贵定县');
INSERT INTO "ESHOPUSER"."T_AREA" VALUES ('522725', '522700', '瓮安县');
INSERT INTO "ESHOPUSER"."T_AREA" VALUES ('522726', '522700', '独山县');
INSERT INTO "ESHOPUSER"."T_AREA" VALUES ('522727', '522700', '平塘县');
INSERT INTO "ESHOPUSER"."T_AREA" VALUES ('522728', '522700', '罗甸县');
INSERT INTO "ESHOPUSER"."T_AREA" VALUES ('522729', '522700', '长顺县');
INSERT INTO "ESHOPUSER"."T_AREA" VALUES ('522730', '522700', '龙里县');
INSERT INTO "ESHOPUSER"."T_AREA" VALUES ('522731', '522700', '惠水县');
INSERT INTO "ESHOPUSER"."T_AREA" VALUES ('522732', '522700', '三都水族自治县');
INSERT INTO "ESHOPUSER"."T_AREA" VALUES ('530101', '530100', '市辖区');
INSERT INTO "ESHOPUSER"."T_AREA" VALUES ('530102', '530100', '五华区');
INSERT INTO "ESHOPUSER"."T_AREA" VALUES ('530103', '530100', '盘龙区');
INSERT INTO "ESHOPUSER"."T_AREA" VALUES ('530111', '530100', '官渡区');
INSERT INTO "ESHOPUSER"."T_AREA" VALUES ('530112', '530100', '西山区');
INSERT INTO "ESHOPUSER"."T_AREA" VALUES ('530113', '530100', '东川区');
INSERT INTO "ESHOPUSER"."T_AREA" VALUES ('530121', '530100', '呈贡县');
INSERT INTO "ESHOPUSER"."T_AREA" VALUES ('530122', '530100', '晋宁县');
INSERT INTO "ESHOPUSER"."T_AREA" VALUES ('530124', '530100', '富民县');
INSERT INTO "ESHOPUSER"."T_AREA" VALUES ('530125', '530100', '宜良县');
INSERT INTO "ESHOPUSER"."T_AREA" VALUES ('530126', '530100', '石林彝族自治县');
INSERT INTO "ESHOPUSER"."T_AREA" VALUES ('530127', '530100', '嵩明县');
INSERT INTO "ESHOPUSER"."T_AREA" VALUES ('530128', '530100', '禄劝彝族苗族自治县');
INSERT INTO "ESHOPUSER"."T_AREA" VALUES ('530129', '530100', '寻甸回族彝族自治县');
INSERT INTO "ESHOPUSER"."T_AREA" VALUES ('530181', '530100', '安宁市');
INSERT INTO "ESHOPUSER"."T_AREA" VALUES ('530301', '530300', '市辖区');
INSERT INTO "ESHOPUSER"."T_AREA" VALUES ('530302', '530300', '麒麟区');
INSERT INTO "ESHOPUSER"."T_AREA" VALUES ('530321', '530300', '马龙县');
INSERT INTO "ESHOPUSER"."T_AREA" VALUES ('530322', '530300', '陆良县');
INSERT INTO "ESHOPUSER"."T_AREA" VALUES ('530323', '530300', '师宗县');
INSERT INTO "ESHOPUSER"."T_AREA" VALUES ('530324', '530300', '罗平县');
INSERT INTO "ESHOPUSER"."T_AREA" VALUES ('530325', '530300', '富源县');
INSERT INTO "ESHOPUSER"."T_AREA" VALUES ('530326', '530300', '会泽县');
INSERT INTO "ESHOPUSER"."T_AREA" VALUES ('530328', '530300', '沾益县');
INSERT INTO "ESHOPUSER"."T_AREA" VALUES ('530381', '530300', '宣威市');
INSERT INTO "ESHOPUSER"."T_AREA" VALUES ('530401', '530400', '市辖区');
INSERT INTO "ESHOPUSER"."T_AREA" VALUES ('530402', '530400', '红塔区');
INSERT INTO "ESHOPUSER"."T_AREA" VALUES ('530421', '530400', '江川县');
INSERT INTO "ESHOPUSER"."T_AREA" VALUES ('530422', '530400', '澄江县');
INSERT INTO "ESHOPUSER"."T_AREA" VALUES ('530423', '530400', '通海县');
INSERT INTO "ESHOPUSER"."T_AREA" VALUES ('530424', '530400', '华宁县');
INSERT INTO "ESHOPUSER"."T_AREA" VALUES ('530425', '530400', '易门县');
INSERT INTO "ESHOPUSER"."T_AREA" VALUES ('530426', '530400', '峨山彝族自治县');
INSERT INTO "ESHOPUSER"."T_AREA" VALUES ('530427', '530400', '新平彝族傣族自治县');
INSERT INTO "ESHOPUSER"."T_AREA" VALUES ('530428', '530400', '元江哈尼族彝族傣族自治县');
INSERT INTO "ESHOPUSER"."T_AREA" VALUES ('530501', '530500', '市辖区');
INSERT INTO "ESHOPUSER"."T_AREA" VALUES ('530502', '530500', '隆阳区');
INSERT INTO "ESHOPUSER"."T_AREA" VALUES ('530521', '530500', '施甸县');
INSERT INTO "ESHOPUSER"."T_AREA" VALUES ('530522', '530500', '腾冲县');
INSERT INTO "ESHOPUSER"."T_AREA" VALUES ('530523', '530500', '龙陵县');
INSERT INTO "ESHOPUSER"."T_AREA" VALUES ('530524', '530500', '昌宁县');
INSERT INTO "ESHOPUSER"."T_AREA" VALUES ('530601', '530600', '市辖区');
INSERT INTO "ESHOPUSER"."T_AREA" VALUES ('530602', '530600', '昭阳区');
INSERT INTO "ESHOPUSER"."T_AREA" VALUES ('530621', '530600', '鲁甸县');
INSERT INTO "ESHOPUSER"."T_AREA" VALUES ('530622', '530600', '巧家县');
INSERT INTO "ESHOPUSER"."T_AREA" VALUES ('530623', '530600', '盐津县');
INSERT INTO "ESHOPUSER"."T_AREA" VALUES ('530624', '530600', '大关县');
INSERT INTO "ESHOPUSER"."T_AREA" VALUES ('530625', '530600', '永善县');
INSERT INTO "ESHOPUSER"."T_AREA" VALUES ('530626', '530600', '绥江县');
INSERT INTO "ESHOPUSER"."T_AREA" VALUES ('530627', '530600', '镇雄县');
INSERT INTO "ESHOPUSER"."T_AREA" VALUES ('530628', '530600', '彝良县');
INSERT INTO "ESHOPUSER"."T_AREA" VALUES ('530629', '530600', '威信县');
INSERT INTO "ESHOPUSER"."T_AREA" VALUES ('530630', '530600', '水富县');
INSERT INTO "ESHOPUSER"."T_AREA" VALUES ('530701', '530700', '市辖区');
INSERT INTO "ESHOPUSER"."T_AREA" VALUES ('530702', '530700', '古城区');
INSERT INTO "ESHOPUSER"."T_AREA" VALUES ('530721', '530700', '玉龙纳西族自治县');
INSERT INTO "ESHOPUSER"."T_AREA" VALUES ('530722', '530700', '永胜县');
INSERT INTO "ESHOPUSER"."T_AREA" VALUES ('530723', '530700', '华坪县');
INSERT INTO "ESHOPUSER"."T_AREA" VALUES ('530724', '530700', '宁蒗彝族自治县');
INSERT INTO "ESHOPUSER"."T_AREA" VALUES ('530801', '530800', '市辖区');
INSERT INTO "ESHOPUSER"."T_AREA" VALUES ('530802', '530800', '翠云区');
INSERT INTO "ESHOPUSER"."T_AREA" VALUES ('530821', '530800', '普洱哈尼族彝族自治县');
INSERT INTO "ESHOPUSER"."T_AREA" VALUES ('530822', '530800', '墨江哈尼族自治县');
INSERT INTO "ESHOPUSER"."T_AREA" VALUES ('530823', '530800', '景东彝族自治县');
INSERT INTO "ESHOPUSER"."T_AREA" VALUES ('530824', '530800', '景谷傣族彝族自治县');
INSERT INTO "ESHOPUSER"."T_AREA" VALUES ('530825', '530800', '镇沅彝族哈尼族拉祜族自治县');
INSERT INTO "ESHOPUSER"."T_AREA" VALUES ('530826', '530800', '江城哈尼族彝族自治县');
INSERT INTO "ESHOPUSER"."T_AREA" VALUES ('530827', '530800', '孟连傣族拉祜族佤族自治县');
INSERT INTO "ESHOPUSER"."T_AREA" VALUES ('530828', '530800', '澜沧拉祜族自治县');
INSERT INTO "ESHOPUSER"."T_AREA" VALUES ('530829', '530800', '西盟佤族自治县');
INSERT INTO "ESHOPUSER"."T_AREA" VALUES ('530901', '530900', '市辖区');
INSERT INTO "ESHOPUSER"."T_AREA" VALUES ('530902', '530900', '临翔区');
INSERT INTO "ESHOPUSER"."T_AREA" VALUES ('530921', '530900', '凤庆县');
INSERT INTO "ESHOPUSER"."T_AREA" VALUES ('530922', '530900', '云　县');
INSERT INTO "ESHOPUSER"."T_AREA" VALUES ('530923', '530900', '永德县');
INSERT INTO "ESHOPUSER"."T_AREA" VALUES ('530924', '530900', '镇康县');
INSERT INTO "ESHOPUSER"."T_AREA" VALUES ('530925', '530900', '双江拉祜族佤族布朗族傣族自治县');
INSERT INTO "ESHOPUSER"."T_AREA" VALUES ('530926', '530900', '耿马傣族佤族自治县');
INSERT INTO "ESHOPUSER"."T_AREA" VALUES ('530927', '530900', '沧源佤族自治县');
INSERT INTO "ESHOPUSER"."T_AREA" VALUES ('532301', '532300', '楚雄市');
INSERT INTO "ESHOPUSER"."T_AREA" VALUES ('532322', '532300', '双柏县');
INSERT INTO "ESHOPUSER"."T_AREA" VALUES ('532323', '532300', '牟定县');
INSERT INTO "ESHOPUSER"."T_AREA" VALUES ('532324', '532300', '南华县');
INSERT INTO "ESHOPUSER"."T_AREA" VALUES ('532325', '532300', '姚安县');
INSERT INTO "ESHOPUSER"."T_AREA" VALUES ('532326', '532300', '大姚县');
INSERT INTO "ESHOPUSER"."T_AREA" VALUES ('532327', '532300', '永仁县');
INSERT INTO "ESHOPUSER"."T_AREA" VALUES ('532328', '532300', '元谋县');
INSERT INTO "ESHOPUSER"."T_AREA" VALUES ('532329', '532300', '武定县');
INSERT INTO "ESHOPUSER"."T_AREA" VALUES ('532331', '532300', '禄丰县');
INSERT INTO "ESHOPUSER"."T_AREA" VALUES ('532501', '532500', '个旧市');
INSERT INTO "ESHOPUSER"."T_AREA" VALUES ('532502', '532500', '开远市');
INSERT INTO "ESHOPUSER"."T_AREA" VALUES ('532522', '532500', '蒙自县');
INSERT INTO "ESHOPUSER"."T_AREA" VALUES ('532523', '532500', '屏边苗族自治县');
INSERT INTO "ESHOPUSER"."T_AREA" VALUES ('532524', '532500', '建水县');
INSERT INTO "ESHOPUSER"."T_AREA" VALUES ('532525', '532500', '石屏县');
INSERT INTO "ESHOPUSER"."T_AREA" VALUES ('532526', '532500', '弥勒县');
INSERT INTO "ESHOPUSER"."T_AREA" VALUES ('532527', '532500', '泸西县');
INSERT INTO "ESHOPUSER"."T_AREA" VALUES ('532528', '532500', '元阳县');
INSERT INTO "ESHOPUSER"."T_AREA" VALUES ('532529', '532500', '红河县');
INSERT INTO "ESHOPUSER"."T_AREA" VALUES ('532530', '532500', '金平苗族瑶族傣族自治县');
INSERT INTO "ESHOPUSER"."T_AREA" VALUES ('532531', '532500', '绿春县');
INSERT INTO "ESHOPUSER"."T_AREA" VALUES ('532532', '532500', '河口瑶族自治县');
INSERT INTO "ESHOPUSER"."T_AREA" VALUES ('532621', '532600', '文山县');
INSERT INTO "ESHOPUSER"."T_AREA" VALUES ('532622', '532600', '砚山县');
INSERT INTO "ESHOPUSER"."T_AREA" VALUES ('532623', '532600', '西畴县');
INSERT INTO "ESHOPUSER"."T_AREA" VALUES ('532624', '532600', '麻栗坡县');
INSERT INTO "ESHOPUSER"."T_AREA" VALUES ('532625', '532600', '马关县');
INSERT INTO "ESHOPUSER"."T_AREA" VALUES ('532626', '532600', '丘北县');
INSERT INTO "ESHOPUSER"."T_AREA" VALUES ('532627', '532600', '广南县');
INSERT INTO "ESHOPUSER"."T_AREA" VALUES ('532628', '532600', '富宁县');
INSERT INTO "ESHOPUSER"."T_AREA" VALUES ('532801', '532800', '景洪市');
INSERT INTO "ESHOPUSER"."T_AREA" VALUES ('532822', '532800', '勐海县');
INSERT INTO "ESHOPUSER"."T_AREA" VALUES ('532823', '532800', '勐腊县');
INSERT INTO "ESHOPUSER"."T_AREA" VALUES ('532901', '532900', '大理市');
INSERT INTO "ESHOPUSER"."T_AREA" VALUES ('532922', '532900', '漾濞彝族自治县');
INSERT INTO "ESHOPUSER"."T_AREA" VALUES ('532923', '532900', '祥云县');
INSERT INTO "ESHOPUSER"."T_AREA" VALUES ('532924', '532900', '宾川县');
INSERT INTO "ESHOPUSER"."T_AREA" VALUES ('532925', '532900', '弥渡县');
INSERT INTO "ESHOPUSER"."T_AREA" VALUES ('532926', '532900', '南涧彝族自治县');
INSERT INTO "ESHOPUSER"."T_AREA" VALUES ('532927', '532900', '巍山彝族回族自治县');
INSERT INTO "ESHOPUSER"."T_AREA" VALUES ('532928', '532900', '永平县');
INSERT INTO "ESHOPUSER"."T_AREA" VALUES ('532929', '532900', '云龙县');
INSERT INTO "ESHOPUSER"."T_AREA" VALUES ('532930', '532900', '洱源县');
INSERT INTO "ESHOPUSER"."T_AREA" VALUES ('532931', '532900', '剑川县');
INSERT INTO "ESHOPUSER"."T_AREA" VALUES ('532932', '532900', '鹤庆县');
INSERT INTO "ESHOPUSER"."T_AREA" VALUES ('533102', '533100', '瑞丽市');
INSERT INTO "ESHOPUSER"."T_AREA" VALUES ('533103', '533100', '潞西市');
INSERT INTO "ESHOPUSER"."T_AREA" VALUES ('533122', '533100', '梁河县');
INSERT INTO "ESHOPUSER"."T_AREA" VALUES ('533123', '533100', '盈江县');
INSERT INTO "ESHOPUSER"."T_AREA" VALUES ('533124', '533100', '陇川县');
INSERT INTO "ESHOPUSER"."T_AREA" VALUES ('533321', '533300', '泸水县');
INSERT INTO "ESHOPUSER"."T_AREA" VALUES ('533323', '533300', '福贡县');
INSERT INTO "ESHOPUSER"."T_AREA" VALUES ('533324', '533300', '贡山独龙族怒族自治县');
INSERT INTO "ESHOPUSER"."T_AREA" VALUES ('533325', '533300', '兰坪白族普米族自治县');
INSERT INTO "ESHOPUSER"."T_AREA" VALUES ('533421', '533400', '香格里拉县');
INSERT INTO "ESHOPUSER"."T_AREA" VALUES ('533422', '533400', '德钦县');
INSERT INTO "ESHOPUSER"."T_AREA" VALUES ('533423', '533400', '维西傈僳族自治县');
INSERT INTO "ESHOPUSER"."T_AREA" VALUES ('540101', '540100', '市辖区');
INSERT INTO "ESHOPUSER"."T_AREA" VALUES ('540102', '540100', '城关区');
INSERT INTO "ESHOPUSER"."T_AREA" VALUES ('540121', '540100', '林周县');
INSERT INTO "ESHOPUSER"."T_AREA" VALUES ('540122', '540100', '当雄县');
INSERT INTO "ESHOPUSER"."T_AREA" VALUES ('540123', '540100', '尼木县');
INSERT INTO "ESHOPUSER"."T_AREA" VALUES ('540124', '540100', '曲水县');
INSERT INTO "ESHOPUSER"."T_AREA" VALUES ('540125', '540100', '堆龙德庆县');
INSERT INTO "ESHOPUSER"."T_AREA" VALUES ('540126', '540100', '达孜县');
INSERT INTO "ESHOPUSER"."T_AREA" VALUES ('540127', '540100', '墨竹工卡县');
INSERT INTO "ESHOPUSER"."T_AREA" VALUES ('542121', '542100', '昌都县');
INSERT INTO "ESHOPUSER"."T_AREA" VALUES ('542122', '542100', '江达县');
INSERT INTO "ESHOPUSER"."T_AREA" VALUES ('542123', '542100', '贡觉县');
INSERT INTO "ESHOPUSER"."T_AREA" VALUES ('542124', '542100', '类乌齐县');
INSERT INTO "ESHOPUSER"."T_AREA" VALUES ('542125', '542100', '丁青县');
INSERT INTO "ESHOPUSER"."T_AREA" VALUES ('542126', '542100', '察雅县');
INSERT INTO "ESHOPUSER"."T_AREA" VALUES ('542127', '542100', '八宿县');
INSERT INTO "ESHOPUSER"."T_AREA" VALUES ('542128', '542100', '左贡县');
INSERT INTO "ESHOPUSER"."T_AREA" VALUES ('542129', '542100', '芒康县');
INSERT INTO "ESHOPUSER"."T_AREA" VALUES ('542132', '542100', '洛隆县');
INSERT INTO "ESHOPUSER"."T_AREA" VALUES ('542133', '542100', '边坝县');
INSERT INTO "ESHOPUSER"."T_AREA" VALUES ('542221', '542200', '乃东县');
INSERT INTO "ESHOPUSER"."T_AREA" VALUES ('542222', '542200', '扎囊县');
INSERT INTO "ESHOPUSER"."T_AREA" VALUES ('542223', '542200', '贡嘎县');
INSERT INTO "ESHOPUSER"."T_AREA" VALUES ('542224', '542200', '桑日县');
INSERT INTO "ESHOPUSER"."T_AREA" VALUES ('542225', '542200', '琼结县');
INSERT INTO "ESHOPUSER"."T_AREA" VALUES ('542226', '542200', '曲松县');
INSERT INTO "ESHOPUSER"."T_AREA" VALUES ('542227', '542200', '措美县');
INSERT INTO "ESHOPUSER"."T_AREA" VALUES ('542228', '542200', '洛扎县');
INSERT INTO "ESHOPUSER"."T_AREA" VALUES ('542229', '542200', '加查县');
INSERT INTO "ESHOPUSER"."T_AREA" VALUES ('542231', '542200', '隆子县');
INSERT INTO "ESHOPUSER"."T_AREA" VALUES ('542232', '542200', '错那县');
INSERT INTO "ESHOPUSER"."T_AREA" VALUES ('542233', '542200', '浪卡子县');
INSERT INTO "ESHOPUSER"."T_AREA" VALUES ('542301', '542300', '日喀则市');
INSERT INTO "ESHOPUSER"."T_AREA" VALUES ('542322', '542300', '南木林县');
INSERT INTO "ESHOPUSER"."T_AREA" VALUES ('542323', '542300', '江孜县');
INSERT INTO "ESHOPUSER"."T_AREA" VALUES ('542324', '542300', '定日县');
INSERT INTO "ESHOPUSER"."T_AREA" VALUES ('542325', '542300', '萨迦县');
INSERT INTO "ESHOPUSER"."T_AREA" VALUES ('542326', '542300', '拉孜县');
INSERT INTO "ESHOPUSER"."T_AREA" VALUES ('542327', '542300', '昂仁县');
INSERT INTO "ESHOPUSER"."T_AREA" VALUES ('542328', '542300', '谢通门县');
INSERT INTO "ESHOPUSER"."T_AREA" VALUES ('542329', '542300', '白朗县');
INSERT INTO "ESHOPUSER"."T_AREA" VALUES ('542330', '542300', '仁布县');
INSERT INTO "ESHOPUSER"."T_AREA" VALUES ('542331', '542300', '康马县');
INSERT INTO "ESHOPUSER"."T_AREA" VALUES ('542332', '542300', '定结县');
INSERT INTO "ESHOPUSER"."T_AREA" VALUES ('542333', '542300', '仲巴县');
INSERT INTO "ESHOPUSER"."T_AREA" VALUES ('542334', '542300', '亚东县');
INSERT INTO "ESHOPUSER"."T_AREA" VALUES ('542335', '542300', '吉隆县');
INSERT INTO "ESHOPUSER"."T_AREA" VALUES ('542336', '542300', '聂拉木县');
INSERT INTO "ESHOPUSER"."T_AREA" VALUES ('542337', '542300', '萨嘎县');
INSERT INTO "ESHOPUSER"."T_AREA" VALUES ('542338', '542300', '岗巴县');
INSERT INTO "ESHOPUSER"."T_AREA" VALUES ('542421', '542400', '那曲县');
INSERT INTO "ESHOPUSER"."T_AREA" VALUES ('542422', '542400', '嘉黎县');
INSERT INTO "ESHOPUSER"."T_AREA" VALUES ('542423', '542400', '比如县');
INSERT INTO "ESHOPUSER"."T_AREA" VALUES ('542424', '542400', '聂荣县');
INSERT INTO "ESHOPUSER"."T_AREA" VALUES ('542425', '542400', '安多县');
INSERT INTO "ESHOPUSER"."T_AREA" VALUES ('542426', '542400', '申扎县');
INSERT INTO "ESHOPUSER"."T_AREA" VALUES ('542427', '542400', '索　县');
INSERT INTO "ESHOPUSER"."T_AREA" VALUES ('542428', '542400', '班戈县');
INSERT INTO "ESHOPUSER"."T_AREA" VALUES ('542429', '542400', '巴青县');
INSERT INTO "ESHOPUSER"."T_AREA" VALUES ('542430', '542400', '尼玛县');
INSERT INTO "ESHOPUSER"."T_AREA" VALUES ('542521', '542500', '普兰县');
INSERT INTO "ESHOPUSER"."T_AREA" VALUES ('542522', '542500', '札达县');
INSERT INTO "ESHOPUSER"."T_AREA" VALUES ('542523', '542500', '噶尔县');
INSERT INTO "ESHOPUSER"."T_AREA" VALUES ('542524', '542500', '日土县');
INSERT INTO "ESHOPUSER"."T_AREA" VALUES ('542525', '542500', '革吉县');
INSERT INTO "ESHOPUSER"."T_AREA" VALUES ('542526', '542500', '改则县');
INSERT INTO "ESHOPUSER"."T_AREA" VALUES ('542527', '542500', '措勤县');
INSERT INTO "ESHOPUSER"."T_AREA" VALUES ('542621', '542600', '林芝县');
INSERT INTO "ESHOPUSER"."T_AREA" VALUES ('542622', '542600', '工布江达县');
INSERT INTO "ESHOPUSER"."T_AREA" VALUES ('542623', '542600', '米林县');
INSERT INTO "ESHOPUSER"."T_AREA" VALUES ('542624', '542600', '墨脱县');
INSERT INTO "ESHOPUSER"."T_AREA" VALUES ('542625', '542600', '波密县');
INSERT INTO "ESHOPUSER"."T_AREA" VALUES ('542626', '542600', '察隅县');
INSERT INTO "ESHOPUSER"."T_AREA" VALUES ('542627', '542600', '朗　县');
INSERT INTO "ESHOPUSER"."T_AREA" VALUES ('610101', '610100', '市辖区');
INSERT INTO "ESHOPUSER"."T_AREA" VALUES ('610102', '610100', '新城区');
INSERT INTO "ESHOPUSER"."T_AREA" VALUES ('610103', '610100', '碑林区');
INSERT INTO "ESHOPUSER"."T_AREA" VALUES ('610104', '610100', '莲湖区');
INSERT INTO "ESHOPUSER"."T_AREA" VALUES ('610111', '610100', '灞桥区');
INSERT INTO "ESHOPUSER"."T_AREA" VALUES ('610112', '610100', '未央区');
INSERT INTO "ESHOPUSER"."T_AREA" VALUES ('610113', '610100', '雁塔区');
INSERT INTO "ESHOPUSER"."T_AREA" VALUES ('610114', '610100', '阎良区');
INSERT INTO "ESHOPUSER"."T_AREA" VALUES ('610115', '610100', '临潼区');
INSERT INTO "ESHOPUSER"."T_AREA" VALUES ('610116', '610100', '长安区');
INSERT INTO "ESHOPUSER"."T_AREA" VALUES ('610122', '610100', '蓝田县');
INSERT INTO "ESHOPUSER"."T_AREA" VALUES ('610124', '610100', '周至县');
INSERT INTO "ESHOPUSER"."T_AREA" VALUES ('610125', '610100', '户　县');
INSERT INTO "ESHOPUSER"."T_AREA" VALUES ('610126', '610100', '高陵县');
INSERT INTO "ESHOPUSER"."T_AREA" VALUES ('610201', '610200', '市辖区');
INSERT INTO "ESHOPUSER"."T_AREA" VALUES ('610202', '610200', '王益区');
INSERT INTO "ESHOPUSER"."T_AREA" VALUES ('610203', '610200', '印台区');
INSERT INTO "ESHOPUSER"."T_AREA" VALUES ('610204', '610200', '耀州区');
INSERT INTO "ESHOPUSER"."T_AREA" VALUES ('610222', '610200', '宜君县');
INSERT INTO "ESHOPUSER"."T_AREA" VALUES ('610301', '610300', '市辖区');
INSERT INTO "ESHOPUSER"."T_AREA" VALUES ('610302', '610300', '渭滨区');
INSERT INTO "ESHOPUSER"."T_AREA" VALUES ('610303', '610300', '金台区');
INSERT INTO "ESHOPUSER"."T_AREA" VALUES ('610304', '610300', '陈仓区');
INSERT INTO "ESHOPUSER"."T_AREA" VALUES ('610322', '610300', '凤翔县');
INSERT INTO "ESHOPUSER"."T_AREA" VALUES ('610323', '610300', '岐山县');
INSERT INTO "ESHOPUSER"."T_AREA" VALUES ('610324', '610300', '扶风县');
INSERT INTO "ESHOPUSER"."T_AREA" VALUES ('610326', '610300', '眉　县');
INSERT INTO "ESHOPUSER"."T_AREA" VALUES ('610327', '610300', '陇　县');
INSERT INTO "ESHOPUSER"."T_AREA" VALUES ('610328', '610300', '千阳县');
INSERT INTO "ESHOPUSER"."T_AREA" VALUES ('610329', '610300', '麟游县');
INSERT INTO "ESHOPUSER"."T_AREA" VALUES ('610330', '610300', '凤　县');
INSERT INTO "ESHOPUSER"."T_AREA" VALUES ('610331', '610300', '太白县');
INSERT INTO "ESHOPUSER"."T_AREA" VALUES ('610401', '610400', '市辖区');
INSERT INTO "ESHOPUSER"."T_AREA" VALUES ('610402', '610400', '秦都区');
INSERT INTO "ESHOPUSER"."T_AREA" VALUES ('610403', '610400', '杨凌区');
INSERT INTO "ESHOPUSER"."T_AREA" VALUES ('610404', '610400', '渭城区');
INSERT INTO "ESHOPUSER"."T_AREA" VALUES ('610422', '610400', '三原县');
INSERT INTO "ESHOPUSER"."T_AREA" VALUES ('610423', '610400', '泾阳县');
INSERT INTO "ESHOPUSER"."T_AREA" VALUES ('610424', '610400', '乾　县');
INSERT INTO "ESHOPUSER"."T_AREA" VALUES ('610425', '610400', '礼泉县');
INSERT INTO "ESHOPUSER"."T_AREA" VALUES ('610426', '610400', '永寿县');
INSERT INTO "ESHOPUSER"."T_AREA" VALUES ('610427', '610400', '彬　县');
INSERT INTO "ESHOPUSER"."T_AREA" VALUES ('610428', '610400', '长武县');
INSERT INTO "ESHOPUSER"."T_AREA" VALUES ('610429', '610400', '旬邑县');
INSERT INTO "ESHOPUSER"."T_AREA" VALUES ('610430', '610400', '淳化县');
INSERT INTO "ESHOPUSER"."T_AREA" VALUES ('610431', '610400', '武功县');
INSERT INTO "ESHOPUSER"."T_AREA" VALUES ('610481', '610400', '兴平市');
INSERT INTO "ESHOPUSER"."T_AREA" VALUES ('610501', '610500', '市辖区');
INSERT INTO "ESHOPUSER"."T_AREA" VALUES ('610502', '610500', '临渭区');
INSERT INTO "ESHOPUSER"."T_AREA" VALUES ('610521', '610500', '华　县');
INSERT INTO "ESHOPUSER"."T_AREA" VALUES ('610522', '610500', '潼关县');
INSERT INTO "ESHOPUSER"."T_AREA" VALUES ('610523', '610500', '大荔县');
INSERT INTO "ESHOPUSER"."T_AREA" VALUES ('610524', '610500', '合阳县');
INSERT INTO "ESHOPUSER"."T_AREA" VALUES ('610525', '610500', '澄城县');
INSERT INTO "ESHOPUSER"."T_AREA" VALUES ('610526', '610500', '蒲城县');
INSERT INTO "ESHOPUSER"."T_AREA" VALUES ('610527', '610500', '白水县');
INSERT INTO "ESHOPUSER"."T_AREA" VALUES ('610528', '610500', '富平县');
INSERT INTO "ESHOPUSER"."T_AREA" VALUES ('610581', '610500', '韩城市');
INSERT INTO "ESHOPUSER"."T_AREA" VALUES ('610582', '610500', '华阴市');
INSERT INTO "ESHOPUSER"."T_AREA" VALUES ('610601', '610600', '市辖区');
INSERT INTO "ESHOPUSER"."T_AREA" VALUES ('610602', '610600', '宝塔区');
INSERT INTO "ESHOPUSER"."T_AREA" VALUES ('610621', '610600', '延长县');
INSERT INTO "ESHOPUSER"."T_AREA" VALUES ('610622', '610600', '延川县');
INSERT INTO "ESHOPUSER"."T_AREA" VALUES ('610623', '610600', '子长县');
INSERT INTO "ESHOPUSER"."T_AREA" VALUES ('610624', '610600', '安塞县');
INSERT INTO "ESHOPUSER"."T_AREA" VALUES ('610625', '610600', '志丹县');
INSERT INTO "ESHOPUSER"."T_AREA" VALUES ('610626', '610600', '吴旗县');
INSERT INTO "ESHOPUSER"."T_AREA" VALUES ('610627', '610600', '甘泉县');
INSERT INTO "ESHOPUSER"."T_AREA" VALUES ('610628', '610600', '富　县');
INSERT INTO "ESHOPUSER"."T_AREA" VALUES ('610629', '610600', '洛川县');
INSERT INTO "ESHOPUSER"."T_AREA" VALUES ('610630', '610600', '宜川县');
INSERT INTO "ESHOPUSER"."T_AREA" VALUES ('610631', '610600', '黄龙县');
INSERT INTO "ESHOPUSER"."T_AREA" VALUES ('610632', '610600', '黄陵县');
INSERT INTO "ESHOPUSER"."T_AREA" VALUES ('610701', '610700', '市辖区');
INSERT INTO "ESHOPUSER"."T_AREA" VALUES ('610702', '610700', '汉台区');
INSERT INTO "ESHOPUSER"."T_AREA" VALUES ('610721', '610700', '南郑县');
INSERT INTO "ESHOPUSER"."T_AREA" VALUES ('610722', '610700', '城固县');
INSERT INTO "ESHOPUSER"."T_AREA" VALUES ('610723', '610700', '洋　县');
INSERT INTO "ESHOPUSER"."T_AREA" VALUES ('610724', '610700', '西乡县');
INSERT INTO "ESHOPUSER"."T_AREA" VALUES ('610725', '610700', '勉　县');
INSERT INTO "ESHOPUSER"."T_AREA" VALUES ('610726', '610700', '宁强县');
INSERT INTO "ESHOPUSER"."T_AREA" VALUES ('610727', '610700', '略阳县');
INSERT INTO "ESHOPUSER"."T_AREA" VALUES ('610728', '610700', '镇巴县');
INSERT INTO "ESHOPUSER"."T_AREA" VALUES ('610729', '610700', '留坝县');
INSERT INTO "ESHOPUSER"."T_AREA" VALUES ('610730', '610700', '佛坪县');
INSERT INTO "ESHOPUSER"."T_AREA" VALUES ('610801', '610800', '市辖区');
INSERT INTO "ESHOPUSER"."T_AREA" VALUES ('610802', '610800', '榆阳区');
INSERT INTO "ESHOPUSER"."T_AREA" VALUES ('610821', '610800', '神木县');
INSERT INTO "ESHOPUSER"."T_AREA" VALUES ('610822', '610800', '府谷县');
INSERT INTO "ESHOPUSER"."T_AREA" VALUES ('610823', '610800', '横山县');
INSERT INTO "ESHOPUSER"."T_AREA" VALUES ('610824', '610800', '靖边县');
INSERT INTO "ESHOPUSER"."T_AREA" VALUES ('610825', '610800', '定边县');
INSERT INTO "ESHOPUSER"."T_AREA" VALUES ('610826', '610800', '绥德县');
INSERT INTO "ESHOPUSER"."T_AREA" VALUES ('610827', '610800', '米脂县');
INSERT INTO "ESHOPUSER"."T_AREA" VALUES ('610828', '610800', '佳　县');
INSERT INTO "ESHOPUSER"."T_AREA" VALUES ('610829', '610800', '吴堡县');
INSERT INTO "ESHOPUSER"."T_AREA" VALUES ('610830', '610800', '清涧县');
INSERT INTO "ESHOPUSER"."T_AREA" VALUES ('610831', '610800', '子洲县');
INSERT INTO "ESHOPUSER"."T_AREA" VALUES ('610901', '610900', '市辖区');
INSERT INTO "ESHOPUSER"."T_AREA" VALUES ('610902', '610900', '汉滨区');
INSERT INTO "ESHOPUSER"."T_AREA" VALUES ('610921', '610900', '汉阴县');
INSERT INTO "ESHOPUSER"."T_AREA" VALUES ('610922', '610900', '石泉县');
INSERT INTO "ESHOPUSER"."T_AREA" VALUES ('610923', '610900', '宁陕县');
INSERT INTO "ESHOPUSER"."T_AREA" VALUES ('610924', '610900', '紫阳县');
INSERT INTO "ESHOPUSER"."T_AREA" VALUES ('610925', '610900', '岚皋县');
INSERT INTO "ESHOPUSER"."T_AREA" VALUES ('610926', '610900', '平利县');
INSERT INTO "ESHOPUSER"."T_AREA" VALUES ('610927', '610900', '镇坪县');
INSERT INTO "ESHOPUSER"."T_AREA" VALUES ('610928', '610900', '旬阳县');
INSERT INTO "ESHOPUSER"."T_AREA" VALUES ('610929', '610900', '白河县');
INSERT INTO "ESHOPUSER"."T_AREA" VALUES ('611001', '611000', '市辖区');
INSERT INTO "ESHOPUSER"."T_AREA" VALUES ('611002', '611000', '商州区');
INSERT INTO "ESHOPUSER"."T_AREA" VALUES ('611021', '611000', '洛南县');
INSERT INTO "ESHOPUSER"."T_AREA" VALUES ('611022', '611000', '丹凤县');
INSERT INTO "ESHOPUSER"."T_AREA" VALUES ('611023', '611000', '商南县');
INSERT INTO "ESHOPUSER"."T_AREA" VALUES ('611024', '611000', '山阳县');
INSERT INTO "ESHOPUSER"."T_AREA" VALUES ('611025', '611000', '镇安县');
INSERT INTO "ESHOPUSER"."T_AREA" VALUES ('611026', '611000', '柞水县');
INSERT INTO "ESHOPUSER"."T_AREA" VALUES ('620101', '620100', '市辖区');
INSERT INTO "ESHOPUSER"."T_AREA" VALUES ('620102', '620100', '城关区');
INSERT INTO "ESHOPUSER"."T_AREA" VALUES ('620103', '620100', '七里河区');
INSERT INTO "ESHOPUSER"."T_AREA" VALUES ('620104', '620100', '西固区');
INSERT INTO "ESHOPUSER"."T_AREA" VALUES ('620105', '620100', '安宁区');
INSERT INTO "ESHOPUSER"."T_AREA" VALUES ('620111', '620100', '红古区');
INSERT INTO "ESHOPUSER"."T_AREA" VALUES ('620121', '620100', '永登县');
INSERT INTO "ESHOPUSER"."T_AREA" VALUES ('620122', '620100', '皋兰县');
INSERT INTO "ESHOPUSER"."T_AREA" VALUES ('620123', '620100', '榆中县');
INSERT INTO "ESHOPUSER"."T_AREA" VALUES ('620201', '620200', '市辖区');
INSERT INTO "ESHOPUSER"."T_AREA" VALUES ('620301', '620300', '市辖区');
INSERT INTO "ESHOPUSER"."T_AREA" VALUES ('620302', '620300', '金川区');
INSERT INTO "ESHOPUSER"."T_AREA" VALUES ('620321', '620300', '永昌县');
INSERT INTO "ESHOPUSER"."T_AREA" VALUES ('620401', '620400', '市辖区');
INSERT INTO "ESHOPUSER"."T_AREA" VALUES ('620402', '620400', '白银区');
INSERT INTO "ESHOPUSER"."T_AREA" VALUES ('620403', '620400', '平川区');
INSERT INTO "ESHOPUSER"."T_AREA" VALUES ('620421', '620400', '靖远县');
INSERT INTO "ESHOPUSER"."T_AREA" VALUES ('620422', '620400', '会宁县');
INSERT INTO "ESHOPUSER"."T_AREA" VALUES ('620423', '620400', '景泰县');
INSERT INTO "ESHOPUSER"."T_AREA" VALUES ('620501', '620500', '市辖区');
INSERT INTO "ESHOPUSER"."T_AREA" VALUES ('620502', '620500', '秦城区');
INSERT INTO "ESHOPUSER"."T_AREA" VALUES ('620503', '620500', '北道区');
INSERT INTO "ESHOPUSER"."T_AREA" VALUES ('620521', '620500', '清水县');
INSERT INTO "ESHOPUSER"."T_AREA" VALUES ('620522', '620500', '秦安县');
INSERT INTO "ESHOPUSER"."T_AREA" VALUES ('620523', '620500', '甘谷县');
INSERT INTO "ESHOPUSER"."T_AREA" VALUES ('620524', '620500', '武山县');
INSERT INTO "ESHOPUSER"."T_AREA" VALUES ('620525', '620500', '张家川回族自治县');
INSERT INTO "ESHOPUSER"."T_AREA" VALUES ('620601', '620600', '市辖区');
INSERT INTO "ESHOPUSER"."T_AREA" VALUES ('620602', '620600', '凉州区');
INSERT INTO "ESHOPUSER"."T_AREA" VALUES ('620621', '620600', '民勤县');
INSERT INTO "ESHOPUSER"."T_AREA" VALUES ('620622', '620600', '古浪县');
INSERT INTO "ESHOPUSER"."T_AREA" VALUES ('620623', '620600', '天祝藏族自治县');
INSERT INTO "ESHOPUSER"."T_AREA" VALUES ('620701', '620700', '市辖区');
INSERT INTO "ESHOPUSER"."T_AREA" VALUES ('620702', '620700', '甘州区');
INSERT INTO "ESHOPUSER"."T_AREA" VALUES ('620721', '620700', '肃南裕固族自治县');
INSERT INTO "ESHOPUSER"."T_AREA" VALUES ('620722', '620700', '民乐县');
INSERT INTO "ESHOPUSER"."T_AREA" VALUES ('620723', '620700', '临泽县');
INSERT INTO "ESHOPUSER"."T_AREA" VALUES ('620724', '620700', '高台县');
INSERT INTO "ESHOPUSER"."T_AREA" VALUES ('620725', '620700', '山丹县');
INSERT INTO "ESHOPUSER"."T_AREA" VALUES ('620801', '620800', '市辖区');
INSERT INTO "ESHOPUSER"."T_AREA" VALUES ('620802', '620800', '崆峒区');
INSERT INTO "ESHOPUSER"."T_AREA" VALUES ('620821', '620800', '泾川县');
INSERT INTO "ESHOPUSER"."T_AREA" VALUES ('620822', '620800', '灵台县');
INSERT INTO "ESHOPUSER"."T_AREA" VALUES ('620823', '620800', '崇信县');
INSERT INTO "ESHOPUSER"."T_AREA" VALUES ('620824', '620800', '华亭县');
INSERT INTO "ESHOPUSER"."T_AREA" VALUES ('350821', '350800', '长汀县');
INSERT INTO "ESHOPUSER"."T_AREA" VALUES ('350822', '350800', '永定县');
INSERT INTO "ESHOPUSER"."T_AREA" VALUES ('350823', '350800', '上杭县');
INSERT INTO "ESHOPUSER"."T_AREA" VALUES ('350824', '350800', '武平县');
INSERT INTO "ESHOPUSER"."T_AREA" VALUES ('350825', '350800', '连城县');
INSERT INTO "ESHOPUSER"."T_AREA" VALUES ('350881', '350800', '漳平市');
INSERT INTO "ESHOPUSER"."T_AREA" VALUES ('350901', '350900', '市辖区');
INSERT INTO "ESHOPUSER"."T_AREA" VALUES ('350902', '350900', '蕉城区');
INSERT INTO "ESHOPUSER"."T_AREA" VALUES ('350921', '350900', '霞浦县');
INSERT INTO "ESHOPUSER"."T_AREA" VALUES ('350922', '350900', '古田县');
INSERT INTO "ESHOPUSER"."T_AREA" VALUES ('350923', '350900', '屏南县');
INSERT INTO "ESHOPUSER"."T_AREA" VALUES ('350924', '350900', '寿宁县');
INSERT INTO "ESHOPUSER"."T_AREA" VALUES ('350925', '350900', '周宁县');
INSERT INTO "ESHOPUSER"."T_AREA" VALUES ('350926', '350900', '柘荣县');
INSERT INTO "ESHOPUSER"."T_AREA" VALUES ('350981', '350900', '福安市');
INSERT INTO "ESHOPUSER"."T_AREA" VALUES ('350982', '350900', '福鼎市');
INSERT INTO "ESHOPUSER"."T_AREA" VALUES ('360101', '360100', '市辖区');
INSERT INTO "ESHOPUSER"."T_AREA" VALUES ('360102', '360100', '东湖区');
INSERT INTO "ESHOPUSER"."T_AREA" VALUES ('360103', '360100', '西湖区');
INSERT INTO "ESHOPUSER"."T_AREA" VALUES ('360104', '360100', '青云谱区');
INSERT INTO "ESHOPUSER"."T_AREA" VALUES ('360105', '360100', '湾里区');
INSERT INTO "ESHOPUSER"."T_AREA" VALUES ('360111', '360100', '青山湖区');
INSERT INTO "ESHOPUSER"."T_AREA" VALUES ('360121', '360100', '南昌县');
INSERT INTO "ESHOPUSER"."T_AREA" VALUES ('360122', '360100', '新建县');
INSERT INTO "ESHOPUSER"."T_AREA" VALUES ('360123', '360100', '安义县');
INSERT INTO "ESHOPUSER"."T_AREA" VALUES ('360124', '360100', '进贤县');
INSERT INTO "ESHOPUSER"."T_AREA" VALUES ('360201', '360200', '市辖区');
INSERT INTO "ESHOPUSER"."T_AREA" VALUES ('360202', '360200', '昌江区');
INSERT INTO "ESHOPUSER"."T_AREA" VALUES ('360203', '360200', '珠山区');
INSERT INTO "ESHOPUSER"."T_AREA" VALUES ('360222', '360200', '浮梁县');
INSERT INTO "ESHOPUSER"."T_AREA" VALUES ('360281', '360200', '乐平市');
INSERT INTO "ESHOPUSER"."T_AREA" VALUES ('360301', '360300', '市辖区');
INSERT INTO "ESHOPUSER"."T_AREA" VALUES ('360302', '360300', '安源区');
INSERT INTO "ESHOPUSER"."T_AREA" VALUES ('360313', '360300', '湘东区');
INSERT INTO "ESHOPUSER"."T_AREA" VALUES ('360321', '360300', '莲花县');
INSERT INTO "ESHOPUSER"."T_AREA" VALUES ('360322', '360300', '上栗县');
INSERT INTO "ESHOPUSER"."T_AREA" VALUES ('360323', '360300', '芦溪县');
INSERT INTO "ESHOPUSER"."T_AREA" VALUES ('360401', '360400', '市辖区');
INSERT INTO "ESHOPUSER"."T_AREA" VALUES ('360402', '360400', '庐山区');
INSERT INTO "ESHOPUSER"."T_AREA" VALUES ('360403', '360400', '浔阳区');
INSERT INTO "ESHOPUSER"."T_AREA" VALUES ('360421', '360400', '九江县');
INSERT INTO "ESHOPUSER"."T_AREA" VALUES ('360423', '360400', '武宁县');
INSERT INTO "ESHOPUSER"."T_AREA" VALUES ('360424', '360400', '修水县');
INSERT INTO "ESHOPUSER"."T_AREA" VALUES ('360425', '360400', '永修县');
INSERT INTO "ESHOPUSER"."T_AREA" VALUES ('360426', '360400', '德安县');
INSERT INTO "ESHOPUSER"."T_AREA" VALUES ('360427', '360400', '星子县');
INSERT INTO "ESHOPUSER"."T_AREA" VALUES ('360428', '360400', '都昌县');
INSERT INTO "ESHOPUSER"."T_AREA" VALUES ('360429', '360400', '湖口县');
INSERT INTO "ESHOPUSER"."T_AREA" VALUES ('360430', '360400', '彭泽县');
INSERT INTO "ESHOPUSER"."T_AREA" VALUES ('360481', '360400', '瑞昌市');
INSERT INTO "ESHOPUSER"."T_AREA" VALUES ('360501', '360500', '市辖区');
INSERT INTO "ESHOPUSER"."T_AREA" VALUES ('360502', '360500', '渝水区');
INSERT INTO "ESHOPUSER"."T_AREA" VALUES ('360521', '360500', '分宜县');
INSERT INTO "ESHOPUSER"."T_AREA" VALUES ('360601', '360600', '市辖区');
INSERT INTO "ESHOPUSER"."T_AREA" VALUES ('360602', '360600', '月湖区');
INSERT INTO "ESHOPUSER"."T_AREA" VALUES ('360622', '360600', '余江县');
INSERT INTO "ESHOPUSER"."T_AREA" VALUES ('360681', '360600', '贵溪市');
INSERT INTO "ESHOPUSER"."T_AREA" VALUES ('360701', '360700', '市辖区');
INSERT INTO "ESHOPUSER"."T_AREA" VALUES ('360702', '360700', '章贡区');
INSERT INTO "ESHOPUSER"."T_AREA" VALUES ('360721', '360700', '赣　县');
INSERT INTO "ESHOPUSER"."T_AREA" VALUES ('360722', '360700', '信丰县');
INSERT INTO "ESHOPUSER"."T_AREA" VALUES ('360723', '360700', '大余县');
INSERT INTO "ESHOPUSER"."T_AREA" VALUES ('360724', '360700', '上犹县');
INSERT INTO "ESHOPUSER"."T_AREA" VALUES ('360725', '360700', '崇义县');
INSERT INTO "ESHOPUSER"."T_AREA" VALUES ('360726', '360700', '安远县');
INSERT INTO "ESHOPUSER"."T_AREA" VALUES ('360727', '360700', '龙南县');
INSERT INTO "ESHOPUSER"."T_AREA" VALUES ('360728', '360700', '定南县');
INSERT INTO "ESHOPUSER"."T_AREA" VALUES ('360729', '360700', '全南县');
INSERT INTO "ESHOPUSER"."T_AREA" VALUES ('360730', '360700', '宁都县');
INSERT INTO "ESHOPUSER"."T_AREA" VALUES ('360731', '360700', '于都县');
INSERT INTO "ESHOPUSER"."T_AREA" VALUES ('360732', '360700', '兴国县');
INSERT INTO "ESHOPUSER"."T_AREA" VALUES ('360733', '360700', '会昌县');
INSERT INTO "ESHOPUSER"."T_AREA" VALUES ('360734', '360700', '寻乌县');
INSERT INTO "ESHOPUSER"."T_AREA" VALUES ('360735', '360700', '石城县');
INSERT INTO "ESHOPUSER"."T_AREA" VALUES ('360781', '360700', '瑞金市');
INSERT INTO "ESHOPUSER"."T_AREA" VALUES ('360782', '360700', '南康市');
INSERT INTO "ESHOPUSER"."T_AREA" VALUES ('360801', '360800', '市辖区');
INSERT INTO "ESHOPUSER"."T_AREA" VALUES ('360802', '360800', '吉州区');
INSERT INTO "ESHOPUSER"."T_AREA" VALUES ('360803', '360800', '青原区');
INSERT INTO "ESHOPUSER"."T_AREA" VALUES ('360821', '360800', '吉安县');
INSERT INTO "ESHOPUSER"."T_AREA" VALUES ('360822', '360800', '吉水县');
INSERT INTO "ESHOPUSER"."T_AREA" VALUES ('360823', '360800', '峡江县');
INSERT INTO "ESHOPUSER"."T_AREA" VALUES ('360824', '360800', '新干县');
INSERT INTO "ESHOPUSER"."T_AREA" VALUES ('360825', '360800', '永丰县');
INSERT INTO "ESHOPUSER"."T_AREA" VALUES ('360826', '360800', '泰和县');
INSERT INTO "ESHOPUSER"."T_AREA" VALUES ('360827', '360800', '遂川县');
INSERT INTO "ESHOPUSER"."T_AREA" VALUES ('360828', '360800', '万安县');
INSERT INTO "ESHOPUSER"."T_AREA" VALUES ('360829', '360800', '安福县');
INSERT INTO "ESHOPUSER"."T_AREA" VALUES ('360830', '360800', '永新县');
INSERT INTO "ESHOPUSER"."T_AREA" VALUES ('360881', '360800', '井冈山市');
INSERT INTO "ESHOPUSER"."T_AREA" VALUES ('360901', '360900', '市辖区');
INSERT INTO "ESHOPUSER"."T_AREA" VALUES ('360902', '360900', '袁州区');
INSERT INTO "ESHOPUSER"."T_AREA" VALUES ('360921', '360900', '奉新县');
INSERT INTO "ESHOPUSER"."T_AREA" VALUES ('360922', '360900', '万载县');
INSERT INTO "ESHOPUSER"."T_AREA" VALUES ('360923', '360900', '上高县');
INSERT INTO "ESHOPUSER"."T_AREA" VALUES ('360924', '360900', '宜丰县');
INSERT INTO "ESHOPUSER"."T_AREA" VALUES ('360925', '360900', '靖安县');
INSERT INTO "ESHOPUSER"."T_AREA" VALUES ('360926', '360900', '铜鼓县');
INSERT INTO "ESHOPUSER"."T_AREA" VALUES ('360981', '360900', '丰城市');
INSERT INTO "ESHOPUSER"."T_AREA" VALUES ('360982', '360900', '樟树市');
INSERT INTO "ESHOPUSER"."T_AREA" VALUES ('360983', '360900', '高安市');
INSERT INTO "ESHOPUSER"."T_AREA" VALUES ('361001', '361000', '市辖区');
INSERT INTO "ESHOPUSER"."T_AREA" VALUES ('361002', '361000', '临川区');
INSERT INTO "ESHOPUSER"."T_AREA" VALUES ('361021', '361000', '南城县');
INSERT INTO "ESHOPUSER"."T_AREA" VALUES ('361022', '361000', '黎川县');
INSERT INTO "ESHOPUSER"."T_AREA" VALUES ('361023', '361000', '南丰县');
INSERT INTO "ESHOPUSER"."T_AREA" VALUES ('361024', '361000', '崇仁县');
INSERT INTO "ESHOPUSER"."T_AREA" VALUES ('361025', '361000', '乐安县');
INSERT INTO "ESHOPUSER"."T_AREA" VALUES ('361026', '361000', '宜黄县');
INSERT INTO "ESHOPUSER"."T_AREA" VALUES ('361027', '361000', '金溪县');
INSERT INTO "ESHOPUSER"."T_AREA" VALUES ('361028', '361000', '资溪县');
INSERT INTO "ESHOPUSER"."T_AREA" VALUES ('361029', '361000', '东乡县');
INSERT INTO "ESHOPUSER"."T_AREA" VALUES ('361030', '361000', '广昌县');
INSERT INTO "ESHOPUSER"."T_AREA" VALUES ('361101', '361100', '市辖区');
INSERT INTO "ESHOPUSER"."T_AREA" VALUES ('361102', '361100', '信州区');
INSERT INTO "ESHOPUSER"."T_AREA" VALUES ('361121', '361100', '上饶县');
INSERT INTO "ESHOPUSER"."T_AREA" VALUES ('361122', '361100', '广丰县');
INSERT INTO "ESHOPUSER"."T_AREA" VALUES ('361123', '361100', '玉山县');
INSERT INTO "ESHOPUSER"."T_AREA" VALUES ('361124', '361100', '铅山县');
INSERT INTO "ESHOPUSER"."T_AREA" VALUES ('361125', '361100', '横峰县');
INSERT INTO "ESHOPUSER"."T_AREA" VALUES ('361126', '361100', '弋阳县');
INSERT INTO "ESHOPUSER"."T_AREA" VALUES ('361127', '361100', '余干县');
INSERT INTO "ESHOPUSER"."T_AREA" VALUES ('361128', '361100', '鄱阳县');
INSERT INTO "ESHOPUSER"."T_AREA" VALUES ('361129', '361100', '万年县');
INSERT INTO "ESHOPUSER"."T_AREA" VALUES ('361130', '361100', '婺源县');
INSERT INTO "ESHOPUSER"."T_AREA" VALUES ('361181', '361100', '德兴市');
INSERT INTO "ESHOPUSER"."T_AREA" VALUES ('370101', '370100', '市辖区');
INSERT INTO "ESHOPUSER"."T_AREA" VALUES ('370102', '370100', '历下区');
INSERT INTO "ESHOPUSER"."T_AREA" VALUES ('370103', '370100', '市中区');
INSERT INTO "ESHOPUSER"."T_AREA" VALUES ('370104', '370100', '槐荫区');
INSERT INTO "ESHOPUSER"."T_AREA" VALUES ('370105', '370100', '天桥区');
INSERT INTO "ESHOPUSER"."T_AREA" VALUES ('370112', '370100', '历城区');
INSERT INTO "ESHOPUSER"."T_AREA" VALUES ('370113', '370100', '长清区');
INSERT INTO "ESHOPUSER"."T_AREA" VALUES ('370124', '370100', '平阴县');
INSERT INTO "ESHOPUSER"."T_AREA" VALUES ('370125', '370100', '济阳县');
INSERT INTO "ESHOPUSER"."T_AREA" VALUES ('370126', '370100', '商河县');
INSERT INTO "ESHOPUSER"."T_AREA" VALUES ('370181', '370100', '章丘市');
INSERT INTO "ESHOPUSER"."T_AREA" VALUES ('370201', '370200', '市辖区');
INSERT INTO "ESHOPUSER"."T_AREA" VALUES ('370202', '370200', '市南区');
INSERT INTO "ESHOPUSER"."T_AREA" VALUES ('370203', '370200', '市北区');
INSERT INTO "ESHOPUSER"."T_AREA" VALUES ('370205', '370200', '四方区');
INSERT INTO "ESHOPUSER"."T_AREA" VALUES ('370211', '370200', '黄岛区');
INSERT INTO "ESHOPUSER"."T_AREA" VALUES ('370212', '370200', '崂山区');
INSERT INTO "ESHOPUSER"."T_AREA" VALUES ('370213', '370200', '李沧区');
INSERT INTO "ESHOPUSER"."T_AREA" VALUES ('370214', '370200', '城阳区');
INSERT INTO "ESHOPUSER"."T_AREA" VALUES ('370281', '370200', '胶州市');
INSERT INTO "ESHOPUSER"."T_AREA" VALUES ('370282', '370200', '即墨市');
INSERT INTO "ESHOPUSER"."T_AREA" VALUES ('370283', '370200', '平度市');
INSERT INTO "ESHOPUSER"."T_AREA" VALUES ('370284', '370200', '胶南市');
INSERT INTO "ESHOPUSER"."T_AREA" VALUES ('370285', '370200', '莱西市');
INSERT INTO "ESHOPUSER"."T_AREA" VALUES ('370301', '370300', '市辖区');
INSERT INTO "ESHOPUSER"."T_AREA" VALUES ('370302', '370300', '淄川区');
INSERT INTO "ESHOPUSER"."T_AREA" VALUES ('370303', '370300', '张店区');
INSERT INTO "ESHOPUSER"."T_AREA" VALUES ('370304', '370300', '博山区');
INSERT INTO "ESHOPUSER"."T_AREA" VALUES ('370305', '370300', '临淄区');
INSERT INTO "ESHOPUSER"."T_AREA" VALUES ('370306', '370300', '周村区');
INSERT INTO "ESHOPUSER"."T_AREA" VALUES ('370321', '370300', '桓台县');
INSERT INTO "ESHOPUSER"."T_AREA" VALUES ('370322', '370300', '高青县');
INSERT INTO "ESHOPUSER"."T_AREA" VALUES ('370323', '370300', '沂源县');
INSERT INTO "ESHOPUSER"."T_AREA" VALUES ('370401', '370400', '市辖区');
INSERT INTO "ESHOPUSER"."T_AREA" VALUES ('370402', '370400', '市中区');
INSERT INTO "ESHOPUSER"."T_AREA" VALUES ('370403', '370400', '薛城区');
INSERT INTO "ESHOPUSER"."T_AREA" VALUES ('370404', '370400', '峄城区');
INSERT INTO "ESHOPUSER"."T_AREA" VALUES ('370405', '370400', '台儿庄区');
INSERT INTO "ESHOPUSER"."T_AREA" VALUES ('370406', '370400', '山亭区');
INSERT INTO "ESHOPUSER"."T_AREA" VALUES ('370481', '370400', '滕州市');
INSERT INTO "ESHOPUSER"."T_AREA" VALUES ('370501', '370500', '市辖区');
INSERT INTO "ESHOPUSER"."T_AREA" VALUES ('370502', '370500', '东营区');
INSERT INTO "ESHOPUSER"."T_AREA" VALUES ('370503', '370500', '河口区');
INSERT INTO "ESHOPUSER"."T_AREA" VALUES ('370521', '370500', '垦利县');
INSERT INTO "ESHOPUSER"."T_AREA" VALUES ('370522', '370500', '利津县');
INSERT INTO "ESHOPUSER"."T_AREA" VALUES ('370523', '370500', '广饶县');
INSERT INTO "ESHOPUSER"."T_AREA" VALUES ('370601', '370600', '市辖区');
INSERT INTO "ESHOPUSER"."T_AREA" VALUES ('370602', '370600', '芝罘区');
INSERT INTO "ESHOPUSER"."T_AREA" VALUES ('370611', '370600', '福山区');
INSERT INTO "ESHOPUSER"."T_AREA" VALUES ('370612', '370600', '牟平区');
INSERT INTO "ESHOPUSER"."T_AREA" VALUES ('370613', '370600', '莱山区');
INSERT INTO "ESHOPUSER"."T_AREA" VALUES ('370634', '370600', '长岛县');
INSERT INTO "ESHOPUSER"."T_AREA" VALUES ('370681', '370600', '龙口市');
INSERT INTO "ESHOPUSER"."T_AREA" VALUES ('370682', '370600', '莱阳市');
INSERT INTO "ESHOPUSER"."T_AREA" VALUES ('370683', '370600', '莱州市');
INSERT INTO "ESHOPUSER"."T_AREA" VALUES ('370684', '370600', '蓬莱市');
INSERT INTO "ESHOPUSER"."T_AREA" VALUES ('370685', '370600', '招远市');
INSERT INTO "ESHOPUSER"."T_AREA" VALUES ('370686', '370600', '栖霞市');
INSERT INTO "ESHOPUSER"."T_AREA" VALUES ('370687', '370600', '海阳市');
INSERT INTO "ESHOPUSER"."T_AREA" VALUES ('370701', '370700', '市辖区');
INSERT INTO "ESHOPUSER"."T_AREA" VALUES ('370702', '370700', '潍城区');
INSERT INTO "ESHOPUSER"."T_AREA" VALUES ('370703', '370700', '寒亭区');
INSERT INTO "ESHOPUSER"."T_AREA" VALUES ('370704', '370700', '坊子区');
INSERT INTO "ESHOPUSER"."T_AREA" VALUES ('370705', '370700', '奎文区');
INSERT INTO "ESHOPUSER"."T_AREA" VALUES ('370724', '370700', '临朐县');
INSERT INTO "ESHOPUSER"."T_AREA" VALUES ('370725', '370700', '昌乐县');
INSERT INTO "ESHOPUSER"."T_AREA" VALUES ('370781', '370700', '青州市');
INSERT INTO "ESHOPUSER"."T_AREA" VALUES ('370782', '370700', '诸城市');
INSERT INTO "ESHOPUSER"."T_AREA" VALUES ('370783', '370700', '寿光市');
INSERT INTO "ESHOPUSER"."T_AREA" VALUES ('370784', '370700', '安丘市');
INSERT INTO "ESHOPUSER"."T_AREA" VALUES ('370785', '370700', '高密市');
INSERT INTO "ESHOPUSER"."T_AREA" VALUES ('370786', '370700', '昌邑市');
INSERT INTO "ESHOPUSER"."T_AREA" VALUES ('370801', '370800', '市辖区');
INSERT INTO "ESHOPUSER"."T_AREA" VALUES ('370802', '370800', '市中区');
INSERT INTO "ESHOPUSER"."T_AREA" VALUES ('370811', '370800', '任城区');
INSERT INTO "ESHOPUSER"."T_AREA" VALUES ('370826', '370800', '微山县');
INSERT INTO "ESHOPUSER"."T_AREA" VALUES ('370827', '370800', '鱼台县');
INSERT INTO "ESHOPUSER"."T_AREA" VALUES ('370828', '370800', '金乡县');
INSERT INTO "ESHOPUSER"."T_AREA" VALUES ('370829', '370800', '嘉祥县');
INSERT INTO "ESHOPUSER"."T_AREA" VALUES ('370830', '370800', '汶上县');
INSERT INTO "ESHOPUSER"."T_AREA" VALUES ('370831', '370800', '泗水县');
INSERT INTO "ESHOPUSER"."T_AREA" VALUES ('370832', '370800', '梁山县');
INSERT INTO "ESHOPUSER"."T_AREA" VALUES ('370881', '370800', '曲阜市');
INSERT INTO "ESHOPUSER"."T_AREA" VALUES ('370882', '370800', '兖州市');
INSERT INTO "ESHOPUSER"."T_AREA" VALUES ('370883', '370800', '邹城市');
INSERT INTO "ESHOPUSER"."T_AREA" VALUES ('370901', '370900', '市辖区');
INSERT INTO "ESHOPUSER"."T_AREA" VALUES ('370902', '370900', '泰山区');
INSERT INTO "ESHOPUSER"."T_AREA" VALUES ('370903', '370900', '岱岳区');
INSERT INTO "ESHOPUSER"."T_AREA" VALUES ('370921', '370900', '宁阳县');
INSERT INTO "ESHOPUSER"."T_AREA" VALUES ('370923', '370900', '东平县');
INSERT INTO "ESHOPUSER"."T_AREA" VALUES ('370982', '370900', '新泰市');
INSERT INTO "ESHOPUSER"."T_AREA" VALUES ('370983', '370900', '肥城市');
INSERT INTO "ESHOPUSER"."T_AREA" VALUES ('371001', '371000', '市辖区');
INSERT INTO "ESHOPUSER"."T_AREA" VALUES ('371002', '371000', '环翠区');
INSERT INTO "ESHOPUSER"."T_AREA" VALUES ('371081', '371000', '文登市');
INSERT INTO "ESHOPUSER"."T_AREA" VALUES ('371082', '371000', '荣成市');
INSERT INTO "ESHOPUSER"."T_AREA" VALUES ('371083', '371000', '乳山市');
INSERT INTO "ESHOPUSER"."T_AREA" VALUES ('371101', '371100', '市辖区');
INSERT INTO "ESHOPUSER"."T_AREA" VALUES ('371102', '371100', '东港区');
INSERT INTO "ESHOPUSER"."T_AREA" VALUES ('371103', '371100', '岚山区');
INSERT INTO "ESHOPUSER"."T_AREA" VALUES ('371121', '371100', '五莲县');
INSERT INTO "ESHOPUSER"."T_AREA" VALUES ('371122', '371100', '莒　县');
INSERT INTO "ESHOPUSER"."T_AREA" VALUES ('371201', '371200', '市辖区');
INSERT INTO "ESHOPUSER"."T_AREA" VALUES ('371202', '371200', '莱城区');
INSERT INTO "ESHOPUSER"."T_AREA" VALUES ('371203', '371200', '钢城区');
INSERT INTO "ESHOPUSER"."T_AREA" VALUES ('371301', '371300', '市辖区');
INSERT INTO "ESHOPUSER"."T_AREA" VALUES ('371302', '371300', '兰山区');
INSERT INTO "ESHOPUSER"."T_AREA" VALUES ('371311', '371300', '罗庄区');
INSERT INTO "ESHOPUSER"."T_AREA" VALUES ('371312', '371300', '河东区');
INSERT INTO "ESHOPUSER"."T_AREA" VALUES ('371321', '371300', '沂南县');
INSERT INTO "ESHOPUSER"."T_AREA" VALUES ('371322', '371300', '郯城县');
INSERT INTO "ESHOPUSER"."T_AREA" VALUES ('371323', '371300', '沂水县');
INSERT INTO "ESHOPUSER"."T_AREA" VALUES ('371324', '371300', '苍山县');
INSERT INTO "ESHOPUSER"."T_AREA" VALUES ('371325', '371300', '费　县');
INSERT INTO "ESHOPUSER"."T_AREA" VALUES ('371326', '371300', '平邑县');
INSERT INTO "ESHOPUSER"."T_AREA" VALUES ('371327', '371300', '莒南县');
INSERT INTO "ESHOPUSER"."T_AREA" VALUES ('371328', '371300', '蒙阴县');
INSERT INTO "ESHOPUSER"."T_AREA" VALUES ('371329', '371300', '临沭县');
INSERT INTO "ESHOPUSER"."T_AREA" VALUES ('371401', '371400', '市辖区');
INSERT INTO "ESHOPUSER"."T_AREA" VALUES ('371402', '371400', '德城区');
INSERT INTO "ESHOPUSER"."T_AREA" VALUES ('371421', '371400', '陵　县');
INSERT INTO "ESHOPUSER"."T_AREA" VALUES ('371422', '371400', '宁津县');
INSERT INTO "ESHOPUSER"."T_AREA" VALUES ('371423', '371400', '庆云县');
INSERT INTO "ESHOPUSER"."T_AREA" VALUES ('371424', '371400', '临邑县');
INSERT INTO "ESHOPUSER"."T_AREA" VALUES ('371425', '371400', '齐河县');
INSERT INTO "ESHOPUSER"."T_AREA" VALUES ('371426', '371400', '平原县');
INSERT INTO "ESHOPUSER"."T_AREA" VALUES ('371427', '371400', '夏津县');
INSERT INTO "ESHOPUSER"."T_AREA" VALUES ('371428', '371400', '武城县');
INSERT INTO "ESHOPUSER"."T_AREA" VALUES ('371481', '371400', '乐陵市');
INSERT INTO "ESHOPUSER"."T_AREA" VALUES ('371482', '371400', '禹城市');
INSERT INTO "ESHOPUSER"."T_AREA" VALUES ('371501', '371500', '市辖区');
INSERT INTO "ESHOPUSER"."T_AREA" VALUES ('371502', '371500', '东昌府区');
INSERT INTO "ESHOPUSER"."T_AREA" VALUES ('371521', '371500', '阳谷县');
INSERT INTO "ESHOPUSER"."T_AREA" VALUES ('371522', '371500', '莘　县');
INSERT INTO "ESHOPUSER"."T_AREA" VALUES ('371523', '371500', '茌平县');
INSERT INTO "ESHOPUSER"."T_AREA" VALUES ('371524', '371500', '东阿县');
INSERT INTO "ESHOPUSER"."T_AREA" VALUES ('371525', '371500', '冠　县');
INSERT INTO "ESHOPUSER"."T_AREA" VALUES ('371526', '371500', '高唐县');
INSERT INTO "ESHOPUSER"."T_AREA" VALUES ('371581', '371500', '临清市');
INSERT INTO "ESHOPUSER"."T_AREA" VALUES ('371601', '371600', '市辖区');
INSERT INTO "ESHOPUSER"."T_AREA" VALUES ('371602', '371600', '滨城区');
INSERT INTO "ESHOPUSER"."T_AREA" VALUES ('371621', '371600', '惠民县');
INSERT INTO "ESHOPUSER"."T_AREA" VALUES ('371622', '371600', '阳信县');
INSERT INTO "ESHOPUSER"."T_AREA" VALUES ('371623', '371600', '无棣县');
INSERT INTO "ESHOPUSER"."T_AREA" VALUES ('371624', '371600', '沾化县');
INSERT INTO "ESHOPUSER"."T_AREA" VALUES ('371625', '371600', '博兴县');
INSERT INTO "ESHOPUSER"."T_AREA" VALUES ('371626', '371600', '邹平县');
INSERT INTO "ESHOPUSER"."T_AREA" VALUES ('371701', '371700', '市辖区');
INSERT INTO "ESHOPUSER"."T_AREA" VALUES ('371702', '371700', '牡丹区');
INSERT INTO "ESHOPUSER"."T_AREA" VALUES ('371721', '371700', '曹　县');
INSERT INTO "ESHOPUSER"."T_AREA" VALUES ('371722', '371700', '单　县');
INSERT INTO "ESHOPUSER"."T_AREA" VALUES ('371723', '371700', '成武县');
INSERT INTO "ESHOPUSER"."T_AREA" VALUES ('371724', '371700', '巨野县');
INSERT INTO "ESHOPUSER"."T_AREA" VALUES ('371725', '371700', '郓城县');
INSERT INTO "ESHOPUSER"."T_AREA" VALUES ('371726', '371700', '鄄城县');
INSERT INTO "ESHOPUSER"."T_AREA" VALUES ('371727', '371700', '定陶县');
INSERT INTO "ESHOPUSER"."T_AREA" VALUES ('371728', '371700', '东明县');
INSERT INTO "ESHOPUSER"."T_AREA" VALUES ('410101', '410100', '市辖区');
INSERT INTO "ESHOPUSER"."T_AREA" VALUES ('410102', '410100', '中原区');
INSERT INTO "ESHOPUSER"."T_AREA" VALUES ('410103', '410100', '二七区');
INSERT INTO "ESHOPUSER"."T_AREA" VALUES ('410104', '410100', '管城回族区');
INSERT INTO "ESHOPUSER"."T_AREA" VALUES ('410105', '410100', '金水区');
INSERT INTO "ESHOPUSER"."T_AREA" VALUES ('410106', '410100', '上街区');
INSERT INTO "ESHOPUSER"."T_AREA" VALUES ('410108', '410100', '邙山区');
INSERT INTO "ESHOPUSER"."T_AREA" VALUES ('410122', '410100', '中牟县');
INSERT INTO "ESHOPUSER"."T_AREA" VALUES ('410181', '410100', '巩义市');
INSERT INTO "ESHOPUSER"."T_AREA" VALUES ('410182', '410100', '荥阳市');
INSERT INTO "ESHOPUSER"."T_AREA" VALUES ('410183', '410100', '新密市');
INSERT INTO "ESHOPUSER"."T_AREA" VALUES ('410184', '410100', '新郑市');
INSERT INTO "ESHOPUSER"."T_AREA" VALUES ('410185', '410100', '登封市');
INSERT INTO "ESHOPUSER"."T_AREA" VALUES ('410201', '410200', '市辖区');
INSERT INTO "ESHOPUSER"."T_AREA" VALUES ('410202', '410200', '龙亭区');
INSERT INTO "ESHOPUSER"."T_AREA" VALUES ('410203', '410200', '顺河回族区');
INSERT INTO "ESHOPUSER"."T_AREA" VALUES ('410204', '410200', '鼓楼区');
INSERT INTO "ESHOPUSER"."T_AREA" VALUES ('410205', '410200', '南关区');
INSERT INTO "ESHOPUSER"."T_AREA" VALUES ('410211', '410200', '郊　区');
INSERT INTO "ESHOPUSER"."T_AREA" VALUES ('410221', '410200', '杞　县');
INSERT INTO "ESHOPUSER"."T_AREA" VALUES ('410222', '410200', '通许县');
INSERT INTO "ESHOPUSER"."T_AREA" VALUES ('410223', '410200', '尉氏县');
INSERT INTO "ESHOPUSER"."T_AREA" VALUES ('410224', '410200', '开封县');
INSERT INTO "ESHOPUSER"."T_AREA" VALUES ('410225', '410200', '兰考县');
INSERT INTO "ESHOPUSER"."T_AREA" VALUES ('410301', '410300', '市辖区');
INSERT INTO "ESHOPUSER"."T_AREA" VALUES ('410302', '410300', '老城区');
INSERT INTO "ESHOPUSER"."T_AREA" VALUES ('410303', '410300', '西工区');
INSERT INTO "ESHOPUSER"."T_AREA" VALUES ('410304', '410300', '廛河回族区');
INSERT INTO "ESHOPUSER"."T_AREA" VALUES ('410305', '410300', '涧西区');
INSERT INTO "ESHOPUSER"."T_AREA" VALUES ('410306', '410300', '吉利区');
INSERT INTO "ESHOPUSER"."T_AREA" VALUES ('410307', '410300', '洛龙区');
INSERT INTO "ESHOPUSER"."T_AREA" VALUES ('410322', '410300', '孟津县');
INSERT INTO "ESHOPUSER"."T_AREA" VALUES ('410323', '410300', '新安县');
INSERT INTO "ESHOPUSER"."T_AREA" VALUES ('410324', '410300', '栾川县');
INSERT INTO "ESHOPUSER"."T_AREA" VALUES ('410325', '410300', '嵩　县');
INSERT INTO "ESHOPUSER"."T_AREA" VALUES ('410326', '410300', '汝阳县');
INSERT INTO "ESHOPUSER"."T_AREA" VALUES ('410327', '410300', '宜阳县');
INSERT INTO "ESHOPUSER"."T_AREA" VALUES ('410328', '410300', '洛宁县');
INSERT INTO "ESHOPUSER"."T_AREA" VALUES ('410329', '410300', '伊川县');
INSERT INTO "ESHOPUSER"."T_AREA" VALUES ('410381', '410300', '偃师市');
INSERT INTO "ESHOPUSER"."T_AREA" VALUES ('410401', '410400', '市辖区');
INSERT INTO "ESHOPUSER"."T_AREA" VALUES ('410402', '410400', '新华区');
INSERT INTO "ESHOPUSER"."T_AREA" VALUES ('410403', '410400', '卫东区');
INSERT INTO "ESHOPUSER"."T_AREA" VALUES ('410404', '410400', '石龙区');
INSERT INTO "ESHOPUSER"."T_AREA" VALUES ('410411', '410400', '湛河区');
INSERT INTO "ESHOPUSER"."T_AREA" VALUES ('410421', '410400', '宝丰县');
INSERT INTO "ESHOPUSER"."T_AREA" VALUES ('410422', '410400', '叶　县');
INSERT INTO "ESHOPUSER"."T_AREA" VALUES ('410423', '410400', '鲁山县');
INSERT INTO "ESHOPUSER"."T_AREA" VALUES ('410425', '410400', '郏　县');
INSERT INTO "ESHOPUSER"."T_AREA" VALUES ('410481', '410400', '舞钢市');
INSERT INTO "ESHOPUSER"."T_AREA" VALUES ('410482', '410400', '汝州市');
INSERT INTO "ESHOPUSER"."T_AREA" VALUES ('410501', '410500', '市辖区');
INSERT INTO "ESHOPUSER"."T_AREA" VALUES ('410502', '410500', '文峰区');
INSERT INTO "ESHOPUSER"."T_AREA" VALUES ('410503', '410500', '北关区');
INSERT INTO "ESHOPUSER"."T_AREA" VALUES ('410505', '410500', '殷都区');
INSERT INTO "ESHOPUSER"."T_AREA" VALUES ('410506', '410500', '龙安区');
INSERT INTO "ESHOPUSER"."T_AREA" VALUES ('410522', '410500', '安阳县');
INSERT INTO "ESHOPUSER"."T_AREA" VALUES ('410523', '410500', '汤阴县');
INSERT INTO "ESHOPUSER"."T_AREA" VALUES ('410526', '410500', '滑　县');
INSERT INTO "ESHOPUSER"."T_AREA" VALUES ('410527', '410500', '内黄县');
INSERT INTO "ESHOPUSER"."T_AREA" VALUES ('410581', '410500', '林州市');
INSERT INTO "ESHOPUSER"."T_AREA" VALUES ('410601', '410600', '市辖区');
INSERT INTO "ESHOPUSER"."T_AREA" VALUES ('410602', '410600', '鹤山区');
INSERT INTO "ESHOPUSER"."T_AREA" VALUES ('410603', '410600', '山城区');
INSERT INTO "ESHOPUSER"."T_AREA" VALUES ('410611', '410600', '淇滨区');
INSERT INTO "ESHOPUSER"."T_AREA" VALUES ('410621', '410600', '浚　县');
INSERT INTO "ESHOPUSER"."T_AREA" VALUES ('410622', '410600', '淇　县');
INSERT INTO "ESHOPUSER"."T_AREA" VALUES ('410701', '410700', '市辖区');
INSERT INTO "ESHOPUSER"."T_AREA" VALUES ('410702', '410700', '红旗区');
INSERT INTO "ESHOPUSER"."T_AREA" VALUES ('410703', '410700', '卫滨区');
INSERT INTO "ESHOPUSER"."T_AREA" VALUES ('410704', '410700', '凤泉区');
INSERT INTO "ESHOPUSER"."T_AREA" VALUES ('410711', '410700', '牧野区');
INSERT INTO "ESHOPUSER"."T_AREA" VALUES ('410721', '410700', '新乡县');
INSERT INTO "ESHOPUSER"."T_AREA" VALUES ('410724', '410700', '获嘉县');
INSERT INTO "ESHOPUSER"."T_AREA" VALUES ('410725', '410700', '原阳县');
INSERT INTO "ESHOPUSER"."T_AREA" VALUES ('410726', '410700', '延津县');
INSERT INTO "ESHOPUSER"."T_AREA" VALUES ('410727', '410700', '封丘县');
INSERT INTO "ESHOPUSER"."T_AREA" VALUES ('410728', '410700', '长垣县');
INSERT INTO "ESHOPUSER"."T_AREA" VALUES ('410781', '410700', '卫辉市');
INSERT INTO "ESHOPUSER"."T_AREA" VALUES ('410782', '410700', '辉县市');
INSERT INTO "ESHOPUSER"."T_AREA" VALUES ('410801', '410800', '市辖区');
INSERT INTO "ESHOPUSER"."T_AREA" VALUES ('410802', '410800', '解放区');
INSERT INTO "ESHOPUSER"."T_AREA" VALUES ('410803', '410800', '中站区');
INSERT INTO "ESHOPUSER"."T_AREA" VALUES ('410804', '410800', '马村区');
INSERT INTO "ESHOPUSER"."T_AREA" VALUES ('410811', '410800', '山阳区');
INSERT INTO "ESHOPUSER"."T_AREA" VALUES ('410821', '410800', '修武县');
INSERT INTO "ESHOPUSER"."T_AREA" VALUES ('410822', '410800', '博爱县');
INSERT INTO "ESHOPUSER"."T_AREA" VALUES ('410823', '410800', '武陟县');
INSERT INTO "ESHOPUSER"."T_AREA" VALUES ('410825', '410800', '温　县');
INSERT INTO "ESHOPUSER"."T_AREA" VALUES ('410881', '410800', '济源市');
INSERT INTO "ESHOPUSER"."T_AREA" VALUES ('410882', '410800', '沁阳市');
INSERT INTO "ESHOPUSER"."T_AREA" VALUES ('410883', '410800', '孟州市');
INSERT INTO "ESHOPUSER"."T_AREA" VALUES ('410901', '410900', '市辖区');
INSERT INTO "ESHOPUSER"."T_AREA" VALUES ('410902', '410900', '华龙区');
INSERT INTO "ESHOPUSER"."T_AREA" VALUES ('410922', '410900', '清丰县');
INSERT INTO "ESHOPUSER"."T_AREA" VALUES ('410923', '410900', '南乐县');
INSERT INTO "ESHOPUSER"."T_AREA" VALUES ('410926', '410900', '范　县');
INSERT INTO "ESHOPUSER"."T_AREA" VALUES ('410927', '410900', '台前县');
INSERT INTO "ESHOPUSER"."T_AREA" VALUES ('410928', '410900', '濮阳县');
INSERT INTO "ESHOPUSER"."T_AREA" VALUES ('411001', '411000', '市辖区');
INSERT INTO "ESHOPUSER"."T_AREA" VALUES ('411002', '411000', '魏都区');
INSERT INTO "ESHOPUSER"."T_AREA" VALUES ('411023', '411000', '许昌县');
INSERT INTO "ESHOPUSER"."T_AREA" VALUES ('411024', '411000', '鄢陵县');
INSERT INTO "ESHOPUSER"."T_AREA" VALUES ('411025', '411000', '襄城县');
INSERT INTO "ESHOPUSER"."T_AREA" VALUES ('411081', '411000', '禹州市');
INSERT INTO "ESHOPUSER"."T_AREA" VALUES ('411082', '411000', '长葛市');
INSERT INTO "ESHOPUSER"."T_AREA" VALUES ('411101', '411100', '市辖区');
INSERT INTO "ESHOPUSER"."T_AREA" VALUES ('411102', '411100', '源汇区');
INSERT INTO "ESHOPUSER"."T_AREA" VALUES ('411103', '411100', '郾城区');
INSERT INTO "ESHOPUSER"."T_AREA" VALUES ('411104', '411100', '召陵区');
INSERT INTO "ESHOPUSER"."T_AREA" VALUES ('411121', '411100', '舞阳县');
INSERT INTO "ESHOPUSER"."T_AREA" VALUES ('411122', '411100', '临颍县');
INSERT INTO "ESHOPUSER"."T_AREA" VALUES ('411201', '411200', '市辖区');
INSERT INTO "ESHOPUSER"."T_AREA" VALUES ('411202', '411200', '湖滨区');
INSERT INTO "ESHOPUSER"."T_AREA" VALUES ('411221', '411200', '渑池县');
INSERT INTO "ESHOPUSER"."T_AREA" VALUES ('411222', '411200', '陕　县');
INSERT INTO "ESHOPUSER"."T_AREA" VALUES ('411224', '411200', '卢氏县');
INSERT INTO "ESHOPUSER"."T_AREA" VALUES ('411281', '411200', '义马市');
INSERT INTO "ESHOPUSER"."T_AREA" VALUES ('411282', '411200', '灵宝市');
INSERT INTO "ESHOPUSER"."T_AREA" VALUES ('411301', '411300', '市辖区');
INSERT INTO "ESHOPUSER"."T_AREA" VALUES ('411302', '411300', '宛城区');
INSERT INTO "ESHOPUSER"."T_AREA" VALUES ('411303', '411300', '卧龙区');
INSERT INTO "ESHOPUSER"."T_AREA" VALUES ('411321', '411300', '南召县');
INSERT INTO "ESHOPUSER"."T_AREA" VALUES ('411322', '411300', '方城县');
INSERT INTO "ESHOPUSER"."T_AREA" VALUES ('411323', '411300', '西峡县');
INSERT INTO "ESHOPUSER"."T_AREA" VALUES ('411324', '411300', '镇平县');
INSERT INTO "ESHOPUSER"."T_AREA" VALUES ('411325', '411300', '内乡县');
INSERT INTO "ESHOPUSER"."T_AREA" VALUES ('411326', '411300', '淅川县');
INSERT INTO "ESHOPUSER"."T_AREA" VALUES ('411327', '411300', '社旗县');
INSERT INTO "ESHOPUSER"."T_AREA" VALUES ('411328', '411300', '唐河县');
INSERT INTO "ESHOPUSER"."T_AREA" VALUES ('411329', '411300', '新野县');
INSERT INTO "ESHOPUSER"."T_AREA" VALUES ('411330', '411300', '桐柏县');
INSERT INTO "ESHOPUSER"."T_AREA" VALUES ('411381', '411300', '邓州市');
INSERT INTO "ESHOPUSER"."T_AREA" VALUES ('411401', '411400', '市辖区');
INSERT INTO "ESHOPUSER"."T_AREA" VALUES ('411402', '411400', '梁园区');
INSERT INTO "ESHOPUSER"."T_AREA" VALUES ('411403', '411400', '睢阳区');
INSERT INTO "ESHOPUSER"."T_AREA" VALUES ('411421', '411400', '民权县');
INSERT INTO "ESHOPUSER"."T_AREA" VALUES ('411422', '411400', '睢　县');
INSERT INTO "ESHOPUSER"."T_AREA" VALUES ('411423', '411400', '宁陵县');
INSERT INTO "ESHOPUSER"."T_AREA" VALUES ('411424', '411400', '柘城县');
INSERT INTO "ESHOPUSER"."T_AREA" VALUES ('411425', '411400', '虞城县');
INSERT INTO "ESHOPUSER"."T_AREA" VALUES ('411426', '411400', '夏邑县');
INSERT INTO "ESHOPUSER"."T_AREA" VALUES ('411481', '411400', '永城市');
INSERT INTO "ESHOPUSER"."T_AREA" VALUES ('411501', '411500', '市辖区');
INSERT INTO "ESHOPUSER"."T_AREA" VALUES ('411502', '411500', '师河区');
INSERT INTO "ESHOPUSER"."T_AREA" VALUES ('411503', '411500', '平桥区');
INSERT INTO "ESHOPUSER"."T_AREA" VALUES ('411521', '411500', '罗山县');
INSERT INTO "ESHOPUSER"."T_AREA" VALUES ('411522', '411500', '光山县');
INSERT INTO "ESHOPUSER"."T_AREA" VALUES ('411523', '411500', '新　县');
INSERT INTO "ESHOPUSER"."T_AREA" VALUES ('411524', '411500', '商城县');
INSERT INTO "ESHOPUSER"."T_AREA" VALUES ('411525', '411500', '固始县');
INSERT INTO "ESHOPUSER"."T_AREA" VALUES ('411526', '411500', '潢川县');
INSERT INTO "ESHOPUSER"."T_AREA" VALUES ('411527', '411500', '淮滨县');
INSERT INTO "ESHOPUSER"."T_AREA" VALUES ('411528', '411500', '息　县');
INSERT INTO "ESHOPUSER"."T_AREA" VALUES ('411601', '411600', '市辖区');
INSERT INTO "ESHOPUSER"."T_AREA" VALUES ('411602', '411600', '川汇区');
INSERT INTO "ESHOPUSER"."T_AREA" VALUES ('411621', '411600', '扶沟县');
INSERT INTO "ESHOPUSER"."T_AREA" VALUES ('411622', '411600', '西华县');
INSERT INTO "ESHOPUSER"."T_AREA" VALUES ('411623', '411600', '商水县');
INSERT INTO "ESHOPUSER"."T_AREA" VALUES ('411624', '411600', '沈丘县');
INSERT INTO "ESHOPUSER"."T_AREA" VALUES ('411625', '411600', '郸城县');
INSERT INTO "ESHOPUSER"."T_AREA" VALUES ('411626', '411600', '淮阳县');
INSERT INTO "ESHOPUSER"."T_AREA" VALUES ('411627', '411600', '太康县');
INSERT INTO "ESHOPUSER"."T_AREA" VALUES ('411628', '411600', '鹿邑县');
INSERT INTO "ESHOPUSER"."T_AREA" VALUES ('411681', '411600', '项城市');
INSERT INTO "ESHOPUSER"."T_AREA" VALUES ('411701', '411700', '市辖区');
INSERT INTO "ESHOPUSER"."T_AREA" VALUES ('411702', '411700', '驿城区');
INSERT INTO "ESHOPUSER"."T_AREA" VALUES ('411721', '411700', '西平县');
INSERT INTO "ESHOPUSER"."T_AREA" VALUES ('411722', '411700', '上蔡县');
INSERT INTO "ESHOPUSER"."T_AREA" VALUES ('411723', '411700', '平舆县');
INSERT INTO "ESHOPUSER"."T_AREA" VALUES ('411724', '411700', '正阳县');
INSERT INTO "ESHOPUSER"."T_AREA" VALUES ('411725', '411700', '确山县');
INSERT INTO "ESHOPUSER"."T_AREA" VALUES ('411726', '411700', '泌阳县');
INSERT INTO "ESHOPUSER"."T_AREA" VALUES ('411727', '411700', '汝南县');
INSERT INTO "ESHOPUSER"."T_AREA" VALUES ('411728', '411700', '遂平县');
INSERT INTO "ESHOPUSER"."T_AREA" VALUES ('411729', '411700', '新蔡县');
INSERT INTO "ESHOPUSER"."T_AREA" VALUES ('420101', '420100', '市辖区');
INSERT INTO "ESHOPUSER"."T_AREA" VALUES ('420102', '420100', '江岸区');
INSERT INTO "ESHOPUSER"."T_AREA" VALUES ('420103', '420100', '江汉区');
INSERT INTO "ESHOPUSER"."T_AREA" VALUES ('420104', '420100', '乔口区');
INSERT INTO "ESHOPUSER"."T_AREA" VALUES ('420105', '420100', '汉阳区');
INSERT INTO "ESHOPUSER"."T_AREA" VALUES ('420106', '420100', '武昌区');
INSERT INTO "ESHOPUSER"."T_AREA" VALUES ('420107', '420100', '青山区');
INSERT INTO "ESHOPUSER"."T_AREA" VALUES ('420111', '420100', '洪山区');
INSERT INTO "ESHOPUSER"."T_AREA" VALUES ('420112', '420100', '东西湖区');
INSERT INTO "ESHOPUSER"."T_AREA" VALUES ('420113', '420100', '汉南区');
INSERT INTO "ESHOPUSER"."T_AREA" VALUES ('420114', '420100', '蔡甸区');
INSERT INTO "ESHOPUSER"."T_AREA" VALUES ('420115', '420100', '江夏区');
INSERT INTO "ESHOPUSER"."T_AREA" VALUES ('420116', '420100', '黄陂区');
INSERT INTO "ESHOPUSER"."T_AREA" VALUES ('420117', '420100', '新洲区');
INSERT INTO "ESHOPUSER"."T_AREA" VALUES ('420201', '420200', '市辖区');
INSERT INTO "ESHOPUSER"."T_AREA" VALUES ('420202', '420200', '黄石港区');
INSERT INTO "ESHOPUSER"."T_AREA" VALUES ('420203', '420200', '西塞山区');
INSERT INTO "ESHOPUSER"."T_AREA" VALUES ('420204', '420200', '下陆区');
INSERT INTO "ESHOPUSER"."T_AREA" VALUES ('420205', '420200', '铁山区');
INSERT INTO "ESHOPUSER"."T_AREA" VALUES ('420222', '420200', '阳新县');
INSERT INTO "ESHOPUSER"."T_AREA" VALUES ('420281', '420200', '大冶市');
INSERT INTO "ESHOPUSER"."T_AREA" VALUES ('420301', '420300', '市辖区');
INSERT INTO "ESHOPUSER"."T_AREA" VALUES ('420302', '420300', '茅箭区');
INSERT INTO "ESHOPUSER"."T_AREA" VALUES ('420303', '420300', '张湾区');
INSERT INTO "ESHOPUSER"."T_AREA" VALUES ('420321', '420300', '郧　县');
INSERT INTO "ESHOPUSER"."T_AREA" VALUES ('420322', '420300', '郧西县');
INSERT INTO "ESHOPUSER"."T_AREA" VALUES ('420323', '420300', '竹山县');
INSERT INTO "ESHOPUSER"."T_AREA" VALUES ('420324', '420300', '竹溪县');
INSERT INTO "ESHOPUSER"."T_AREA" VALUES ('420325', '420300', '房　县');
INSERT INTO "ESHOPUSER"."T_AREA" VALUES ('420381', '420300', '丹江口市');
INSERT INTO "ESHOPUSER"."T_AREA" VALUES ('420501', '420500', '市辖区');
INSERT INTO "ESHOPUSER"."T_AREA" VALUES ('420502', '420500', '西陵区');
INSERT INTO "ESHOPUSER"."T_AREA" VALUES ('420503', '420500', '伍家岗区');
INSERT INTO "ESHOPUSER"."T_AREA" VALUES ('420504', '420500', '点军区');
INSERT INTO "ESHOPUSER"."T_AREA" VALUES ('420505', '420500', '猇亭区');
INSERT INTO "ESHOPUSER"."T_AREA" VALUES ('420506', '420500', '夷陵区');
INSERT INTO "ESHOPUSER"."T_AREA" VALUES ('420525', '420500', '远安县');
INSERT INTO "ESHOPUSER"."T_AREA" VALUES ('420526', '420500', '兴山县');
INSERT INTO "ESHOPUSER"."T_AREA" VALUES ('420527', '420500', '秭归县');

-- ----------------------------
-- Table structure for T_CART_GOODS
-- ----------------------------
DROP TABLE "ESHOPUSER"."T_CART_GOODS";
CREATE TABLE "ESHOPUSER"."T_CART_GOODS" (
  "USERNAME" VARCHAR2(64 BYTE) NOT NULL,
  "GOODS_ID" NUMBER NOT NULL,
  "NUM" NUMBER,
  "SPEC" VARCHAR2(64 BYTE),
  "ID" NUMBER NOT NULL
)
TABLESPACE "ESHOP_DATA"
LOGGING
NOCOMPRESS
PCTFREE 10
INITRANS 1
STORAGE (
  INITIAL 65536 
  NEXT 1048576 
  MINEXTENTS 1
  MAXEXTENTS 2147483645
  BUFFER_POOL DEFAULT
)
PARALLEL 1
NOCACHE
DISABLE ROW MOVEMENT
;

-- ----------------------------
-- Records of T_CART_GOODS
-- ----------------------------
INSERT INTO "ESHOPUSER"."T_CART_GOODS" VALUES ('张权', '149187842867912', '8', '20支快乐花', '29');
INSERT INTO "ESHOPUSER"."T_CART_GOODS" VALUES ('张权', '149187842867912', '5', '白瓷花瓶和20支兔尾巴草', '27');
INSERT INTO "ESHOPUSER"."T_CART_GOODS" VALUES ('张权', '149187842867912', '5', '20支兔尾巴草', '28');
INSERT INTO "ESHOPUSER"."T_CART_GOODS" VALUES ('张权', '149187842867912', '5', '白瓷花瓶和20支快乐花', '30');

-- ----------------------------
-- Table structure for T_CART_IMG
-- ----------------------------
DROP TABLE "ESHOPUSER"."T_CART_IMG";
CREATE TABLE "ESHOPUSER"."T_CART_IMG" (
  "ID" NUMBER NOT NULL,
  "SPEC" VARCHAR2(64 BYTE),
  "CART_IMG_URL" VARCHAR2(64 BYTE),
  "GOODS_ID" NUMBER
)
TABLESPACE "ESHOP_DATA"
LOGGING
NOCOMPRESS
PCTFREE 10
INITRANS 1
STORAGE (
  INITIAL 65536 
  NEXT 1048576 
  MINEXTENTS 1
  MAXEXTENTS 2147483645
  BUFFER_POOL DEFAULT
)
PARALLEL 1
NOCACHE
DISABLE ROW MOVEMENT
;

-- ----------------------------
-- Records of T_CART_IMG
-- ----------------------------
INSERT INTO "ESHOPUSER"."T_CART_IMG" VALUES ('1', '20支快乐花', 'img/temp/cart01.jpg', '149187842867912');
INSERT INTO "ESHOPUSER"."T_CART_IMG" VALUES ('2', '白瓷花瓶和20支兔尾巴草', 'img/temp/cart02.jpg', '149187842867912');
INSERT INTO "ESHOPUSER"."T_CART_IMG" VALUES ('3', '白瓷花瓶和20支快乐花', 'img/temp/cart03.jpg', '149187842867912');
INSERT INTO "ESHOPUSER"."T_CART_IMG" VALUES ('4', '20支兔尾巴草', 'img/temp/cart01.jpg', '149187842867912');

-- ----------------------------
-- Table structure for T_CITY
-- ----------------------------
DROP TABLE "ESHOPUSER"."T_CITY";
CREATE TABLE "ESHOPUSER"."T_CITY" (
  "CITY_ID" VARCHAR2(32 BYTE) NOT NULL,
  "PROVINCE_ID" VARCHAR2(32 BYTE),
  "NAME" VARCHAR2(64 BYTE)
)
TABLESPACE "ESHOP_DATA"
LOGGING
NOCOMPRESS
PCTFREE 10
INITRANS 1
STORAGE (
  INITIAL 65536 
  NEXT 1048576 
  MINEXTENTS 1
  MAXEXTENTS 2147483645
  BUFFER_POOL DEFAULT
)
PARALLEL 1
NOCACHE
DISABLE ROW MOVEMENT
;

-- ----------------------------
-- Records of T_CITY
-- ----------------------------
INSERT INTO "ESHOPUSER"."T_CITY" VALUES ('110100', '110000', '市辖区');
INSERT INTO "ESHOPUSER"."T_CITY" VALUES ('110200', '110000', '县');
INSERT INTO "ESHOPUSER"."T_CITY" VALUES ('120100', '120000', '市辖区');
INSERT INTO "ESHOPUSER"."T_CITY" VALUES ('120200', '120000', '县');
INSERT INTO "ESHOPUSER"."T_CITY" VALUES ('130100', '130000', '石家庄市');
INSERT INTO "ESHOPUSER"."T_CITY" VALUES ('130200', '130000', '唐山市');
INSERT INTO "ESHOPUSER"."T_CITY" VALUES ('130300', '130000', '秦皇岛市');
INSERT INTO "ESHOPUSER"."T_CITY" VALUES ('130400', '130000', '邯郸市');
INSERT INTO "ESHOPUSER"."T_CITY" VALUES ('130500', '130000', '邢台市');
INSERT INTO "ESHOPUSER"."T_CITY" VALUES ('130600', '130000', '保定市');
INSERT INTO "ESHOPUSER"."T_CITY" VALUES ('130700', '130000', '张家口市');
INSERT INTO "ESHOPUSER"."T_CITY" VALUES ('130800', '130000', '承德市');
INSERT INTO "ESHOPUSER"."T_CITY" VALUES ('130900', '130000', '沧州市');
INSERT INTO "ESHOPUSER"."T_CITY" VALUES ('131000', '130000', '廊坊市');
INSERT INTO "ESHOPUSER"."T_CITY" VALUES ('131100', '130000', '衡水市');
INSERT INTO "ESHOPUSER"."T_CITY" VALUES ('140100', '140000', '太原市');
INSERT INTO "ESHOPUSER"."T_CITY" VALUES ('140200', '140000', '大同市');
INSERT INTO "ESHOPUSER"."T_CITY" VALUES ('140300', '140000', '阳泉市');
INSERT INTO "ESHOPUSER"."T_CITY" VALUES ('140400', '140000', '长治市');
INSERT INTO "ESHOPUSER"."T_CITY" VALUES ('140500', '140000', '晋城市');
INSERT INTO "ESHOPUSER"."T_CITY" VALUES ('140600', '140000', '朔州市');
INSERT INTO "ESHOPUSER"."T_CITY" VALUES ('140700', '140000', '晋中市');
INSERT INTO "ESHOPUSER"."T_CITY" VALUES ('140800', '140000', '运城市');
INSERT INTO "ESHOPUSER"."T_CITY" VALUES ('140900', '140000', '忻州市');
INSERT INTO "ESHOPUSER"."T_CITY" VALUES ('141000', '140000', '临汾市');
INSERT INTO "ESHOPUSER"."T_CITY" VALUES ('141100', '140000', '吕梁市');
INSERT INTO "ESHOPUSER"."T_CITY" VALUES ('150100', '150000', '呼和浩特市');
INSERT INTO "ESHOPUSER"."T_CITY" VALUES ('150200', '150000', '包头市');
INSERT INTO "ESHOPUSER"."T_CITY" VALUES ('150300', '150000', '乌海市');
INSERT INTO "ESHOPUSER"."T_CITY" VALUES ('150400', '150000', '赤峰市');
INSERT INTO "ESHOPUSER"."T_CITY" VALUES ('150500', '150000', '通辽市');
INSERT INTO "ESHOPUSER"."T_CITY" VALUES ('150600', '150000', '鄂尔多斯市');
INSERT INTO "ESHOPUSER"."T_CITY" VALUES ('150700', '150000', '呼伦贝尔市');
INSERT INTO "ESHOPUSER"."T_CITY" VALUES ('150800', '150000', '巴彦淖尔市');
INSERT INTO "ESHOPUSER"."T_CITY" VALUES ('150900', '150000', '乌兰察布市');
INSERT INTO "ESHOPUSER"."T_CITY" VALUES ('152200', '150000', '兴安盟');
INSERT INTO "ESHOPUSER"."T_CITY" VALUES ('152500', '150000', '锡林郭勒盟');
INSERT INTO "ESHOPUSER"."T_CITY" VALUES ('152900', '150000', '阿拉善盟');
INSERT INTO "ESHOPUSER"."T_CITY" VALUES ('210100', '210000', '沈阳市');
INSERT INTO "ESHOPUSER"."T_CITY" VALUES ('210200', '210000', '大连市');
INSERT INTO "ESHOPUSER"."T_CITY" VALUES ('210300', '210000', '鞍山市');
INSERT INTO "ESHOPUSER"."T_CITY" VALUES ('210400', '210000', '抚顺市');
INSERT INTO "ESHOPUSER"."T_CITY" VALUES ('210500', '210000', '本溪市');
INSERT INTO "ESHOPUSER"."T_CITY" VALUES ('210600', '210000', '丹东市');
INSERT INTO "ESHOPUSER"."T_CITY" VALUES ('210700', '210000', '锦州市');
INSERT INTO "ESHOPUSER"."T_CITY" VALUES ('210800', '210000', '营口市');
INSERT INTO "ESHOPUSER"."T_CITY" VALUES ('210900', '210000', '阜新市');
INSERT INTO "ESHOPUSER"."T_CITY" VALUES ('211000', '210000', '辽阳市');
INSERT INTO "ESHOPUSER"."T_CITY" VALUES ('211100', '210000', '盘锦市');
INSERT INTO "ESHOPUSER"."T_CITY" VALUES ('211200', '210000', '铁岭市');
INSERT INTO "ESHOPUSER"."T_CITY" VALUES ('211300', '210000', '朝阳市');
INSERT INTO "ESHOPUSER"."T_CITY" VALUES ('211400', '210000', '葫芦岛市');
INSERT INTO "ESHOPUSER"."T_CITY" VALUES ('220100', '220000', '长春市');
INSERT INTO "ESHOPUSER"."T_CITY" VALUES ('220200', '220000', '吉林市');
INSERT INTO "ESHOPUSER"."T_CITY" VALUES ('220300', '220000', '四平市');
INSERT INTO "ESHOPUSER"."T_CITY" VALUES ('220400', '220000', '辽源市');
INSERT INTO "ESHOPUSER"."T_CITY" VALUES ('220500', '220000', '通化市');
INSERT INTO "ESHOPUSER"."T_CITY" VALUES ('220600', '220000', '白山市');
INSERT INTO "ESHOPUSER"."T_CITY" VALUES ('220700', '220000', '松原市');
INSERT INTO "ESHOPUSER"."T_CITY" VALUES ('220800', '220000', '白城市');
INSERT INTO "ESHOPUSER"."T_CITY" VALUES ('222400', '220000', '延边朝鲜族自治州');
INSERT INTO "ESHOPUSER"."T_CITY" VALUES ('230100', '230000', '哈尔滨市');
INSERT INTO "ESHOPUSER"."T_CITY" VALUES ('230200', '230000', '齐齐哈尔市');
INSERT INTO "ESHOPUSER"."T_CITY" VALUES ('230300', '230000', '鸡西市');
INSERT INTO "ESHOPUSER"."T_CITY" VALUES ('230400', '230000', '鹤岗市');
INSERT INTO "ESHOPUSER"."T_CITY" VALUES ('230500', '230000', '双鸭山市');
INSERT INTO "ESHOPUSER"."T_CITY" VALUES ('230600', '230000', '大庆市');
INSERT INTO "ESHOPUSER"."T_CITY" VALUES ('230700', '230000', '伊春市');
INSERT INTO "ESHOPUSER"."T_CITY" VALUES ('230800', '230000', '佳木斯市');
INSERT INTO "ESHOPUSER"."T_CITY" VALUES ('230900', '230000', '七台河市');
INSERT INTO "ESHOPUSER"."T_CITY" VALUES ('231000', '230000', '牡丹江市');
INSERT INTO "ESHOPUSER"."T_CITY" VALUES ('231100', '230000', '黑河市');
INSERT INTO "ESHOPUSER"."T_CITY" VALUES ('231200', '230000', '绥化市');
INSERT INTO "ESHOPUSER"."T_CITY" VALUES ('232700', '230000', '大兴安岭地区');
INSERT INTO "ESHOPUSER"."T_CITY" VALUES ('310100', '310000', '市辖区');
INSERT INTO "ESHOPUSER"."T_CITY" VALUES ('310200', '310000', '县');
INSERT INTO "ESHOPUSER"."T_CITY" VALUES ('320100', '320000', '南京市');
INSERT INTO "ESHOPUSER"."T_CITY" VALUES ('320200', '320000', '无锡市');
INSERT INTO "ESHOPUSER"."T_CITY" VALUES ('320300', '320000', '徐州市');
INSERT INTO "ESHOPUSER"."T_CITY" VALUES ('320400', '320000', '常州市');
INSERT INTO "ESHOPUSER"."T_CITY" VALUES ('320500', '320000', '苏州市');
INSERT INTO "ESHOPUSER"."T_CITY" VALUES ('320600', '320000', '南通市');
INSERT INTO "ESHOPUSER"."T_CITY" VALUES ('320700', '320000', '连云港市');
INSERT INTO "ESHOPUSER"."T_CITY" VALUES ('320800', '320000', '淮安市');
INSERT INTO "ESHOPUSER"."T_CITY" VALUES ('320900', '320000', '盐城市');
INSERT INTO "ESHOPUSER"."T_CITY" VALUES ('321000', '320000', '扬州市');
INSERT INTO "ESHOPUSER"."T_CITY" VALUES ('321100', '320000', '镇江市');
INSERT INTO "ESHOPUSER"."T_CITY" VALUES ('321200', '320000', '泰州市');
INSERT INTO "ESHOPUSER"."T_CITY" VALUES ('321300', '320000', '宿迁市');
INSERT INTO "ESHOPUSER"."T_CITY" VALUES ('330100', '330000', '杭州市');
INSERT INTO "ESHOPUSER"."T_CITY" VALUES ('330200', '330000', '宁波市');
INSERT INTO "ESHOPUSER"."T_CITY" VALUES ('330300', '330000', '温州市');
INSERT INTO "ESHOPUSER"."T_CITY" VALUES ('330400', '330000', '嘉兴市');
INSERT INTO "ESHOPUSER"."T_CITY" VALUES ('330500', '330000', '湖州市');
INSERT INTO "ESHOPUSER"."T_CITY" VALUES ('330600', '330000', '绍兴市');
INSERT INTO "ESHOPUSER"."T_CITY" VALUES ('330700', '330000', '金华市');
INSERT INTO "ESHOPUSER"."T_CITY" VALUES ('330800', '330000', '衢州市');
INSERT INTO "ESHOPUSER"."T_CITY" VALUES ('330900', '330000', '舟山市');
INSERT INTO "ESHOPUSER"."T_CITY" VALUES ('331000', '330000', '台州市');
INSERT INTO "ESHOPUSER"."T_CITY" VALUES ('331100', '330000', '丽水市');
INSERT INTO "ESHOPUSER"."T_CITY" VALUES ('340100', '340000', '合肥市');
INSERT INTO "ESHOPUSER"."T_CITY" VALUES ('340200', '340000', '芜湖市');
INSERT INTO "ESHOPUSER"."T_CITY" VALUES ('340300', '340000', '蚌埠市');
INSERT INTO "ESHOPUSER"."T_CITY" VALUES ('340400', '340000', '淮南市');
INSERT INTO "ESHOPUSER"."T_CITY" VALUES ('340500', '340000', '马鞍山市');
INSERT INTO "ESHOPUSER"."T_CITY" VALUES ('340600', '340000', '淮北市');
INSERT INTO "ESHOPUSER"."T_CITY" VALUES ('340700', '340000', '铜陵市');
INSERT INTO "ESHOPUSER"."T_CITY" VALUES ('340800', '340000', '安庆市');
INSERT INTO "ESHOPUSER"."T_CITY" VALUES ('341000', '340000', '黄山市');
INSERT INTO "ESHOPUSER"."T_CITY" VALUES ('341100', '340000', '滁州市');
INSERT INTO "ESHOPUSER"."T_CITY" VALUES ('341200', '340000', '阜阳市');
INSERT INTO "ESHOPUSER"."T_CITY" VALUES ('341300', '340000', '宿州市');
INSERT INTO "ESHOPUSER"."T_CITY" VALUES ('341400', '340000', '巢湖市');
INSERT INTO "ESHOPUSER"."T_CITY" VALUES ('341500', '340000', '六安市');
INSERT INTO "ESHOPUSER"."T_CITY" VALUES ('341600', '340000', '亳州市');
INSERT INTO "ESHOPUSER"."T_CITY" VALUES ('341700', '340000', '池州市');
INSERT INTO "ESHOPUSER"."T_CITY" VALUES ('341800', '340000', '宣城市');
INSERT INTO "ESHOPUSER"."T_CITY" VALUES ('350100', '350000', '福州市');
INSERT INTO "ESHOPUSER"."T_CITY" VALUES ('350200', '350000', '厦门市');
INSERT INTO "ESHOPUSER"."T_CITY" VALUES ('350300', '350000', '莆田市');
INSERT INTO "ESHOPUSER"."T_CITY" VALUES ('350400', '350000', '三明市');
INSERT INTO "ESHOPUSER"."T_CITY" VALUES ('350500', '350000', '泉州市');
INSERT INTO "ESHOPUSER"."T_CITY" VALUES ('350600', '350000', '漳州市');
INSERT INTO "ESHOPUSER"."T_CITY" VALUES ('350700', '350000', '南平市');
INSERT INTO "ESHOPUSER"."T_CITY" VALUES ('350800', '350000', '龙岩市');
INSERT INTO "ESHOPUSER"."T_CITY" VALUES ('350900', '350000', '宁德市');
INSERT INTO "ESHOPUSER"."T_CITY" VALUES ('360100', '360000', '南昌市');
INSERT INTO "ESHOPUSER"."T_CITY" VALUES ('360200', '360000', '景德镇市');
INSERT INTO "ESHOPUSER"."T_CITY" VALUES ('360300', '360000', '萍乡市');
INSERT INTO "ESHOPUSER"."T_CITY" VALUES ('360400', '360000', '九江市');
INSERT INTO "ESHOPUSER"."T_CITY" VALUES ('360500', '360000', '新余市');
INSERT INTO "ESHOPUSER"."T_CITY" VALUES ('360600', '360000', '鹰潭市');
INSERT INTO "ESHOPUSER"."T_CITY" VALUES ('360700', '360000', '赣州市');
INSERT INTO "ESHOPUSER"."T_CITY" VALUES ('360800', '360000', '吉安市');
INSERT INTO "ESHOPUSER"."T_CITY" VALUES ('360900', '360000', '宜春市');
INSERT INTO "ESHOPUSER"."T_CITY" VALUES ('361000', '360000', '抚州市');
INSERT INTO "ESHOPUSER"."T_CITY" VALUES ('361100', '360000', '上饶市');
INSERT INTO "ESHOPUSER"."T_CITY" VALUES ('370100', '370000', '济南市');
INSERT INTO "ESHOPUSER"."T_CITY" VALUES ('370200', '370000', '青岛市');
INSERT INTO "ESHOPUSER"."T_CITY" VALUES ('370300', '370000', '淄博市');
INSERT INTO "ESHOPUSER"."T_CITY" VALUES ('370400', '370000', '枣庄市');
INSERT INTO "ESHOPUSER"."T_CITY" VALUES ('370500', '370000', '东营市');
INSERT INTO "ESHOPUSER"."T_CITY" VALUES ('370600', '370000', '烟台市');
INSERT INTO "ESHOPUSER"."T_CITY" VALUES ('370700', '370000', '潍坊市');
INSERT INTO "ESHOPUSER"."T_CITY" VALUES ('370800', '370000', '济宁市');
INSERT INTO "ESHOPUSER"."T_CITY" VALUES ('370900', '370000', '泰安市');
INSERT INTO "ESHOPUSER"."T_CITY" VALUES ('371000', '370000', '威海市');
INSERT INTO "ESHOPUSER"."T_CITY" VALUES ('371100', '370000', '日照市');
INSERT INTO "ESHOPUSER"."T_CITY" VALUES ('371200', '370000', '莱芜市');
INSERT INTO "ESHOPUSER"."T_CITY" VALUES ('371300', '370000', '临沂市');
INSERT INTO "ESHOPUSER"."T_CITY" VALUES ('371400', '370000', '德州市');
INSERT INTO "ESHOPUSER"."T_CITY" VALUES ('371500', '370000', '聊城市');
INSERT INTO "ESHOPUSER"."T_CITY" VALUES ('371600', '370000', '滨州市');
INSERT INTO "ESHOPUSER"."T_CITY" VALUES ('371700', '370000', '荷泽市');
INSERT INTO "ESHOPUSER"."T_CITY" VALUES ('410100', '410000', '郑州市');
INSERT INTO "ESHOPUSER"."T_CITY" VALUES ('410200', '410000', '开封市');
INSERT INTO "ESHOPUSER"."T_CITY" VALUES ('410300', '410000', '洛阳市');
INSERT INTO "ESHOPUSER"."T_CITY" VALUES ('410400', '410000', '平顶山市');
INSERT INTO "ESHOPUSER"."T_CITY" VALUES ('410500', '410000', '安阳市');
INSERT INTO "ESHOPUSER"."T_CITY" VALUES ('410600', '410000', '鹤壁市');
INSERT INTO "ESHOPUSER"."T_CITY" VALUES ('410700', '410000', '新乡市');
INSERT INTO "ESHOPUSER"."T_CITY" VALUES ('410800', '410000', '焦作市');
INSERT INTO "ESHOPUSER"."T_CITY" VALUES ('410900', '410000', '濮阳市');
INSERT INTO "ESHOPUSER"."T_CITY" VALUES ('411000', '410000', '许昌市');
INSERT INTO "ESHOPUSER"."T_CITY" VALUES ('411100', '410000', '漯河市');
INSERT INTO "ESHOPUSER"."T_CITY" VALUES ('411200', '410000', '三门峡市');
INSERT INTO "ESHOPUSER"."T_CITY" VALUES ('411300', '410000', '南阳市');
INSERT INTO "ESHOPUSER"."T_CITY" VALUES ('411400', '410000', '商丘市');
INSERT INTO "ESHOPUSER"."T_CITY" VALUES ('411500', '410000', '信阳市');
INSERT INTO "ESHOPUSER"."T_CITY" VALUES ('411600', '410000', '周口市');
INSERT INTO "ESHOPUSER"."T_CITY" VALUES ('411700', '410000', '驻马店市');
INSERT INTO "ESHOPUSER"."T_CITY" VALUES ('420100', '420000', '武汉市');
INSERT INTO "ESHOPUSER"."T_CITY" VALUES ('420200', '420000', '黄石市');
INSERT INTO "ESHOPUSER"."T_CITY" VALUES ('420300', '420000', '十堰市');
INSERT INTO "ESHOPUSER"."T_CITY" VALUES ('420500', '420000', '宜昌市');
INSERT INTO "ESHOPUSER"."T_CITY" VALUES ('420600', '420000', '襄樊市');
INSERT INTO "ESHOPUSER"."T_CITY" VALUES ('420700', '420000', '鄂州市');
INSERT INTO "ESHOPUSER"."T_CITY" VALUES ('420800', '420000', '荆门市');
INSERT INTO "ESHOPUSER"."T_CITY" VALUES ('420900', '420000', '孝感市');
INSERT INTO "ESHOPUSER"."T_CITY" VALUES ('421000', '420000', '荆州市');
INSERT INTO "ESHOPUSER"."T_CITY" VALUES ('421100', '420000', '黄冈市');
INSERT INTO "ESHOPUSER"."T_CITY" VALUES ('421200', '420000', '咸宁市');
INSERT INTO "ESHOPUSER"."T_CITY" VALUES ('421300', '420000', '随州市');
INSERT INTO "ESHOPUSER"."T_CITY" VALUES ('422800', '420000', '恩施土家族苗族自治州');
INSERT INTO "ESHOPUSER"."T_CITY" VALUES ('429000', '420000', '省直辖行政单位');
INSERT INTO "ESHOPUSER"."T_CITY" VALUES ('430100', '430000', '长沙市');
INSERT INTO "ESHOPUSER"."T_CITY" VALUES ('430200', '430000', '株洲市');
INSERT INTO "ESHOPUSER"."T_CITY" VALUES ('430300', '430000', '湘潭市');
INSERT INTO "ESHOPUSER"."T_CITY" VALUES ('430400', '430000', '衡阳市');
INSERT INTO "ESHOPUSER"."T_CITY" VALUES ('430500', '430000', '邵阳市');
INSERT INTO "ESHOPUSER"."T_CITY" VALUES ('430600', '430000', '岳阳市');
INSERT INTO "ESHOPUSER"."T_CITY" VALUES ('430700', '430000', '常德市');
INSERT INTO "ESHOPUSER"."T_CITY" VALUES ('430800', '430000', '张家界市');
INSERT INTO "ESHOPUSER"."T_CITY" VALUES ('430900', '430000', '益阳市');
INSERT INTO "ESHOPUSER"."T_CITY" VALUES ('431000', '430000', '郴州市');
INSERT INTO "ESHOPUSER"."T_CITY" VALUES ('431100', '430000', '永州市');
INSERT INTO "ESHOPUSER"."T_CITY" VALUES ('431200', '430000', '怀化市');
INSERT INTO "ESHOPUSER"."T_CITY" VALUES ('431300', '430000', '娄底市');
INSERT INTO "ESHOPUSER"."T_CITY" VALUES ('433100', '430000', '湘西土家族苗族自治州');
INSERT INTO "ESHOPUSER"."T_CITY" VALUES ('440100', '440000', '广州市');
INSERT INTO "ESHOPUSER"."T_CITY" VALUES ('440200', '440000', '韶关市');
INSERT INTO "ESHOPUSER"."T_CITY" VALUES ('440300', '440000', '深圳市');
INSERT INTO "ESHOPUSER"."T_CITY" VALUES ('440400', '440000', '珠海市');
INSERT INTO "ESHOPUSER"."T_CITY" VALUES ('440500', '440000', '汕头市');
INSERT INTO "ESHOPUSER"."T_CITY" VALUES ('440600', '440000', '佛山市');
INSERT INTO "ESHOPUSER"."T_CITY" VALUES ('440700', '440000', '江门市');
INSERT INTO "ESHOPUSER"."T_CITY" VALUES ('440800', '440000', '湛江市');
INSERT INTO "ESHOPUSER"."T_CITY" VALUES ('440900', '440000', '茂名市');
INSERT INTO "ESHOPUSER"."T_CITY" VALUES ('441200', '440000', '肇庆市');
INSERT INTO "ESHOPUSER"."T_CITY" VALUES ('441300', '440000', '惠州市');
INSERT INTO "ESHOPUSER"."T_CITY" VALUES ('441400', '440000', '梅州市');
INSERT INTO "ESHOPUSER"."T_CITY" VALUES ('441500', '440000', '汕尾市');
INSERT INTO "ESHOPUSER"."T_CITY" VALUES ('441600', '440000', '河源市');
INSERT INTO "ESHOPUSER"."T_CITY" VALUES ('441700', '440000', '阳江市');
INSERT INTO "ESHOPUSER"."T_CITY" VALUES ('441800', '440000', '清远市');
INSERT INTO "ESHOPUSER"."T_CITY" VALUES ('441900', '440000', '东莞市');
INSERT INTO "ESHOPUSER"."T_CITY" VALUES ('442000', '440000', '中山市');
INSERT INTO "ESHOPUSER"."T_CITY" VALUES ('445100', '440000', '潮州市');
INSERT INTO "ESHOPUSER"."T_CITY" VALUES ('445200', '440000', '揭阳市');
INSERT INTO "ESHOPUSER"."T_CITY" VALUES ('445300', '440000', '云浮市');
INSERT INTO "ESHOPUSER"."T_CITY" VALUES ('450100', '450000', '南宁市');
INSERT INTO "ESHOPUSER"."T_CITY" VALUES ('450200', '450000', '柳州市');
INSERT INTO "ESHOPUSER"."T_CITY" VALUES ('450300', '450000', '桂林市');
INSERT INTO "ESHOPUSER"."T_CITY" VALUES ('450400', '450000', '梧州市');
INSERT INTO "ESHOPUSER"."T_CITY" VALUES ('450500', '450000', '北海市');
INSERT INTO "ESHOPUSER"."T_CITY" VALUES ('450600', '450000', '防城港市');
INSERT INTO "ESHOPUSER"."T_CITY" VALUES ('450700', '450000', '钦州市');
INSERT INTO "ESHOPUSER"."T_CITY" VALUES ('450800', '450000', '贵港市');
INSERT INTO "ESHOPUSER"."T_CITY" VALUES ('450900', '450000', '玉林市');
INSERT INTO "ESHOPUSER"."T_CITY" VALUES ('451000', '450000', '百色市');
INSERT INTO "ESHOPUSER"."T_CITY" VALUES ('451100', '450000', '贺州市');
INSERT INTO "ESHOPUSER"."T_CITY" VALUES ('451200', '450000', '河池市');
INSERT INTO "ESHOPUSER"."T_CITY" VALUES ('451300', '450000', '来宾市');
INSERT INTO "ESHOPUSER"."T_CITY" VALUES ('451400', '450000', '崇左市');
INSERT INTO "ESHOPUSER"."T_CITY" VALUES ('460100', '460000', '海口市');
INSERT INTO "ESHOPUSER"."T_CITY" VALUES ('460200', '460000', '三亚市');
INSERT INTO "ESHOPUSER"."T_CITY" VALUES ('469000', '460000', '省直辖县级行政单位');
INSERT INTO "ESHOPUSER"."T_CITY" VALUES ('500100', '500000', '市辖区');
INSERT INTO "ESHOPUSER"."T_CITY" VALUES ('500200', '500000', '县');
INSERT INTO "ESHOPUSER"."T_CITY" VALUES ('500300', '500000', '市');
INSERT INTO "ESHOPUSER"."T_CITY" VALUES ('510100', '510000', '成都市');
INSERT INTO "ESHOPUSER"."T_CITY" VALUES ('510300', '510000', '自贡市');
INSERT INTO "ESHOPUSER"."T_CITY" VALUES ('510400', '510000', '攀枝花市');
INSERT INTO "ESHOPUSER"."T_CITY" VALUES ('510500', '510000', '泸州市');
INSERT INTO "ESHOPUSER"."T_CITY" VALUES ('510600', '510000', '德阳市');
INSERT INTO "ESHOPUSER"."T_CITY" VALUES ('510700', '510000', '绵阳市');
INSERT INTO "ESHOPUSER"."T_CITY" VALUES ('510800', '510000', '广元市');
INSERT INTO "ESHOPUSER"."T_CITY" VALUES ('510900', '510000', '遂宁市');
INSERT INTO "ESHOPUSER"."T_CITY" VALUES ('511000', '510000', '内江市');
INSERT INTO "ESHOPUSER"."T_CITY" VALUES ('511100', '510000', '乐山市');
INSERT INTO "ESHOPUSER"."T_CITY" VALUES ('511300', '510000', '南充市');
INSERT INTO "ESHOPUSER"."T_CITY" VALUES ('511400', '510000', '眉山市');
INSERT INTO "ESHOPUSER"."T_CITY" VALUES ('511500', '510000', '宜宾市');
INSERT INTO "ESHOPUSER"."T_CITY" VALUES ('511600', '510000', '广安市');
INSERT INTO "ESHOPUSER"."T_CITY" VALUES ('511700', '510000', '达州市');
INSERT INTO "ESHOPUSER"."T_CITY" VALUES ('511800', '510000', '雅安市');
INSERT INTO "ESHOPUSER"."T_CITY" VALUES ('511900', '510000', '巴中市');
INSERT INTO "ESHOPUSER"."T_CITY" VALUES ('512000', '510000', '资阳市');
INSERT INTO "ESHOPUSER"."T_CITY" VALUES ('513200', '510000', '阿坝藏族羌族自治州');
INSERT INTO "ESHOPUSER"."T_CITY" VALUES ('513300', '510000', '甘孜藏族自治州');
INSERT INTO "ESHOPUSER"."T_CITY" VALUES ('513400', '510000', '凉山彝族自治州');
INSERT INTO "ESHOPUSER"."T_CITY" VALUES ('520100', '520000', '贵阳市');
INSERT INTO "ESHOPUSER"."T_CITY" VALUES ('520200', '520000', '六盘水市');
INSERT INTO "ESHOPUSER"."T_CITY" VALUES ('520300', '520000', '遵义市');
INSERT INTO "ESHOPUSER"."T_CITY" VALUES ('520400', '520000', '安顺市');
INSERT INTO "ESHOPUSER"."T_CITY" VALUES ('522200', '520000', '铜仁地区');
INSERT INTO "ESHOPUSER"."T_CITY" VALUES ('522300', '520000', '黔西南布依族苗族自治州');
INSERT INTO "ESHOPUSER"."T_CITY" VALUES ('522400', '520000', '毕节地区');
INSERT INTO "ESHOPUSER"."T_CITY" VALUES ('522600', '520000', '黔东南苗族侗族自治州');
INSERT INTO "ESHOPUSER"."T_CITY" VALUES ('522700', '520000', '黔南布依族苗族自治州');
INSERT INTO "ESHOPUSER"."T_CITY" VALUES ('530100', '530000', '昆明市');
INSERT INTO "ESHOPUSER"."T_CITY" VALUES ('530300', '530000', '曲靖市');
INSERT INTO "ESHOPUSER"."T_CITY" VALUES ('530400', '530000', '玉溪市');
INSERT INTO "ESHOPUSER"."T_CITY" VALUES ('530500', '530000', '保山市');
INSERT INTO "ESHOPUSER"."T_CITY" VALUES ('530600', '530000', '昭通市');
INSERT INTO "ESHOPUSER"."T_CITY" VALUES ('530700', '530000', '丽江市');
INSERT INTO "ESHOPUSER"."T_CITY" VALUES ('530800', '530000', '思茅市');
INSERT INTO "ESHOPUSER"."T_CITY" VALUES ('530900', '530000', '临沧市');
INSERT INTO "ESHOPUSER"."T_CITY" VALUES ('532300', '530000', '楚雄彝族自治州');
INSERT INTO "ESHOPUSER"."T_CITY" VALUES ('532500', '530000', '红河哈尼族彝族自治州');
INSERT INTO "ESHOPUSER"."T_CITY" VALUES ('532600', '530000', '文山壮族苗族自治州');
INSERT INTO "ESHOPUSER"."T_CITY" VALUES ('532800', '530000', '西双版纳傣族自治州');
INSERT INTO "ESHOPUSER"."T_CITY" VALUES ('532900', '530000', '大理白族自治州');
INSERT INTO "ESHOPUSER"."T_CITY" VALUES ('533100', '530000', '德宏傣族景颇族自治州');
INSERT INTO "ESHOPUSER"."T_CITY" VALUES ('533300', '530000', '怒江傈僳族自治州');
INSERT INTO "ESHOPUSER"."T_CITY" VALUES ('533400', '530000', '迪庆藏族自治州');
INSERT INTO "ESHOPUSER"."T_CITY" VALUES ('540100', '540000', '拉萨市');
INSERT INTO "ESHOPUSER"."T_CITY" VALUES ('542100', '540000', '昌都地区');
INSERT INTO "ESHOPUSER"."T_CITY" VALUES ('542200', '540000', '山南地区');
INSERT INTO "ESHOPUSER"."T_CITY" VALUES ('542300', '540000', '日喀则地区');
INSERT INTO "ESHOPUSER"."T_CITY" VALUES ('542400', '540000', '那曲地区');
INSERT INTO "ESHOPUSER"."T_CITY" VALUES ('542500', '540000', '阿里地区');
INSERT INTO "ESHOPUSER"."T_CITY" VALUES ('542600', '540000', '林芝地区');
INSERT INTO "ESHOPUSER"."T_CITY" VALUES ('610100', '610000', '西安市');
INSERT INTO "ESHOPUSER"."T_CITY" VALUES ('610200', '610000', '铜川市');
INSERT INTO "ESHOPUSER"."T_CITY" VALUES ('610300', '610000', '宝鸡市');
INSERT INTO "ESHOPUSER"."T_CITY" VALUES ('610400', '610000', '咸阳市');
INSERT INTO "ESHOPUSER"."T_CITY" VALUES ('610500', '610000', '渭南市');
INSERT INTO "ESHOPUSER"."T_CITY" VALUES ('610600', '610000', '延安市');
INSERT INTO "ESHOPUSER"."T_CITY" VALUES ('610700', '610000', '汉中市');
INSERT INTO "ESHOPUSER"."T_CITY" VALUES ('610800', '610000', '榆林市');
INSERT INTO "ESHOPUSER"."T_CITY" VALUES ('610900', '610000', '安康市');
INSERT INTO "ESHOPUSER"."T_CITY" VALUES ('611000', '610000', '商洛市');
INSERT INTO "ESHOPUSER"."T_CITY" VALUES ('620100', '620000', '兰州市');
INSERT INTO "ESHOPUSER"."T_CITY" VALUES ('620200', '620000', '嘉峪关市');
INSERT INTO "ESHOPUSER"."T_CITY" VALUES ('620300', '620000', '金昌市');
INSERT INTO "ESHOPUSER"."T_CITY" VALUES ('620400', '620000', '白银市');
INSERT INTO "ESHOPUSER"."T_CITY" VALUES ('620500', '620000', '天水市');
INSERT INTO "ESHOPUSER"."T_CITY" VALUES ('620600', '620000', '武威市');
INSERT INTO "ESHOPUSER"."T_CITY" VALUES ('620700', '620000', '张掖市');
INSERT INTO "ESHOPUSER"."T_CITY" VALUES ('620800', '620000', '平凉市');
INSERT INTO "ESHOPUSER"."T_CITY" VALUES ('620900', '620000', '酒泉市');
INSERT INTO "ESHOPUSER"."T_CITY" VALUES ('621000', '620000', '庆阳市');
INSERT INTO "ESHOPUSER"."T_CITY" VALUES ('621100', '620000', '定西市');
INSERT INTO "ESHOPUSER"."T_CITY" VALUES ('621200', '620000', '陇南市');
INSERT INTO "ESHOPUSER"."T_CITY" VALUES ('622900', '620000', '临夏回族自治州');
INSERT INTO "ESHOPUSER"."T_CITY" VALUES ('623000', '620000', '甘南藏族自治州');
INSERT INTO "ESHOPUSER"."T_CITY" VALUES ('630100', '630000', '西宁市');
INSERT INTO "ESHOPUSER"."T_CITY" VALUES ('632100', '630000', '海东地区');
INSERT INTO "ESHOPUSER"."T_CITY" VALUES ('632200', '630000', '海北藏族自治州');
INSERT INTO "ESHOPUSER"."T_CITY" VALUES ('632300', '630000', '黄南藏族自治州');
INSERT INTO "ESHOPUSER"."T_CITY" VALUES ('632500', '630000', '海南藏族自治州');
INSERT INTO "ESHOPUSER"."T_CITY" VALUES ('632600', '630000', '果洛藏族自治州');
INSERT INTO "ESHOPUSER"."T_CITY" VALUES ('632700', '630000', '玉树藏族自治州');
INSERT INTO "ESHOPUSER"."T_CITY" VALUES ('632800', '630000', '海西蒙古族藏族自治州');
INSERT INTO "ESHOPUSER"."T_CITY" VALUES ('640100', '640000', '银川市');
INSERT INTO "ESHOPUSER"."T_CITY" VALUES ('640200', '640000', '石嘴山市');
INSERT INTO "ESHOPUSER"."T_CITY" VALUES ('640300', '640000', '吴忠市');
INSERT INTO "ESHOPUSER"."T_CITY" VALUES ('640400', '640000', '固原市');
INSERT INTO "ESHOPUSER"."T_CITY" VALUES ('640500', '640000', '中卫市');
INSERT INTO "ESHOPUSER"."T_CITY" VALUES ('650100', '650000', '乌鲁木齐市');
INSERT INTO "ESHOPUSER"."T_CITY" VALUES ('650200', '650000', '克拉玛依市');
INSERT INTO "ESHOPUSER"."T_CITY" VALUES ('652100', '650000', '吐鲁番地区');
INSERT INTO "ESHOPUSER"."T_CITY" VALUES ('652200', '650000', '哈密地区');
INSERT INTO "ESHOPUSER"."T_CITY" VALUES ('652300', '650000', '昌吉回族自治州');
INSERT INTO "ESHOPUSER"."T_CITY" VALUES ('652700', '650000', '博尔塔拉蒙古自治州');
INSERT INTO "ESHOPUSER"."T_CITY" VALUES ('652800', '650000', '巴音郭楞蒙古自治州');
INSERT INTO "ESHOPUSER"."T_CITY" VALUES ('652900', '650000', '阿克苏地区');
INSERT INTO "ESHOPUSER"."T_CITY" VALUES ('653000', '650000', '克孜勒苏柯尔克孜自治州');
INSERT INTO "ESHOPUSER"."T_CITY" VALUES ('653100', '650000', '喀什地区');
INSERT INTO "ESHOPUSER"."T_CITY" VALUES ('653200', '650000', '和田地区');
INSERT INTO "ESHOPUSER"."T_CITY" VALUES ('654000', '650000', '伊犁哈萨克自治州');
INSERT INTO "ESHOPUSER"."T_CITY" VALUES ('654200', '650000', '塔城地区');
INSERT INTO "ESHOPUSER"."T_CITY" VALUES ('654300', '650000', '阿勒泰地区');
INSERT INTO "ESHOPUSER"."T_CITY" VALUES ('659000', '650000', '省直辖行政单位');

-- ----------------------------
-- Table structure for T_CONTENT_CATEGORY
-- ----------------------------
DROP TABLE "ESHOPUSER"."T_CONTENT_CATEGORY";
CREATE TABLE "ESHOPUSER"."T_CONTENT_CATEGORY" (
  "CONTENT_ID" NUMBER NOT NULL,
  "NAME" VARCHAR2(32 BYTE)
)
TABLESPACE "ESHOP_DATA"
LOGGING
NOCOMPRESS
PCTFREE 10
INITRANS 1
STORAGE (
  INITIAL 65536 
  NEXT 1048576 
  MINEXTENTS 1
  MAXEXTENTS 2147483645
  BUFFER_POOL DEFAULT
)
PARALLEL 1
NOCACHE
DISABLE ROW MOVEMENT
;

-- ----------------------------
-- Records of T_CONTENT_CATEGORY
-- ----------------------------
INSERT INTO "ESHOPUSER"."T_CONTENT_CATEGORY" VALUES ('1', '首页轮播广告');
INSERT INTO "ESHOPUSER"."T_CONTENT_CATEGORY" VALUES ('2', '今日推荐');
INSERT INTO "ESHOPUSER"."T_CONTENT_CATEGORY" VALUES ('3', '活动专区');
INSERT INTO "ESHOPUSER"."T_CONTENT_CATEGORY" VALUES ('4', '为你推荐');
INSERT INTO "ESHOPUSER"."T_CONTENT_CATEGORY" VALUES ('5', '猜你喜欢');

-- ----------------------------
-- Table structure for T_FREIGHT
-- ----------------------------
DROP TABLE "ESHOPUSER"."T_FREIGHT";
CREATE TABLE "ESHOPUSER"."T_FREIGHT" (
  "FREIGHT_ID" VARCHAR2(32 BYTE) NOT NULL,
  "EXPRESS_DELIVERY" VARCHAR2(16 BYTE),
  "SEND_TIME_TYPE" VARCHAR2(4 BYTE),
  "CREATE_TIME" DATE
)
TABLESPACE "ESHOP_DATA"
LOGGING
NOCOMPRESS
PCTFREE 10
INITRANS 1
STORAGE (
  INITIAL 65536 
  NEXT 1048576 
  MINEXTENTS 1
  MAXEXTENTS 2147483645
  BUFFER_POOL DEFAULT
)
PARALLEL 1
NOCACHE
DISABLE ROW MOVEMENT
;
COMMENT ON COLUMN "ESHOPUSER"."T_FREIGHT"."SEND_TIME_TYPE" IS '发货时间（1:12h  2:24h  3:48h  4:72h  5:7d 6:15d ）';

-- ----------------------------
-- Records of T_FREIGHT
-- ----------------------------
INSERT INTO "ESHOPUSER"."T_FREIGHT" VALUES ('1096001380759375872', '中通快递', '4', TO_DATE('2020-06-08 16:53:21', 'SYYYY-MM-DD HH24:MI:SS'));
INSERT INTO "ESHOPUSER"."T_FREIGHT" VALUES ('1096175327589175296', '圆通快递', '4', TO_DATE('2020-06-09 04:24:33', 'SYYYY-MM-DD HH24:MI:SS'));
INSERT INTO "ESHOPUSER"."T_FREIGHT" VALUES ('1096176259500609536', '百世汇通', '4', TO_DATE('2020-06-09 04:28:15', 'SYYYY-MM-DD HH24:MI:SS'));
INSERT INTO "ESHOPUSER"."T_FREIGHT" VALUES ('1096176963707473920', '圆通快递', '4', TO_DATE('2020-06-09 04:31:03', 'SYYYY-MM-DD HH24:MI:SS'));
INSERT INTO "ESHOPUSER"."T_FREIGHT" VALUES ('1096251223176122368', '顺风快递', '4', TO_DATE('2020-06-09 09:26:08', 'SYYYY-MM-DD HH24:MI:SS'));
INSERT INTO "ESHOPUSER"."T_FREIGHT" VALUES ('1096684430350618624', '圆通快递', '4', TO_DATE('2020-06-10 14:07:33', 'SYYYY-MM-DD HH24:MI:SS'));
INSERT INTO "ESHOPUSER"."T_FREIGHT" VALUES ('1096684606305865728', '顺风快递', '4', TO_DATE('2020-06-10 14:08:15', 'SYYYY-MM-DD HH24:MI:SS'));
INSERT INTO "ESHOPUSER"."T_FREIGHT" VALUES ('1096687050251309056', '顺风快递', '4', TO_DATE('2020-06-10 14:17:57', 'SYYYY-MM-DD HH24:MI:SS'));
INSERT INTO "ESHOPUSER"."T_FREIGHT" VALUES ('1097251844981264384', '百世汇通', '4', TO_DATE('2020-06-12 03:42:15', 'SYYYY-MM-DD HH24:MI:SS'));
INSERT INTO "ESHOPUSER"."T_FREIGHT" VALUES ('1097286910931374080', '顺风快递', '4', TO_DATE('2020-06-12 06:01:35', 'SYYYY-MM-DD HH24:MI:SS'));
INSERT INTO "ESHOPUSER"."T_FREIGHT" VALUES ('1097287653457399808', '顺风快递', '4', TO_DATE('2020-06-12 06:04:32', 'SYYYY-MM-DD HH24:MI:SS'));
INSERT INTO "ESHOPUSER"."T_FREIGHT" VALUES ('1097288149131857920', '顺风快递', '4', TO_DATE('2020-06-12 06:06:30', 'SYYYY-MM-DD HH24:MI:SS'));
INSERT INTO "ESHOPUSER"."T_FREIGHT" VALUES ('1097646762451013632', '圆通快递', '4', TO_DATE('2020-06-13 05:51:31', 'SYYYY-MM-DD HH24:MI:SS'));
INSERT INTO "ESHOPUSER"."T_FREIGHT" VALUES ('1123581437149188096', '圆通快递', '4', TO_DATE('2020-08-24 03:26:38', 'SYYYY-MM-DD HH24:MI:SS'));
INSERT INTO "ESHOPUSER"."T_FREIGHT" VALUES ('1123581458036822016', '圆通快递', '4', TO_DATE('2020-08-24 03:26:43', 'SYYYY-MM-DD HH24:MI:SS'));
INSERT INTO "ESHOPUSER"."T_FREIGHT" VALUES ('1123581580955095040', '顺风快递', '4', TO_DATE('2020-08-24 03:27:13', 'SYYYY-MM-DD HH24:MI:SS'));
INSERT INTO "ESHOPUSER"."T_FREIGHT" VALUES ('1123581605940563968', '顺风快递', '4', TO_DATE('2020-08-24 03:27:19', 'SYYYY-MM-DD HH24:MI:SS'));
INSERT INTO "ESHOPUSER"."T_FREIGHT" VALUES ('1123203581273444352', '百世汇通', '4', TO_DATE('2020-08-23 02:25:10', 'SYYYY-MM-DD HH24:MI:SS'));
INSERT INTO "ESHOPUSER"."T_FREIGHT" VALUES ('1123582711961751552', '顺风快递', '4', TO_DATE('2020-08-24 03:31:42', 'SYYYY-MM-DD HH24:MI:SS'));
INSERT INTO "ESHOPUSER"."T_FREIGHT" VALUES ('1123584802344144896', '顺风快递', '4', TO_DATE('2020-08-24 03:40:01', 'SYYYY-MM-DD HH24:MI:SS'));
INSERT INTO "ESHOPUSER"."T_FREIGHT" VALUES ('1123585020565393408', '顺风快递', '4', TO_DATE('2020-08-24 03:40:53', 'SYYYY-MM-DD HH24:MI:SS'));
INSERT INTO "ESHOPUSER"."T_FREIGHT" VALUES ('1123406743305457664', '顺风快递', '4', TO_DATE('2020-08-23 15:52:28', 'SYYYY-MM-DD HH24:MI:SS'));
INSERT INTO "ESHOPUSER"."T_FREIGHT" VALUES ('1123407470182535168', '顺风快递', '4', TO_DATE('2020-08-23 15:55:21', 'SYYYY-MM-DD HH24:MI:SS'));
INSERT INTO "ESHOPUSER"."T_FREIGHT" VALUES ('1123582129372925952', '顺风快递', '4', TO_DATE('2020-08-24 03:29:23', 'SYYYY-MM-DD HH24:MI:SS'));

-- ----------------------------
-- Table structure for T_FREIGHT_DETAIL
-- ----------------------------
DROP TABLE "ESHOPUSER"."T_FREIGHT_DETAIL";
CREATE TABLE "ESHOPUSER"."T_FREIGHT_DETAIL" (
  "FREIGHT_ID" VARCHAR2(32 BYTE) NOT NULL,
  "ORDER_ID" VARCHAR2(32 BYTE) NOT NULL,
  "UPDATE_TIME" DATE,
  "DETAIL" VARCHAR2(256 BYTE),
  "SENDER" VARCHAR2(16 BYTE),
  "MOBILE" VARCHAR2(16 BYTE),
  "ID" NUMBER NOT NULL
)
TABLESPACE "ESHOP_DATA"
LOGGING
NOCOMPRESS
PCTFREE 10
INITRANS 1
STORAGE (
  INITIAL 65536 
  NEXT 1048576 
  MINEXTENTS 1
  MAXEXTENTS 2147483645
  BUFFER_POOL DEFAULT
)
PARALLEL 1
NOCACHE
DISABLE ROW MOVEMENT
;

-- ----------------------------
-- Records of T_FREIGHT_DETAIL
-- ----------------------------
INSERT INTO "ESHOPUSER"."T_FREIGHT_DETAIL" VALUES ('1096001380759375872', '545830385192170114', TO_DATE('2016-12-01 12:12:00', 'SYYYY-MM-DD HH24:MI:SS'), '泉州市速递物流分公司南区电子商务业务部已收件，（揽投员姓名：六六六;联系电话： 15514257454）', '六六六', '15514257454', '1');
INSERT INTO "ESHOPUSER"."T_FREIGHT_DETAIL" VALUES ('1096001380759375872', '545830385192170114', TO_DATE('2016-12-01 17:12:00', 'SYYYY-MM-DD HH24:MI:SS'), '离开泉州市 发往中山市', NULL, NULL, '2');
INSERT INTO "ESHOPUSER"."T_FREIGHT_DETAIL" VALUES ('1096001380759375872', '545830385192170114', TO_DATE('2016-12-02 09:12:00', 'SYYYY-MM-DD HH24:MI:SS'), '到达广东省邮政速递物流有限公司中山三角邮件处理中心处理中心（经转）', NULL, NULL, '3');
INSERT INTO "ESHOPUSER"."T_FREIGHT_DETAIL" VALUES ('1096001380759375872', '545830385192170114', TO_DATE('2016-12-02 17:12:00', 'SYYYY-MM-DD HH24:MI:SS'), '离开中山市 发往深圳市（经转）', NULL, NULL, '4');
INSERT INTO "ESHOPUSER"."T_FREIGHT_DETAIL" VALUES ('1096001380759375872', '545830385192170114', TO_DATE('2016-12-03 02:20:00', 'SYYYY-MM-DD HH24:MI:SS'), '到达广东省邮政速递物流有限公司深圳航空邮件处理中心处理中心（经转）', NULL, NULL, '5');
INSERT INTO "ESHOPUSER"."T_FREIGHT_DETAIL" VALUES ('1096001380759375872', '545830385192170114', TO_DATE('2016-12-03 09:55:00', 'SYYYY-MM-DD HH24:MI:SS'), '深圳市南油速递营销部安排投递（投递员姓名：六六六 18766677721;联系电话：）', '六六六', '18766677721', '6');
INSERT INTO "ESHOPUSER"."T_FREIGHT_DETAIL" VALUES ('1096001380759375872', '545830385192170114', TO_DATE('2016-12-03 17:12:00', 'SYYYY-MM-DD HH24:MI:SS'), '妥投投递并签收，签收人：他人收 他人收', NULL, NULL, '7');
INSERT INTO "ESHOPUSER"."T_FREIGHT_DETAIL" VALUES ('1123203581273444352', '115505899580131690', TO_DATE('2020-08-23 02:25:10', 'SYYYY-MM-DD HH24:MI:SS'), '正在出仓', NULL, NULL, '49');
INSERT INTO "ESHOPUSER"."T_FREIGHT_DETAIL" VALUES ('1123582711961751552', '534280412483702464', TO_DATE('2020-08-24 03:31:42', 'SYYYY-MM-DD HH24:MI:SS'), '正在出仓', NULL, NULL, '121');
INSERT INTO "ESHOPUSER"."T_FREIGHT_DETAIL" VALUES ('1123584802344144896', '944334461565339393', TO_DATE('2020-08-24 03:40:01', 'SYYYY-MM-DD HH24:MI:SS'), '正在出仓', NULL, NULL, '129');
INSERT INTO "ESHOPUSER"."T_FREIGHT_DETAIL" VALUES ('1123585020565393408', '504908410984536907', TO_DATE('2020-08-24 03:40:53', 'SYYYY-MM-DD HH24:MI:SS'), '正在出仓', NULL, NULL, '137');
INSERT INTO "ESHOPUSER"."T_FREIGHT_DETAIL" VALUES ('1123406743305457664', '248835430569185853', TO_DATE('2020-08-23 15:52:28', 'SYYYY-MM-DD HH24:MI:SS'), '正在出仓', NULL, NULL, '57');
INSERT INTO "ESHOPUSER"."T_FREIGHT_DETAIL" VALUES ('1123407470182535168', '092903468886031370', TO_DATE('2020-08-23 15:55:21', 'SYYYY-MM-DD HH24:MI:SS'), '正在出仓', NULL, NULL, '65');

-- ----------------------------
-- Table structure for T_GOODS
-- ----------------------------
DROP TABLE "ESHOPUSER"."T_GOODS";
CREATE TABLE "ESHOPUSER"."T_GOODS" (
  "GOODS_ID" NUMBER NOT NULL,
  "SPEC_OPTION_ID" NUMBER,
  "CONTENT_ID" NUMBER,
  "NAME" VARCHAR2(64 BYTE),
  "PRICE" NUMBER(10,2),
  "STOCK" NUMBER,
  "IS_MARKETABLE" VARCHAR2(1 BYTE),
  "CATEGORY_ONE" VARCHAR2(32 BYTE),
  "CATEGORY_TWO" VARCHAR2(32 BYTE),
  "STYLE" VARCHAR2(32 BYTE),
  "PRODET_PIC" VARCHAR2(64 BYTE),
  "INTRODUCTION" VARCHAR2(256 BYTE),
  "SPEC_ID" VARCHAR2(32 BYTE)
)
TABLESPACE "ESHOP_DATA"
LOGGING
NOCOMPRESS
PCTFREE 10
INITRANS 1
STORAGE (
  INITIAL 65536 
  NEXT 1048576 
  MINEXTENTS 1
  MAXEXTENTS 2147483645
  BUFFER_POOL DEFAULT
)
PARALLEL 1
NOCACHE
DISABLE ROW MOVEMENT
;

-- ----------------------------
-- Records of T_GOODS
-- ----------------------------
INSERT INTO "ESHOPUSER"."T_GOODS" VALUES ('149187842867943', NULL, NULL, '【最家】法式乡村复古抱枕', '20', '2096', '1', '布艺软饰', '抱枕靠垫', NULL, 'img/temp/bz07.jpg', NULL, '26');
INSERT INTO "ESHOPUSER"."T_GOODS" VALUES ('149187842867948', NULL, NULL, '【最家】时尚现代叮当猫抱枕', '37.9', '2096', '1', '布艺软饰', '抱枕靠垫', NULL, 'img/temp/bz02.jpg', NULL, '26');
INSERT INTO "ESHOPUSER"."T_GOODS" VALUES ('149187842867949', NULL, NULL, '【最家】欧式现代棉麻抱枕', '39.9', '2096', '1', '布艺软饰', '抱枕靠垫', NULL, 'img/temp/bz01.jpg', NULL, '26');
INSERT INTO "ESHOPUSER"."T_GOODS" VALUES ('149187842867967', NULL, NULL, '【最家】法式乡村复古抱枕', '17.9', '2096', '1', '布艺软饰', '抱枕靠垫', NULL, 'img/temp/bz07.jpg', NULL, '26');
INSERT INTO "ESHOPUSER"."T_GOODS" VALUES ('149187842867968', NULL, NULL, '【最家】时尚图案抱枕', '17.9', '2096', '1', '布艺软饰', '抱枕靠垫', NULL, 'img/temp/bz06.jpg', NULL, '26');
INSERT INTO "ESHOPUSER"."T_GOODS" VALUES ('149187842867972', NULL, NULL, '【最家】北欧圣诞节防水桌布红色', '17.9', '2096', '1', '布艺软饰', '桌布罩件', NULL, 'img/temp/zb05.jpg', NULL, '26');
INSERT INTO "ESHOPUSER"."T_GOODS" VALUES ('149187842867973', NULL, NULL, '【最家】田园桌布防水防油布', '47.9', '2096', '1', '布艺软饰', '桌布罩件', NULL, 'img/temp/zb04.jpg', NULL, '26');
INSERT INTO "ESHOPUSER"."T_GOODS" VALUES ('149187842867975', NULL, NULL, '【最家】地中海格子桌布', '37.9', '2096', '1', '布艺软饰', '桌布罩件', NULL, 'img/temp/zb02.jpg', NULL, '26');
INSERT INTO "ESHOPUSER"."T_GOODS" VALUES ('149187842867976', NULL, NULL, '【最家】欧式田园棉麻桌布', '17.9', '2096', '1', '布艺软饰', '桌布罩件', NULL, 'img/temp/zb01.jpg', NULL, '26');
INSERT INTO "ESHOPUSER"."T_GOODS" VALUES ('149187842867981', NULL, NULL, '【最家】田园桌布防水防油布', '47.9', '2096', '1', '布艺软饰', '桌布罩件', NULL, 'img/temp/zb04.jpg', NULL, '26');
INSERT INTO "ESHOPUSER"."T_GOODS" VALUES ('149187842867982', NULL, NULL, '【最家】北欧时尚现代动物抱枕', '59.9', '2096', '1', '布艺软饰', '抱枕靠垫', NULL, 'img/temp/bz05.jpg', NULL, '26');
INSERT INTO "ESHOPUSER"."T_GOODS" VALUES ('149187842867983', NULL, NULL, '【最家】简约格子抱枕', '20.9', '2096', '1', '布艺软饰', '抱枕靠垫', NULL, 'img/temp/bz04.jpg', NULL, '26');
INSERT INTO "ESHOPUSER"."T_GOODS" VALUES ('149187842867984', NULL, NULL, '【最家】纯色棉麻抱枕', '47.9', '2096', '1', '布艺软饰', '抱枕靠垫', NULL, 'img/temp/bz03.jpg', NULL, '26');
INSERT INTO "ESHOPUSER"."T_GOODS" VALUES ('149187842867988', NULL, NULL, '【最家】跳舞兰仿真花干花', '17.9', '2096', '1', '装饰摆件', '干花花艺', NULL, 'img/temp/pro02.jpg', NULL, '26');
INSERT INTO "ESHOPUSER"."T_GOODS" VALUES ('149187842867990', NULL, NULL, '【最家】创意现代简约白瓷干花花瓶摆件', '17.9', '2096', '1', '装饰摆件', '花瓶花器', NULL, 'img/temp/vase01.jpg', NULL, '26');
INSERT INTO "ESHOPUSER"."T_GOODS" VALUES ('149187842867992', NULL, NULL, '【最家】北欧现代陶瓷花瓶摆件', '17.9', '2096', '1', '装饰摆件', '花瓶花器', NULL, 'img/temp/vase03.jpg', NULL, '26');
INSERT INTO "ESHOPUSER"."T_GOODS" VALUES ('149187842867994', NULL, NULL, '【最家】仿木纹漆金裂纹台面花瓶系列套装', '17.9', '2096', '1', '装饰摆件', '花瓶花器', NULL, 'img/temp/vase05.jpg', NULL, '26');
INSERT INTO "ESHOPUSER"."T_GOODS" VALUES ('149187842867997', NULL, NULL, '【最家】跳舞兰仿真花干花', '17.9', '2096', '1', '装饰摆件', '干花花艺', NULL, 'img/temp/pro05.jpg', NULL, '26');
INSERT INTO "ESHOPUSER"."T_GOODS" VALUES ('149187842867998', NULL, NULL, '【最家】跳舞兰仿真花干花', '17.9', '2096', '1', '装饰摆件', '干花花艺', NULL, 'img/temp/pro06.jpg', NULL, '26');
INSERT INTO "ESHOPUSER"."T_GOODS" VALUES ('149187842867999', NULL, NULL, '【最家】跳舞兰仿真花干花', '17.9', '2096', '1', '装饰摆件', '干花花艺', NULL, 'img/temp/pro07.jpg', NULL, '26');
INSERT INTO "ESHOPUSER"."T_GOODS" VALUES ('149187842868001', NULL, NULL, '【最家】跳舞兰仿真花干花', '17.9', '2096', '1', '装饰摆件', '干花花艺', NULL, 'img/temp/pro01.jpg', NULL, '26');
INSERT INTO "ESHOPUSER"."T_GOODS" VALUES ('149187842868004', NULL, NULL, '【最家】跳舞兰仿真花干花', '17.9', '2096', '1', '装饰摆件', '干花花艺', NULL, 'img/temp/pro04.jpg', NULL, '26');
INSERT INTO "ESHOPUSER"."T_GOODS" VALUES ('149187842868006', NULL, NULL, '【最家】跳舞兰仿真花干花', '17.9', '2096', '1', '装饰摆件', '干花花艺', NULL, 'img/temp/pro06.jpg', NULL, '26');
INSERT INTO "ESHOPUSER"."T_GOODS" VALUES ('149187842868007', NULL, NULL, '【最家】跳舞兰仿真花干花', '17.9', '2096', '1', '装饰摆件', '干花花艺', NULL, 'img/temp/pro07.jpg', NULL, '26');
INSERT INTO "ESHOPUSER"."T_GOODS" VALUES ('149187842868011', NULL, NULL, '【最家】东南亚复古做旧大花瓶', '17.9', '2096', '1', '装饰摆件', '花瓶花器', NULL, 'img/temp/vase08.jpg', NULL, '26');
INSERT INTO "ESHOPUSER"."T_GOODS" VALUES ('149187842868014', NULL, NULL, '新中式客厅山水装饰画墙壁挂画', '299.9', '2096', '1', '墙式壁挂', NULL, '简约现代', 'img/temp/sec103.jpg', NULL, '26');
INSERT INTO "ESHOPUSER"."T_GOODS" VALUES ('149187842868015', NULL, NULL, '新中式客厅山水装饰画墙壁挂画', '299.9', '2096', '1', '墙式壁挂', NULL, '简约现代', 'img/temp/sec104.jpg', NULL, '26');
INSERT INTO "ESHOPUSER"."T_GOODS" VALUES ('149187842868016', NULL, NULL, '新中式客厅山水装饰画墙壁挂画', '299.9', '2096', '1', '墙式壁挂', NULL, '简约现代', 'img/temp/sec105.jpg', NULL, '26');
INSERT INTO "ESHOPUSER"."T_GOODS" VALUES ('149187842868020', NULL, NULL, '新中式客厅山水装饰画墙壁挂画', '299.9', '2096', '1', '墙式壁挂', NULL, '浓情欧式', 'img/temp/sec203.jpg', NULL, '26');
INSERT INTO "ESHOPUSER"."T_GOODS" VALUES ('149187842868023', NULL, NULL, '新中式客厅山水装饰画墙壁挂画', '299.9', '2096', '1', '墙式壁挂', NULL, '浓情欧式', 'img/temp/sec206.jpg', NULL, '26');
INSERT INTO "ESHOPUSER"."T_GOODS" VALUES ('149187842868024', NULL, NULL, '新中式客厅山水装饰画墙壁挂画', '299.9', '2096', '1', '墙式壁挂', NULL, '浪漫美式1', 'img/temp/sec302.jpg', NULL, '26');
INSERT INTO "ESHOPUSER"."T_GOODS" VALUES ('149187842868026', NULL, NULL, '新中式客厅山水装饰画墙壁挂画', '299.9', '2096', '1', '墙式壁挂', NULL, '浪漫美式1', 'img/temp/sec304.jpg', NULL, '26');
INSERT INTO "ESHOPUSER"."T_GOODS" VALUES ('149187842868027', NULL, NULL, '新中式客厅山水装饰画墙壁挂画', '299.9', '2096', '1', '墙式壁挂', NULL, '浪漫美式1', 'img/temp/sec305.jpg', NULL, '26');
INSERT INTO "ESHOPUSER"."T_GOODS" VALUES ('149187842868030', NULL, NULL, '新中式客厅山水装饰画墙壁挂画', '299.9', '2096', '1', '墙式壁挂', NULL, '浪漫美式2', 'img/temp/sec405.jpg', NULL, '26');
INSERT INTO "ESHOPUSER"."T_GOODS" VALUES ('149187842868032', NULL, NULL, '新中式客厅山水装饰画墙壁挂画', '299.9', '2096', '1', '蜡艺香薰', NULL, '香薰精油', 'img/temp/xx02.jpg', NULL, '26');
INSERT INTO "ESHOPUSER"."T_GOODS" VALUES ('149187842868033', NULL, NULL, '新中式客厅山水装饰画墙壁挂画', '299.9', '2096', '1', '蜡艺香薰', NULL, '香薰精油', 'img/temp/xx103.jpg', NULL, '26');
INSERT INTO "ESHOPUSER"."T_GOODS" VALUES ('149187842868034', NULL, NULL, '新中式客厅山水装饰画墙壁挂画', '299.9', '2096', '1', '蜡艺香薰', NULL, '香薰精油', 'img/temp/xx104.jpg', NULL, '26');
INSERT INTO "ESHOPUSER"."T_GOODS" VALUES ('149187842868040', NULL, NULL, '新中式客厅山水装饰画墙壁挂画', '299.9', '2096', '1', '蜡艺香薰', NULL, '复古香薰炉', 'img/temp/xx204.jpg', NULL, '26');
INSERT INTO "ESHOPUSER"."T_GOODS" VALUES ('149187842868041', NULL, NULL, '新中式客厅山水装饰画墙壁挂画', '299.9', '2096', '1', '蜡艺香薰', NULL, '复古香薰炉', 'img/temp/xx205.jpg', NULL, '26');
INSERT INTO "ESHOPUSER"."T_GOODS" VALUES ('149187842868042', NULL, NULL, '新中式客厅山水装饰画墙壁挂画', '299.9', '2096', '1', '蜡艺香薰', NULL, '复古香薰炉', 'img/temp/xx206.jpg', NULL, '26');
INSERT INTO "ESHOPUSER"."T_GOODS" VALUES ('149187842868043', NULL, NULL, '【最家】创意家居饰品工艺品装饰三口之家', '199', '2096', '1', '创意家居', NULL, '普通创意', 'img/idea2.jpg', NULL, '26');
INSERT INTO "ESHOPUSER"."T_GOODS" VALUES ('149187842868047', NULL, NULL, '【最家】简约欧式陶瓷花瓶三件套', '22', '2096', '1', '创意家居', NULL, '普通创意', 'img/idea6.jpg', NULL, '26');
INSERT INTO "ESHOPUSER"."T_GOODS" VALUES ('149187842868050', NULL, NULL, '【最家】创意亲嘴鱼陶瓷装饰摆件', '99', '2096', '1', '创意家居', NULL, '普通创意', 'img/idea9.jpg', NULL, '26');
INSERT INTO "ESHOPUSER"."T_GOODS" VALUES ('149187842868051', NULL, NULL, '【最家】创意多彩种子收纳摆件', '49', '2096', '1', '创意家居', NULL, '普通创意', 'img/idea10.jpg', NULL, '26');
INSERT INTO "ESHOPUSER"."T_GOODS" VALUES ('149187842868055', NULL, NULL, '【最家】时尚家居摆件简约创意装饰品', '98', '2096', '1', '创意家居', NULL, '时尚新颖', 'img/id4.jpg', NULL, '26');
INSERT INTO "ESHOPUSER"."T_GOODS" VALUES ('149187842868057', NULL, NULL, '【最家】时尚家居摆件简约创意装饰品', '98', '2096', '1', '创意家居', NULL, '时尚新颖', 'img/id6.jpg', NULL, '26');
INSERT INTO "ESHOPUSER"."T_GOODS" VALUES ('149187842868058', NULL, NULL, '【最家】时尚家居摆件简约创意装饰品', '98', '2096', '1', '创意家居', NULL, '时尚新颖', 'img/id7.jpg', NULL, '26');
INSERT INTO "ESHOPUSER"."T_GOODS" VALUES ('149187842868059', NULL, NULL, '【最家】时尚家居摆件简约创意装饰品', '98', '2096', '1', '创意家居', NULL, '时尚新颖', 'img/id8.jpg', NULL, '26');
INSERT INTO "ESHOPUSER"."T_GOODS" VALUES ('149187842868062', NULL, NULL, '【最家】创意墙式挂饰水瓶', '50', '2096', '1', '创意家居', NULL, '创意生活', 'img/id11.jpg', NULL, '26');
INSERT INTO "ESHOPUSER"."T_GOODS" VALUES ('149187842868063', NULL, NULL, '【最家】创意两只鹿', '99', '2096', '1', '创意家居', NULL, '创意生活', 'img/id12.jpg', NULL, '26');
INSERT INTO "ESHOPUSER"."T_GOODS" VALUES ('149187842868067', NULL, NULL, '【最家】创意笔筒小象', '30', '2096', '1', '创意家居', NULL, '创意生活', 'img/id16.jpg', NULL, '26');
INSERT INTO "ESHOPUSER"."T_GOODS" VALUES ('149187842868068', NULL, NULL, '【花艺】七头美丽玫瑰仿真花束', '79', '2096', '1', '首页', NULL, '摆件花艺', 'img/flo1.jpg', NULL, '26');
INSERT INTO "ESHOPUSER"."T_GOODS" VALUES ('149187842868069', NULL, NULL, '【花艺】七头美丽玫瑰仿真花束', '79', '2096', '1', '首页', NULL, '摆件花艺', 'img/flo2.jpg', NULL, '26');
INSERT INTO "ESHOPUSER"."T_GOODS" VALUES ('149187842868071', NULL, NULL, '【花艺】七头美丽玫瑰仿真花束', '79', '2096', '1', '首页', NULL, '摆件花艺', 'img/flo4.jpg', NULL, '26');
INSERT INTO "ESHOPUSER"."T_GOODS" VALUES ('149187842868072', NULL, NULL, '【花艺】七头美丽玫瑰仿真花束', '79', '2096', '1', '首页', NULL, '摆件花艺', 'img/flo5.jpg', NULL, '26');
INSERT INTO "ESHOPUSER"."T_GOODS" VALUES ('149187842868075', NULL, NULL, '【最家】小城动物木板画壁挂北欧', '188', '2096', '1', '首页', NULL, '挂壁北欧', 'img/s10.jpg', NULL, '26');
INSERT INTO "ESHOPUSER"."T_GOODS" VALUES ('149187842868077', NULL, NULL, '【最家】金属树枝壁饰铜鸟装饰品', '928', '2096', '1', '首页', NULL, '挂壁北欧', 'img/s9.jpg', NULL, '26');
INSERT INTO "ESHOPUSER"."T_GOODS" VALUES ('149187842868079', NULL, NULL, '【最家】小城动物木板画壁挂北欧', '199', '2096', '1', '首页', NULL, '挂壁北欧', 'img/s8.jpg', NULL, '26');
INSERT INTO "ESHOPUSER"."T_GOODS" VALUES ('149187842868080', NULL, NULL, '【最家】欧式复古挂钟创意餐厅钟表家居挂件', '666', '2096', '1', '首页', NULL, '挂壁北欧', 'img/s12.jpg', NULL, '26');
INSERT INTO "ESHOPUSER"."T_GOODS" VALUES ('149187842868082', NULL, NULL, '【最家】铁艺荷叶壁挂软装背景墙上装饰品', '800', '2096', '1', '首页', NULL, '挂壁北欧', 'img/s5.jpg', NULL, '26');
INSERT INTO "ESHOPUSER"."T_GOODS" VALUES ('149187842868083', NULL, NULL, '【最家】欧式照片墙 创意组合结婚礼物', '189', '2096', '1', '首页', NULL, '挂壁北欧', 'img/s3.jpg', NULL, '26');
INSERT INTO "ESHOPUSER"."T_GOODS" VALUES ('149187842868084', NULL, NULL, '【最家】欧式钟表相框墙挂墙创意组合', '148', '2096', '1', '首页', NULL, '挂壁北欧', 'img/s2.jpg', NULL, '26');
INSERT INTO "ESHOPUSER"."T_GOODS" VALUES ('149187842868091', NULL, NULL, NULL, NULL, NULL, NULL, NULL, NULL, NULL, 'img/n6.jpg', NULL, '26');
INSERT INTO "ESHOPUSER"."T_GOODS" VALUES ('149187842868035', NULL, NULL, '新中式客厅山水装饰画墙壁挂画', '299.9', '2096', '1', '蜡艺香薰', NULL, '香薰精油', 'img/temp/xx105.jpg', NULL, '26');
INSERT INTO "ESHOPUSER"."T_GOODS" VALUES ('149187842868048', NULL, NULL, '【最家】简约可爱创意玻璃水杯', '22', '2096', '1', '创意家居', NULL, '普通创意', 'img/idea7.jpg', NULL, '26');
INSERT INTO "ESHOPUSER"."T_GOODS" VALUES ('149187842868064', NULL, NULL, '【最家】创意两只小象', '170', '2096', '1', '创意家居', NULL, '创意生活', 'img/id13.jpg', NULL, '26');
INSERT INTO "ESHOPUSER"."T_GOODS" VALUES ('149187842868076', NULL, NULL, '【最家】玄关假山水壁饰背景墙饰挂件创意', '599', '2096', '1', '首页', NULL, '挂壁北欧', 'img/s4.jpg', NULL, '26');
INSERT INTO "ESHOPUSER"."T_GOODS" VALUES ('149187842867966', NULL, NULL, '【最家】清新乡村田园抱枕', '19.9', '2096', '1', '布艺软饰', '抱枕靠垫', NULL, 'img/temp/bz08.jpg', NULL, '26');
INSERT INTO "ESHOPUSER"."T_GOODS" VALUES ('149187842867978', NULL, NULL, '【最家】法式乡村复古桌布', '17.9', '2096', '1', '布艺软饰', '桌布罩件', NULL, 'img/temp/zb07.jpg', NULL, '26');
INSERT INTO "ESHOPUSER"."T_GOODS" VALUES ('149187842867991', NULL, NULL, '【最家】现代简约白色条纹干花花瓶摆件', '17.9', '2096', '1', '装饰摆件', '花瓶花器', NULL, 'img/temp/vase02.jpg', NULL, '26');
INSERT INTO "ESHOPUSER"."T_GOODS" VALUES ('149187842868009', NULL, NULL, '【最家】跳舞兰仿真花干花', '17.9', '2096', '1', '装饰摆件', '干花花艺', NULL, 'img/temp/pro08.jpg', NULL, '26');
INSERT INTO "ESHOPUSER"."T_GOODS" VALUES ('149187842868022', NULL, NULL, '新中式客厅山水装饰画墙壁挂画', '299.9', '2096', '1', '墙式壁挂', NULL, '浓情欧式', 'img/temp/sec205.jpg', NULL, '26');
INSERT INTO "ESHOPUSER"."T_GOODS" VALUES ('149187842868038', NULL, NULL, '新中式客厅山水装饰画墙壁挂画', '299.9', '2096', '1', '蜡艺香薰', NULL, '复古香薰炉', 'img/temp/xx202.jpg', NULL, '26');
INSERT INTO "ESHOPUSER"."T_GOODS" VALUES ('149187842868053', NULL, NULL, '【最家】时尚家居摆件简约创意装饰品', '98', '2096', '1', '创意家居', NULL, '时尚新颖', 'img/id2.jpg', NULL, '26');
INSERT INTO "ESHOPUSER"."T_GOODS" VALUES ('149187842868070', NULL, NULL, '【花艺】七头美丽玫瑰仿真花束', '79', '2096', '1', '首页', NULL, '摆件花艺', 'img/flo3.jpg', NULL, '26');
INSERT INTO "ESHOPUSER"."T_GOODS" VALUES ('149187842868085', NULL, NULL, '【最家】小城动物木板画壁挂北欧', '188', '2096', '1', '首页', NULL, '挂壁北欧', 'img/s11.jpg', NULL, '26');
INSERT INTO "ESHOPUSER"."T_GOODS" VALUES ('149187842867989', NULL, NULL, '【最家】跳舞兰仿真花干花', '17.9', '2096', '1', '装饰摆件', '干花花艺', NULL, 'img/temp/pro03.jpg', NULL, '26');
INSERT INTO "ESHOPUSER"."T_GOODS" VALUES ('149187842868019', NULL, NULL, '新中式客厅山水装饰画墙壁挂画', '299.9', '2096', '1', '墙式壁挂', NULL, '浓情欧式', 'img/temp/sec202.jpg', NULL, '26');
INSERT INTO "ESHOPUSER"."T_GOODS" VALUES ('149187842868054', NULL, NULL, '【最家】时尚家居摆件简约创意装饰品', '98', '2096', '1', '创意家居', NULL, '时尚新颖', 'img/id3.jpg', NULL, '26');
INSERT INTO "ESHOPUSER"."T_GOODS" VALUES ('149187842867947', NULL, NULL, '【最家】纯色棉麻抱枕', '47.9', '2096', '1', '布艺软饰', '抱枕靠垫', NULL, 'img/temp/bz03.jpg', NULL, '26');
INSERT INTO "ESHOPUSER"."T_GOODS" VALUES ('149187842867969', NULL, NULL, '【最家】清新乡村田园桌布', '17.9', '2096', '1', '布艺软饰', '桌布罩件', NULL, 'img/temp/zb08.jpg', NULL, '26');
INSERT INTO "ESHOPUSER"."T_GOODS" VALUES ('149187842867974', NULL, NULL, '最家】欧式家用小方桌台布', '20.9', '2096', '1', '布艺软饰', '桌布罩件', NULL, 'img/temp/zb03.jpg', NULL, '26');
INSERT INTO "ESHOPUSER"."T_GOODS" VALUES ('149187842867980', NULL, NULL, '【最家】北欧圣诞节防水桌布红色', '17.9', '2096', '1', '布艺软饰', '桌布罩件', NULL, 'img/temp/zb05.jpg', NULL, '26');
INSERT INTO "ESHOPUSER"."T_GOODS" VALUES ('149187842867986', NULL, NULL, '【最家】欧式现代棉麻抱枕', '39.9', '2096', '1', '布艺软饰', '抱枕靠垫', NULL, 'img/temp/bz01.jpg', NULL, '26');
INSERT INTO "ESHOPUSER"."T_GOODS" VALUES ('149187842867993', NULL, NULL, '【最家】现代简约客厅茶几白色陶瓷花瓶摆件', '17.9', '2096', '1', '装饰摆件', '花瓶花器', NULL, 'img/temp/vase04.jpg', NULL, '26');
INSERT INTO "ESHOPUSER"."T_GOODS" VALUES ('149187842868000', NULL, NULL, '【最家】跳舞兰仿真花干花', '17.9', '2096', '1', '装饰摆件', '干花花艺', NULL, 'img/temp/pro08.jpg', NULL, '26');
INSERT INTO "ESHOPUSER"."T_GOODS" VALUES ('149187842868005', NULL, NULL, '【最家】跳舞兰仿真花干花', '17.9', '2096', '1', '装饰摆件', '干花花艺', NULL, 'img/temp/pro05.jpg', NULL, '26');
INSERT INTO "ESHOPUSER"."T_GOODS" VALUES ('149187842868012', NULL, NULL, '新中式客厅山水装饰画墙壁挂画', '299.9', '2096', '1', '墙式壁挂', NULL, '简约现代', 'img/temp/sec101.jpg', NULL, '26');
INSERT INTO "ESHOPUSER"."T_GOODS" VALUES ('149187842868018', NULL, NULL, '新中式客厅山水装饰画墙壁挂画', '299.9', '2096', '1', '墙式壁挂', NULL, '浓情欧式', 'img/temp/sec201.jpg', NULL, '26');
INSERT INTO "ESHOPUSER"."T_GOODS" VALUES ('149187842868025', NULL, NULL, '新中式客厅山水装饰画墙壁挂画', '299.9', '2096', '1', '墙式壁挂', NULL, '浪漫美式1', 'img/temp/sec303.jpg', NULL, '26');
INSERT INTO "ESHOPUSER"."T_GOODS" VALUES ('149187842868031', NULL, NULL, '新中式客厅山水装饰画墙壁挂画', '299.9', '2096', '1', '蜡艺香薰', NULL, '香薰精油', 'img/temp/xx01.jpg', NULL, '26');
INSERT INTO "ESHOPUSER"."T_GOODS" VALUES ('149187842868039', NULL, NULL, '新中式客厅山水装饰画墙壁挂画', '299.9', '2096', '1', '蜡艺香薰', NULL, '复古香薰炉', 'img/temp/xx203.jpg', NULL, '26');
INSERT INTO "ESHOPUSER"."T_GOODS" VALUES ('149187842868044', NULL, NULL, '【最家】创意家居饰品工艺品装饰三口鹿摆设', '78', '2096', '1', '创意家居', NULL, '普通创意', 'img/idea3.jpg', NULL, '26');
INSERT INTO "ESHOPUSER"."T_GOODS" VALUES ('149187842868052', NULL, NULL, '【最家】时尚家居摆件简约创意装饰品', '98', '2096', '1', '创意家居', NULL, '时尚新颖', 'img/id1.jpg', NULL, '26');
INSERT INTO "ESHOPUSER"."T_GOODS" VALUES ('149187842868060', NULL, NULL, '【最家】创意摆件自行车复古', '288', '2096', '1', '创意家居', NULL, '创意生活', 'img/id9.jpg', NULL, '26');
INSERT INTO "ESHOPUSER"."T_GOODS" VALUES ('149187842868066', NULL, NULL, '【最家】创意样板房树脂工艺品', '188', '2096', '1', '创意家居', NULL, '创意生活', 'img/id15.jpg', NULL, '26');
INSERT INTO "ESHOPUSER"."T_GOODS" VALUES ('149187842868078', NULL, NULL, '【最家】金属壁饰创意背景墙面挂件创意', '228', '2096', '1', '首页', NULL, '挂壁北欧', 'img/s6.jpg', NULL, '26');
INSERT INTO "ESHOPUSER"."T_GOODS" VALUES ('149187842867945', NULL, NULL, '【最家】北欧时尚现代动物抱枕', '59', '2096', '1', '布艺软饰', '抱枕靠垫', NULL, 'img/temp/bz05.jpg', NULL, '26');
INSERT INTO "ESHOPUSER"."T_GOODS" VALUES ('149187842867970', NULL, NULL, '【最家】法式乡村复古桌布', '17.9', '2096', '1', '布艺软饰', '桌布罩件', NULL, 'img/temp/zb07.jpg', NULL, '26');
INSERT INTO "ESHOPUSER"."T_GOODS" VALUES ('149187842867977', NULL, NULL, '【最家】清新乡村田园桌布', '17.9', '2096', '1', '布艺软饰', '桌布罩件', NULL, 'img/temp/zb08.jpg', NULL, '26');
INSERT INTO "ESHOPUSER"."T_GOODS" VALUES ('149187842867987', NULL, NULL, '【最家】跳舞兰仿真花干花', '17.9', '2096', '1', '装饰摆件', '干花花艺', NULL, 'img/temp/pro01.jpg', NULL, '26');
INSERT INTO "ESHOPUSER"."T_GOODS" VALUES ('149187842867996', NULL, NULL, '【最家】跳舞兰仿真花干花', '17.9', '2096', '1', '装饰摆件', '干花花艺', NULL, 'img/temp/pro04.jpg', NULL, '26');
INSERT INTO "ESHOPUSER"."T_GOODS" VALUES ('149187842868003', NULL, NULL, '【最家】跳舞兰仿真花干花', '17.9', '2096', '1', '装饰摆件', '干花花艺', NULL, 'img/temp/pro03.jpg', NULL, '26');
INSERT INTO "ESHOPUSER"."T_GOODS" VALUES ('149187842868013', NULL, NULL, '新中式客厅山水装饰画墙壁挂画', '299.9', '2096', '1', '墙式壁挂', NULL, '简约现代', 'img/temp/sec102.jpg', NULL, '26');
INSERT INTO "ESHOPUSER"."T_GOODS" VALUES ('149187842868021', NULL, NULL, '新中式客厅山水装饰画墙壁挂画', '299.9', '2096', '1', '墙式壁挂', NULL, '浓情欧式', 'img/temp/sec204.jpg', NULL, '26');
INSERT INTO "ESHOPUSER"."T_GOODS" VALUES ('149187842868029', NULL, NULL, '新中式客厅山水装饰画墙壁挂画', '299.9', '2096', '1', '墙式壁挂', NULL, '浪漫美式2', 'img/temp/sec404.jpg', NULL, '26');
INSERT INTO "ESHOPUSER"."T_GOODS" VALUES ('149187842868037', NULL, NULL, '新中式客厅山水装饰画墙壁挂画', '299.9', '2096', '1', '蜡艺香薰', NULL, '复古香薰炉', 'img/temp/xx201.jpg', NULL, '26');
INSERT INTO "ESHOPUSER"."T_GOODS" VALUES ('149187842868046', NULL, NULL, '【最家】客厅餐桌创意插花桌面摆件', '52', '2096', '1', '创意家居', NULL, '普通创意', 'img/idea5.jpg', NULL, '26');
INSERT INTO "ESHOPUSER"."T_GOODS" VALUES ('149187842868056', NULL, NULL, '【最家】时尚家居摆件简约创意装饰品', '98', '2096', '1', '创意家居', NULL, '时尚新颖', 'img/id5.jpg', NULL, '26');
INSERT INTO "ESHOPUSER"."T_GOODS" VALUES ('149187842868065', NULL, NULL, '【最家】简约客厅电视现代中式家居摆件', '179', '2096', '1', '创意家居', NULL, '创意生活', 'img/id14.jpg', NULL, '26');
INSERT INTO "ESHOPUSER"."T_GOODS" VALUES ('149187842868074', NULL, NULL, '【最家】不锈钢壁饰墙饰软装', '688', '2096', '1', '首页', NULL, '挂壁北欧', 'img/s7.jpg', NULL, '26');
INSERT INTO "ESHOPUSER"."T_GOODS" VALUES ('149187842868081', NULL, NULL, '【最家】客厅地中海欧式现代相片墙创意', '59.8', '2096', '1', '首页', NULL, '挂壁北欧', 'img/s1.jpg', NULL, '26');
INSERT INTO "ESHOPUSER"."T_GOODS" VALUES ('149187842867946', NULL, NULL, '最家】简约格子抱枕', '47.9', '2096', '1', '布艺软饰', '抱枕靠垫', NULL, 'img/temp/bz04.jpg', NULL, '26');
INSERT INTO "ESHOPUSER"."T_GOODS" VALUES ('149187842867971', NULL, NULL, '【最家】清新简约防水桌布', '17.9', '2096', '1', '布艺软饰', '桌布罩件', NULL, 'img/temp/zb06.jpg', NULL, '26');
INSERT INTO "ESHOPUSER"."T_GOODS" VALUES ('149187842867979', NULL, NULL, '【最家】清新简约防水桌布', '17.9', '2096', '1', '布艺软饰', '桌布罩件', NULL, 'img/temp/zb06.jpg', NULL, '26');
INSERT INTO "ESHOPUSER"."T_GOODS" VALUES ('149187842867985', NULL, NULL, '【最家】时尚现代叮当猫抱枕', '37.9', '2096', '1', '布艺软饰', '抱枕靠垫', NULL, 'img/temp/bz02.jpg', NULL, '26');
INSERT INTO "ESHOPUSER"."T_GOODS" VALUES ('149187842867995', NULL, NULL, '【最家】仿木竖条纹雅致台面花瓶', '17.9', '2096', '1', '装饰摆件', '花瓶花器', NULL, 'img/temp/vase06.jpg', NULL, '26');
INSERT INTO "ESHOPUSER"."T_GOODS" VALUES ('149187842868002', NULL, NULL, '【最家】跳舞兰仿真花干花', '17.9', '2096', '1', '装饰摆件', '干花花艺', NULL, 'img/temp/pro02.jpg', NULL, '26');
INSERT INTO "ESHOPUSER"."T_GOODS" VALUES ('149187842868010', NULL, NULL, '【最家】地中海风情落地大花瓶', '17.9', '2096', '1', '装饰摆件', '花瓶花器', NULL, 'img/temp/vase07.jpg', NULL, '26');
INSERT INTO "ESHOPUSER"."T_GOODS" VALUES ('149187842868017', NULL, NULL, '新中式客厅山水装饰画墙壁挂画', '299.9', '2096', '1', '墙式壁挂', NULL, '简约现代', 'img/temp/sec106.jpg', NULL, '26');
INSERT INTO "ESHOPUSER"."T_GOODS" VALUES ('149187842868028', NULL, NULL, '新中式客厅山水装饰画墙壁挂画', '299.9', '2096', '1', '墙式壁挂', NULL, '浪漫美式2', 'img/temp/sec403.jpg', NULL, '26');
INSERT INTO "ESHOPUSER"."T_GOODS" VALUES ('149187842868036', NULL, NULL, '新中式客厅山水装饰画墙壁挂画', '299.9', '2096', '1', '蜡艺香薰', NULL, '香薰精油', 'img/temp/xx106.jpg', NULL, '26');
INSERT INTO "ESHOPUSER"."T_GOODS" VALUES ('149187842868049', NULL, NULL, '【最家】简约可爱创意玻璃拼盘', '33', '2096', '1', '创意家居', NULL, '普通创意', 'img/idea8.jpg', NULL, '26');
INSERT INTO "ESHOPUSER"."T_GOODS" VALUES ('149187842868061', NULL, NULL, '【最家】创意女孩秋千公主荡秋千', '200', '2096', '1', '创意家居', NULL, '创意生活', 'img/id10.jpg', NULL, '26');
INSERT INTO "ESHOPUSER"."T_GOODS" VALUES ('149187842868073', NULL, NULL, '【花艺】七头美丽玫瑰仿真花束', '79', '2096', '1', '首页', NULL, '摆件花艺', 'img/flo6.jpg', NULL, '26');
INSERT INTO "ESHOPUSER"."T_GOODS" VALUES ('149187842868086', NULL, NULL, NULL, NULL, NULL, NULL, NULL, NULL, NULL, 'img/n1.jpg', NULL, '26');
INSERT INTO "ESHOPUSER"."T_GOODS" VALUES ('149187842868087', NULL, NULL, NULL, NULL, NULL, NULL, NULL, NULL, NULL, 'img/n2.jpg', NULL, '26');
INSERT INTO "ESHOPUSER"."T_GOODS" VALUES ('149187842868088', NULL, NULL, NULL, NULL, NULL, NULL, NULL, NULL, NULL, 'img/n3.jpg', NULL, '26');
INSERT INTO "ESHOPUSER"."T_GOODS" VALUES ('149187842868089', NULL, NULL, NULL, NULL, NULL, NULL, NULL, NULL, NULL, 'img/n4.jpg', NULL, '26');
INSERT INTO "ESHOPUSER"."T_GOODS" VALUES ('149187842868090', NULL, NULL, NULL, NULL, NULL, NULL, NULL, NULL, NULL, 'img/n5.jpg', NULL, '26');
INSERT INTO "ESHOPUSER"."T_GOODS" VALUES ('149187842867944', NULL, NULL, '【最家】时尚图案抱枕', '47.9', '2096', '1', '布艺软饰', '抱枕靠垫', NULL, 'img/temp/bz06.jpg', NULL, '26');
INSERT INTO "ESHOPUSER"."T_GOODS" VALUES ('149187842868008', NULL, NULL, '【最家】跳舞兰仿真花干花', NULL, NULL, NULL, NULL, NULL, NULL, 'img/temp/pro08.jpg', NULL, '26');
INSERT INTO "ESHOPUSER"."T_GOODS" VALUES ('149187842868045', NULL, NULL, '【最家】简约欧式装饰五彩缤纷花朵', '19', '2096', '1', '创意家居', NULL, '普通创意', 'img/idea4.jpg', NULL, '26');
INSERT INTO "ESHOPUSER"."T_GOODS" VALUES ('149187842867912', NULL, NULL, '【最家】非洲菊仿真花干花', '59.9', '2096', '1', '装饰摆件', '千千花艺', NULL, 'img/temp/proDet.jpg', '【破损补寄】【适合放室内、卧室、书房、餐桌、办公室、客厅、电视柜等地方】【无理由退换货】【包邮】【白色现代简约花瓶】', '26');
INSERT INTO "ESHOPUSER"."T_GOODS" VALUES ('149187842868092', NULL, '1', '广告', NULL, NULL, NULL, NULL, NULL, NULL, 'img/banner2.jpg', NULL, NULL);
INSERT INTO "ESHOPUSER"."T_GOODS" VALUES ('149187842868093', NULL, '1', '广告', NULL, NULL, NULL, NULL, NULL, NULL, 'img/banner1.jpg', NULL, NULL);
INSERT INTO "ESHOPUSER"."T_GOODS" VALUES ('149187842868094', NULL, '4', '【最家】复古文艺风玻璃花瓶', '193.2', NULL, NULL, NULL, NULL, NULL, 'img/temp/see01.jpg', NULL, NULL);
INSERT INTO "ESHOPUSER"."T_GOODS" VALUES ('149187842868095', NULL, '4', '【最家】复古文艺风玻璃花瓶', '193.2', NULL, NULL, NULL, NULL, NULL, 'img/temp/see02.jpg', NULL, NULL);
INSERT INTO "ESHOPUSER"."T_GOODS" VALUES ('149187842868096', NULL, '4', '【最家】复古文艺风玻璃花瓶', '193.2', NULL, NULL, NULL, NULL, NULL, 'img/temp/see03.jpg', NULL, NULL);
INSERT INTO "ESHOPUSER"."T_GOODS" VALUES ('149187842868097', NULL, '4', '【最家】复古文艺风玻璃花瓶', '193.2', NULL, NULL, NULL, NULL, NULL, 'img/temp/see04.jpg', NULL, NULL);
INSERT INTO "ESHOPUSER"."T_GOODS" VALUES ('149187842868098', NULL, '5', '【最家】复古文艺风玻璃花瓶', '193.2', NULL, NULL, NULL, NULL, NULL, 'img/temp/like01.jpg', NULL, NULL);
INSERT INTO "ESHOPUSER"."T_GOODS" VALUES ('149187842868099', NULL, '5', '【最家】复古文艺风玻璃花瓶', '193.2', NULL, NULL, NULL, NULL, NULL, 'img/temp/like02.jpg', NULL, NULL);
INSERT INTO "ESHOPUSER"."T_GOODS" VALUES ('149187842868100', NULL, '5', '【最家】复古文艺风玻璃花瓶', '193.2', NULL, NULL, NULL, NULL, NULL, 'img/temp/like03.jpg', NULL, NULL);
INSERT INTO "ESHOPUSER"."T_GOODS" VALUES ('149187842868101', NULL, '5', '【最家】复古文艺风玻璃花瓶', '193.2', NULL, NULL, NULL, NULL, NULL, 'img/temp/like04.jpg', NULL, NULL);
INSERT INTO "ESHOPUSER"."T_GOODS" VALUES ('149187842868102', NULL, '5', '【最家】复古文艺风玻璃花瓶', '193.2', NULL, NULL, NULL, NULL, NULL, 'img/temp/like05.jpg', NULL, NULL);

-- ----------------------------
-- Table structure for T_GRANT
-- ----------------------------
DROP TABLE "ESHOPUSER"."T_GRANT";
CREATE TABLE "ESHOPUSER"."T_GRANT" (
  "GRANT_CODE" VARCHAR2(50 BYTE) NOT NULL,
  "GRANT_NAME" VARCHAR2(20 BYTE),
  "Create_Time" TIMESTAMP(6)
)
TABLESPACE "ESHOP_DATA"
LOGGING
NOCOMPRESS
PCTFREE 10
INITRANS 1
STORAGE (
  BUFFER_POOL DEFAULT
)
PARALLEL 1
NOCACHE
DISABLE ROW MOVEMENT
;

-- ----------------------------
-- Table structure for T_MSG_IMGS
-- ----------------------------
DROP TABLE "ESHOPUSER"."T_MSG_IMGS";
CREATE TABLE "ESHOPUSER"."T_MSG_IMGS" (
  "ID" NUMBER NOT NULL,
  "GOODS_ID" NUMBER,
  "MSG_IMG" VARCHAR2(50 BYTE)
)
TABLESPACE "ESHOP_DATA"
LOGGING
NOCOMPRESS
PCTFREE 10
INITRANS 1
STORAGE (
  INITIAL 65536 
  NEXT 1048576 
  MINEXTENTS 1
  MAXEXTENTS 2147483645
  BUFFER_POOL DEFAULT
)
PARALLEL 1
NOCACHE
DISABLE ROW MOVEMENT
;

-- ----------------------------
-- Records of T_MSG_IMGS
-- ----------------------------
INSERT INTO "ESHOPUSER"."T_MSG_IMGS" VALUES ('1', '149187842867912', 'img/temp/det01.jpg');
INSERT INTO "ESHOPUSER"."T_MSG_IMGS" VALUES ('2', '149187842867912', 'img/temp/det02.jpg');
INSERT INTO "ESHOPUSER"."T_MSG_IMGS" VALUES ('3', '149187842867912', 'img/temp/det03.jpg');
INSERT INTO "ESHOPUSER"."T_MSG_IMGS" VALUES ('4', '149187842867912', 'img/temp/det04.jpg');
INSERT INTO "ESHOPUSER"."T_MSG_IMGS" VALUES ('5', '149187842867912', 'img/temp/det05.jpg');
INSERT INTO "ESHOPUSER"."T_MSG_IMGS" VALUES ('6', '149187842867912', 'img/temp/det06.jpg');
INSERT INTO "ESHOPUSER"."T_MSG_IMGS" VALUES ('7', '149187842867912', 'img/temp/det07.jpg');

-- ----------------------------
-- Table structure for T_ORDER
-- ----------------------------
DROP TABLE "ESHOPUSER"."T_ORDER";
CREATE TABLE "ESHOPUSER"."T_ORDER" (
  "ORDER_ID" VARCHAR2(32 BYTE) NOT NULL,
  "USERNAME" VARCHAR2(64 BYTE),
  "ADDRESS_ID" NUMBER,
  "PAYMENT" NUMBER(20,2),
  "PAYMENT_TYPE" VARCHAR2(1 BYTE),
  "POST_FEE" NUMBER(20,2),
  "STATUS" VARCHAR2(1 BYTE),
  "CREATE_TIME" DATE,
  "UPDATE_TIME" DATE,
  "PAYMENT_TIME" DATE,
  "CONSIGN_TIME" DATE,
  "END_TIME" DATE,
  "CLOSE_TIME" DATE,
  "BUYER_RATE" VARCHAR2(4 BYTE)
)
TABLESPACE "ESHOP_DATA"
LOGGING
NOCOMPRESS
PCTFREE 10
INITRANS 1
STORAGE (
  INITIAL 65536 
  NEXT 1048576 
  MINEXTENTS 1
  MAXEXTENTS 2147483645
  BUFFER_POOL DEFAULT
)
PARALLEL 1
NOCACHE
DISABLE ROW MOVEMENT
;
COMMENT ON COLUMN "ESHOPUSER"."T_ORDER"."PAYMENT_TYPE" IS '支付类型，4、货到付款，1、支付宝支付，2、微信支付，3、银联支付';
COMMENT ON COLUMN "ESHOPUSER"."T_ORDER"."STATUS" IS '状态：1、待支付，2、待收货，3、已收货，4、已关闭';
COMMENT ON COLUMN "ESHOPUSER"."T_ORDER"."CONSIGN_TIME" IS '发货时间';
COMMENT ON COLUMN "ESHOPUSER"."T_ORDER"."BUYER_RATE" IS '买家是否已经评价';

-- ----------------------------
-- Records of T_ORDER
-- ----------------------------
INSERT INTO "ESHOPUSER"."T_ORDER" VALUES ('545830385192170114', '张权', '5', '359.4', '2', '0', '3', TO_DATE('2020-06-08 16:53:21', 'SYYYY-MM-DD HH24:MI:SS'), TO_DATE('2020-06-08 16:53:21', 'SYYYY-MM-DD HH24:MI:SS'), TO_DATE('2020-06-08 16:53:21', 'SYYYY-MM-DD HH24:MI:SS'), TO_DATE('2020-06-08 16:53:21', 'SYYYY-MM-DD HH24:MI:SS'), TO_DATE('2020-06-08 16:53:21', 'SYYYY-MM-DD HH24:MI:SS'), TO_DATE('2020-06-08 16:53:21', 'SYYYY-MM-DD HH24:MI:SS'), '0');
INSERT INTO "ESHOPUSER"."T_ORDER" VALUES ('115505899580131690', '张权', '5', '179.7', '2', '0', '2', TO_DATE('2020-08-23 02:25:10', 'SYYYY-MM-DD HH24:MI:SS'), TO_DATE('2020-08-23 02:25:10', 'SYYYY-MM-DD HH24:MI:SS'), TO_DATE('2020-08-23 02:25:10', 'SYYYY-MM-DD HH24:MI:SS'), TO_DATE('2020-08-23 02:25:10', 'SYYYY-MM-DD HH24:MI:SS'), TO_DATE('2020-08-23 02:25:10', 'SYYYY-MM-DD HH24:MI:SS'), TO_DATE('2020-08-23 02:25:10', 'SYYYY-MM-DD HH24:MI:SS'), '0');
INSERT INTO "ESHOPUSER"."T_ORDER" VALUES ('534280412483702464', '张权', '5', '239.6', '1', '0', '2', TO_DATE('2020-08-24 03:31:42', 'SYYYY-MM-DD HH24:MI:SS'), TO_DATE('2020-08-24 03:31:42', 'SYYYY-MM-DD HH24:MI:SS'), TO_DATE('2020-08-24 03:31:42', 'SYYYY-MM-DD HH24:MI:SS'), TO_DATE('2020-08-24 03:31:42', 'SYYYY-MM-DD HH24:MI:SS'), TO_DATE('2020-08-24 03:31:42', 'SYYYY-MM-DD HH24:MI:SS'), TO_DATE('2020-08-24 03:31:42', 'SYYYY-MM-DD HH24:MI:SS'), '0');
INSERT INTO "ESHOPUSER"."T_ORDER" VALUES ('944334461565339393', '张权', '7', '778.7', '3', '0', '2', TO_DATE('2020-08-24 03:40:01', 'SYYYY-MM-DD HH24:MI:SS'), TO_DATE('2020-08-24 03:40:01', 'SYYYY-MM-DD HH24:MI:SS'), TO_DATE('2020-08-24 03:40:01', 'SYYYY-MM-DD HH24:MI:SS'), TO_DATE('2020-08-24 03:40:01', 'SYYYY-MM-DD HH24:MI:SS'), TO_DATE('2020-08-24 03:40:01', 'SYYYY-MM-DD HH24:MI:SS'), TO_DATE('2020-08-24 03:40:01', 'SYYYY-MM-DD HH24:MI:SS'), '0');
INSERT INTO "ESHOPUSER"."T_ORDER" VALUES ('504908410984536907', '张权', '5', '179.7', '1', '0', '2', TO_DATE('2020-08-24 03:40:53', 'SYYYY-MM-DD HH24:MI:SS'), TO_DATE('2020-08-24 03:40:53', 'SYYYY-MM-DD HH24:MI:SS'), TO_DATE('2020-08-24 03:40:53', 'SYYYY-MM-DD HH24:MI:SS'), TO_DATE('2020-08-24 03:40:53', 'SYYYY-MM-DD HH24:MI:SS'), TO_DATE('2020-08-24 03:40:53', 'SYYYY-MM-DD HH24:MI:SS'), TO_DATE('2020-08-24 03:40:53', 'SYYYY-MM-DD HH24:MI:SS'), '0');
INSERT INTO "ESHOPUSER"."T_ORDER" VALUES ('248835430569185853', '羊羊羊', '13', '299.5', '1', '0', '3', TO_DATE('2020-08-23 15:52:28', 'SYYYY-MM-DD HH24:MI:SS'), TO_DATE('2020-08-23 15:52:28', 'SYYYY-MM-DD HH24:MI:SS'), TO_DATE('2020-08-23 15:52:28', 'SYYYY-MM-DD HH24:MI:SS'), TO_DATE('2020-08-23 15:52:28', 'SYYYY-MM-DD HH24:MI:SS'), TO_DATE('2020-08-23 15:52:28', 'SYYYY-MM-DD HH24:MI:SS'), TO_DATE('2020-08-23 15:52:28', 'SYYYY-MM-DD HH24:MI:SS'), '0');
INSERT INTO "ESHOPUSER"."T_ORDER" VALUES ('092903468886031370', '羊羊羊', '11', '599', '1', '0', '3', TO_DATE('2020-08-23 15:55:21', 'SYYYY-MM-DD HH24:MI:SS'), TO_DATE('2020-08-23 15:55:21', 'SYYYY-MM-DD HH24:MI:SS'), TO_DATE('2020-08-23 15:55:21', 'SYYYY-MM-DD HH24:MI:SS'), TO_DATE('2020-08-23 15:55:21', 'SYYYY-MM-DD HH24:MI:SS'), TO_DATE('2020-08-23 15:55:21', 'SYYYY-MM-DD HH24:MI:SS'), TO_DATE('2020-08-23 15:55:21', 'SYYYY-MM-DD HH24:MI:SS'), '0');

-- ----------------------------
-- Table structure for T_ORDER_DETAIL
-- ----------------------------
DROP TABLE "ESHOPUSER"."T_ORDER_DETAIL";
CREATE TABLE "ESHOPUSER"."T_ORDER_DETAIL" (
  "GOODS_ID" NUMBER NOT NULL,
  "ORDER_ID" VARCHAR2(32 BYTE) NOT NULL,
  "NUM" NUMBER,
  "TOTAL_FEE" NUMBER(20,2),
  "EVALUATE" VARCHAR2(32 CHAR) DEFAULT '0',
  "SPEC_OPTION" VARCHAR2(64 BYTE),
  "SCORE" VARCHAR2(1 BYTE),
  "REMARK" VARCHAR2(256 BYTE),
  "REPLY" VARCHAR2(256 BYTE),
  "COMMENT_TIME" DATE,
  "ID" NUMBER NOT NULL
)
TABLESPACE "ESHOP_DATA"
LOGGING
NOCOMPRESS
PCTFREE 10
INITRANS 1
STORAGE (
  INITIAL 65536 
  NEXT 1048576 
  MINEXTENTS 1
  MAXEXTENTS 2147483645
  BUFFER_POOL DEFAULT
)
PARALLEL 1
NOCACHE
DISABLE ROW MOVEMENT
;
COMMENT ON COLUMN "ESHOPUSER"."T_ORDER_DETAIL"."EVALUATE" IS '是否评价：0、待评价,1、已评价,2、评价失效';

-- ----------------------------
-- Records of T_ORDER_DETAIL
-- ----------------------------
INSERT INTO "ESHOPUSER"."T_ORDER_DETAIL" VALUES ('149187842867912', '115505899580131690', '3', '179.7', '0', '白瓷花瓶和20支兔尾巴草', NULL, NULL, NULL, NULL, '6');
INSERT INTO "ESHOPUSER"."T_ORDER_DETAIL" VALUES ('149187842867912', '534280412483702464', '2', '119.8', '0', '20支快乐花', NULL, NULL, NULL, NULL, '21');
INSERT INTO "ESHOPUSER"."T_ORDER_DETAIL" VALUES ('149187842867912', '534280412483702464', '2', '119.8', '0', '白瓷花瓶和20支快乐花', NULL, NULL, NULL, NULL, '22');
INSERT INTO "ESHOPUSER"."T_ORDER_DETAIL" VALUES ('149187842867912', '545830385192170114', '3', '179.7', '0', '20支兔尾巴草', NULL, '花瓶超级棒，我看图以为是光面的，收货发现是磨砂，但感觉也超有质感，很喜欢。磨砂上面还有点纹路，不过觉得挺自然的，不影响美观。包装也很好，绝对不会磕碎碰坏，好评！', '谢谢', TO_DATE('2020-06-12 08:30:11', 'SYYYY-MM-DD HH24:MI:SS'), '1');
INSERT INTO "ESHOPUSER"."T_ORDER_DETAIL" VALUES ('149187842867912', '545830385192170114', '3', '179.7', '1', '20支兔尾巴草', NULL, '花瓶超级棒，我看图以为是光面的，收货发现是磨砂，但感觉也超有质感，很喜欢。磨砂上面还有点纹路，不过觉得挺自然的，不影响美观。包装也很好，绝对不会磕碎碰坏，好评！', '谢谢', TO_DATE('2020-06-12 08:30:11', 'SYYYY-MM-DD HH24:MI:SS'), '5');
INSERT INTO "ESHOPUSER"."T_ORDER_DETAIL" VALUES ('149187842867912', '944334461565339393', '5', '299.5', '0', '白瓷花瓶和20支兔尾巴草', NULL, NULL, NULL, NULL, '23');
INSERT INTO "ESHOPUSER"."T_ORDER_DETAIL" VALUES ('149187842867912', '944334461565339393', '8', '479.2', '0', '20支快乐花', NULL, NULL, NULL, NULL, '24');
INSERT INTO "ESHOPUSER"."T_ORDER_DETAIL" VALUES ('149187842867912', '504908410984536907', '3', '179.7', '0', '20支快乐花', NULL, NULL, NULL, NULL, '25');
INSERT INTO "ESHOPUSER"."T_ORDER_DETAIL" VALUES ('149187842867912', '248835430569185853', '5', '299.5', '1', '20支快乐花', NULL, '好评好评！', NULL, TO_DATE('2020-08-23 16:24:34', 'SYYYY-MM-DD HH24:MI:SS'), '7');
INSERT INTO "ESHOPUSER"."T_ORDER_DETAIL" VALUES ('149187842867912', '092903468886031370', '7', '419.3', '1', '白瓷花瓶和20支兔尾巴草', NULL, '好评', NULL, TO_DATE('2020-08-23 16:24:23', 'SYYYY-MM-DD HH24:MI:SS'), '8');
INSERT INTO "ESHOPUSER"."T_ORDER_DETAIL" VALUES ('149187842867912', '092903468886031370', '3', '179.7', '0', '20支快乐花', NULL, NULL, NULL, NULL, '9');

-- ----------------------------
-- Table structure for T_PROVINCE
-- ----------------------------
DROP TABLE "ESHOPUSER"."T_PROVINCE";
CREATE TABLE "ESHOPUSER"."T_PROVINCE" (
  "PROVINCE_ID" VARCHAR2(32 BYTE) NOT NULL,
  "PROVINCE" VARCHAR2(64 BYTE)
)
TABLESPACE "ESHOP_DATA"
LOGGING
NOCOMPRESS
PCTFREE 10
INITRANS 1
STORAGE (
  INITIAL 65536 
  NEXT 1048576 
  MINEXTENTS 1
  MAXEXTENTS 2147483645
  BUFFER_POOL DEFAULT
)
PARALLEL 1
NOCACHE
DISABLE ROW MOVEMENT
;

-- ----------------------------
-- Records of T_PROVINCE
-- ----------------------------
INSERT INTO "ESHOPUSER"."T_PROVINCE" VALUES ('110000', '北京市');
INSERT INTO "ESHOPUSER"."T_PROVINCE" VALUES ('120000', '天津市');
INSERT INTO "ESHOPUSER"."T_PROVINCE" VALUES ('130000', '河北省');
INSERT INTO "ESHOPUSER"."T_PROVINCE" VALUES ('140000', '山西省');
INSERT INTO "ESHOPUSER"."T_PROVINCE" VALUES ('150000', '内蒙古自治区');
INSERT INTO "ESHOPUSER"."T_PROVINCE" VALUES ('210000', '辽宁省');
INSERT INTO "ESHOPUSER"."T_PROVINCE" VALUES ('220000', '吉林省');
INSERT INTO "ESHOPUSER"."T_PROVINCE" VALUES ('230000', '黑龙江省');
INSERT INTO "ESHOPUSER"."T_PROVINCE" VALUES ('310000', '上海市');
INSERT INTO "ESHOPUSER"."T_PROVINCE" VALUES ('320000', '江苏省');
INSERT INTO "ESHOPUSER"."T_PROVINCE" VALUES ('330000', '浙江省');
INSERT INTO "ESHOPUSER"."T_PROVINCE" VALUES ('340000', '安徽省');
INSERT INTO "ESHOPUSER"."T_PROVINCE" VALUES ('350000', '福建省');
INSERT INTO "ESHOPUSER"."T_PROVINCE" VALUES ('360000', '江西省');
INSERT INTO "ESHOPUSER"."T_PROVINCE" VALUES ('370000', '山东省');
INSERT INTO "ESHOPUSER"."T_PROVINCE" VALUES ('410000', '河南省');
INSERT INTO "ESHOPUSER"."T_PROVINCE" VALUES ('420000', '湖北省');
INSERT INTO "ESHOPUSER"."T_PROVINCE" VALUES ('430000', '湖南省');
INSERT INTO "ESHOPUSER"."T_PROVINCE" VALUES ('440000', '广东省');
INSERT INTO "ESHOPUSER"."T_PROVINCE" VALUES ('450000', '广西壮族自治区');
INSERT INTO "ESHOPUSER"."T_PROVINCE" VALUES ('460000', '海南省');
INSERT INTO "ESHOPUSER"."T_PROVINCE" VALUES ('500000', '重庆市');
INSERT INTO "ESHOPUSER"."T_PROVINCE" VALUES ('510000', '四川省');
INSERT INTO "ESHOPUSER"."T_PROVINCE" VALUES ('520000', '贵州省');
INSERT INTO "ESHOPUSER"."T_PROVINCE" VALUES ('530000', '云南省');
INSERT INTO "ESHOPUSER"."T_PROVINCE" VALUES ('540000', '西藏自治区');
INSERT INTO "ESHOPUSER"."T_PROVINCE" VALUES ('610000', '陕西省');
INSERT INTO "ESHOPUSER"."T_PROVINCE" VALUES ('620000', '甘肃省');
INSERT INTO "ESHOPUSER"."T_PROVINCE" VALUES ('630000', '青海省');
INSERT INTO "ESHOPUSER"."T_PROVINCE" VALUES ('640000', '宁夏回族自治区');
INSERT INTO "ESHOPUSER"."T_PROVINCE" VALUES ('650000', '新疆维吾尔自治区');
INSERT INTO "ESHOPUSER"."T_PROVINCE" VALUES ('710000', '台湾省');
INSERT INTO "ESHOPUSER"."T_PROVINCE" VALUES ('810000', '香港特别行政区');
INSERT INTO "ESHOPUSER"."T_PROVINCE" VALUES ('820000', '澳门特别行');

-- ----------------------------
-- Table structure for T_ROLE
-- ----------------------------
DROP TABLE "ESHOPUSER"."T_ROLE";
CREATE TABLE "ESHOPUSER"."T_ROLE" (
  "ROLE_CODE" VARCHAR2(50 BYTE) NOT NULL,
  "ROLE_NAME" VARCHAR2(20 BYTE),
  "Create_Time" TIMESTAMP(6)
)
TABLESPACE "ESHOP_DATA"
LOGGING
NOCOMPRESS
PCTFREE 10
INITRANS 1
STORAGE (
  BUFFER_POOL DEFAULT
)
PARALLEL 1
NOCACHE
DISABLE ROW MOVEMENT
;

-- ----------------------------
-- Table structure for T_ROLE_GRANT
-- ----------------------------
DROP TABLE "ESHOPUSER"."T_ROLE_GRANT";
CREATE TABLE "ESHOPUSER"."T_ROLE_GRANT" (
  "ROLE_CODE" VARCHAR2(50 BYTE) NOT NULL,
  "GRANT_CODE" VARCHAR2(50 BYTE) NOT NULL,
  "ROLE_GRANT_CODE" VARCHAR2(50 BYTE)
)
TABLESPACE "ESHOP_DATA"
LOGGING
NOCOMPRESS
PCTFREE 10
INITRANS 1
STORAGE (
  BUFFER_POOL DEFAULT
)
PARALLEL 1
NOCACHE
DISABLE ROW MOVEMENT
;

-- ----------------------------
-- Table structure for T_SMALL_IMG
-- ----------------------------
DROP TABLE "ESHOPUSER"."T_SMALL_IMG";
CREATE TABLE "ESHOPUSER"."T_SMALL_IMG" (
  "ID" NUMBER NOT NULL,
  "GOODS_ID" NUMBER,
  "PRODET" VARCHAR2(50 BYTE),
  "PRODET_BIG" VARCHAR2(50 BYTE)
)
TABLESPACE "ESHOP_DATA"
LOGGING
NOCOMPRESS
PCTFREE 10
INITRANS 1
STORAGE (
  INITIAL 65536 
  NEXT 1048576 
  MINEXTENTS 1
  MAXEXTENTS 2147483645
  BUFFER_POOL DEFAULT
)
PARALLEL 1
NOCACHE
DISABLE ROW MOVEMENT
;

-- ----------------------------
-- Records of T_SMALL_IMG
-- ----------------------------
INSERT INTO "ESHOPUSER"."T_SMALL_IMG" VALUES ('1', '149187842867912', 'img/temp/proDet01.jpg', 'img/temp/proDet01_big.jpg');
INSERT INTO "ESHOPUSER"."T_SMALL_IMG" VALUES ('2', '149187842867912', 'img/temp/proDet02.jpg', 'img/temp/proDet02_big.jpg');
INSERT INTO "ESHOPUSER"."T_SMALL_IMG" VALUES ('3', '149187842867912', 'img/temp/proDet03.jpg', 'img/temp/proDet03_big.jpg');
INSERT INTO "ESHOPUSER"."T_SMALL_IMG" VALUES ('4', '149187842867912', 'img/temp/proDet04.jpg', 'img/temp/proDet04_big.jpg');

-- ----------------------------
-- Table structure for T_SPECIFICATION
-- ----------------------------
DROP TABLE "ESHOPUSER"."T_SPECIFICATION";
CREATE TABLE "ESHOPUSER"."T_SPECIFICATION" (
  "SPEC_ID" NUMBER NOT NULL,
  "NAME" VARCHAR2(8 BYTE)
)
TABLESPACE "ESHOP_DATA"
LOGGING
NOCOMPRESS
PCTFREE 10
INITRANS 1
STORAGE (
  INITIAL 65536 
  NEXT 1048576 
  MINEXTENTS 1
  MAXEXTENTS 2147483645
  BUFFER_POOL DEFAULT
)
PARALLEL 1
NOCACHE
DISABLE ROW MOVEMENT
;

-- ----------------------------
-- Records of T_SPECIFICATION
-- ----------------------------
INSERT INTO "ESHOPUSER"."T_SPECIFICATION" VALUES ('26', '颜色');
INSERT INTO "ESHOPUSER"."T_SPECIFICATION" VALUES ('27', '尺寸');

-- ----------------------------
-- Table structure for T_SPEC_OPTION
-- ----------------------------
DROP TABLE "ESHOPUSER"."T_SPEC_OPTION";
CREATE TABLE "ESHOPUSER"."T_SPEC_OPTION" (
  "SPEC_OPTION_ID" NUMBER NOT NULL,
  "SPEC_ID" NUMBER,
  "SEPC_NAME" VARCHAR2(64 BYTE),
  "PROSMALL_PICTURE_URL" VARCHAR2(50 BYTE),
  "PROBIG_PICTURE_URL" VARCHAR2(50 BYTE)
)
TABLESPACE "ESHOP_DATA"
LOGGING
NOCOMPRESS
PCTFREE 10
INITRANS 1
STORAGE (
  INITIAL 65536 
  NEXT 1048576 
  MINEXTENTS 1
  MAXEXTENTS 2147483645
  BUFFER_POOL DEFAULT
)
PARALLEL 1
NOCACHE
DISABLE ROW MOVEMENT
;

-- ----------------------------
-- Records of T_SPEC_OPTION
-- ----------------------------
INSERT INTO "ESHOPUSER"."T_SPEC_OPTION" VALUES ('91', '26', '白瓷花瓶和20支快乐花', 'img/temp/prosmall01.jpg', 'img/temp/proBig01.jpg');
INSERT INTO "ESHOPUSER"."T_SPEC_OPTION" VALUES ('92', '26', '白瓷花瓶和20支兔尾巴草', 'img/temp/prosmall02.jpg', 'img/temp/proBig02.jpg');
INSERT INTO "ESHOPUSER"."T_SPEC_OPTION" VALUES ('93', '26', '20支快乐花', 'img/temp/prosmall03.jpg', 'img/temp/proBig03.jpg');
INSERT INTO "ESHOPUSER"."T_SPEC_OPTION" VALUES ('94', '26', '20支兔尾巴草', 'img/temp/prosmall04.jpg', 'img/temp/proBig04.jpg');
INSERT INTO "ESHOPUSER"."T_SPEC_OPTION" VALUES ('98', '27', '1500*2000mm', NULL, NULL);
INSERT INTO "ESHOPUSER"."T_SPEC_OPTION" VALUES ('99', '27', '1800*2000mm', NULL, NULL);

-- ----------------------------
-- Table structure for T_USER
-- ----------------------------
DROP TABLE "ESHOPUSER"."T_USER";
CREATE TABLE "ESHOPUSER"."T_USER" (
  "USERNAME" VARCHAR2(64 BYTE) NOT NULL,
  "PASSWORD" VARCHAR2(128 BYTE),
  "PHONE" VARCHAR2(16 BYTE) NOT NULL,
  "EMAIL" VARCHAR2(32 BYTE) NOT NULL,
  "CREATE_TIME" DATE,
  "UPDATE_TIME" DATE,
  "NICK_NAME" VARCHAR2(32 CHAR) DEFAULT '羊羊羊',
  "NAME" VARCHAR2(32 BYTE),
  "STATUS" VARCHAR2(1 CHAR) DEFAULT '1',
  "HEAD_PIC" VARCHAR2(64 CHAR) DEFAULT 'img/uploads/cc.jpg',
  "QQ" VARCHAR2(16 BYTE),
  "IS_MOBILE_CHECK" VARCHAR2(1 BYTE),
  "IS_EMAIL_CHECK" VARCHAR2(1 BYTE),
  "SEX" VARCHAR2(1 CHAR) DEFAULT '0',
  "BIRTHDAY" DATE,
  "LAST_LOGIN_TIME" DATE,
  "VERIFY_CODE" VARCHAR2(32 BYTE),
  "IDCARD" VARCHAR2(32 BYTE),
  "SALT" VARCHAR2(128 BYTE)
)
TABLESPACE "ESHOP_DATA"
LOGGING
NOCOMPRESS
PCTFREE 10
INITRANS 1
STORAGE (
  INITIAL 65536 
  NEXT 1048576 
  MINEXTENTS 1
  MAXEXTENTS 2147483645
  BUFFER_POOL DEFAULT
)
PARALLEL 1
NOCACHE
DISABLE ROW MOVEMENT
;

-- ----------------------------
-- Records of T_USER
-- ----------------------------
INSERT INTO "ESHOPUSER"."T_USER" VALUES ('张权', 'n8cEeXzy/kMYpI84hikFmbhAox92WrQF8DJSpcFKDGU=', '18435790158', '1246650576@qq.com', NULL, NULL, '羊羊羊', '羊羊羊', NULL, 'img/uploads/cc.jpg', NULL, '1', '1', '0', TO_DATE('2000-03-06 00:00:00', 'SYYYY-MM-DD HH24:MI:SS'), NULL, '323711', NULL, '7d904dae-ee2e-4867-9dee-08f5de70ebc6');
INSERT INTO "ESHOPUSER"."T_USER" VALUES ('羊羊羊', 'jrqewEq9gh5thQBX+8zLb6GvMfv5nmRiAQGsnsve/jI=', '18435790158', 'q1246650576@gmail.com', NULL, NULL, '羊羊羊', '张三', '1', 'img/uploads/cc.jpg', NULL, NULL, NULL, '1', TO_DATE('2000-03-26 00:00:00', 'SYYYY-MM-DD HH24:MI:SS'), NULL, NULL, NULL, 'bb5004ed-d5a5-464d-846a-207ddd6c9792');

-- ----------------------------
-- Table structure for T_USER_ROLE
-- ----------------------------
DROP TABLE "ESHOPUSER"."T_USER_ROLE";
CREATE TABLE "ESHOPUSER"."T_USER_ROLE" (
  "USERNAME" VARCHAR2(64 BYTE) NOT NULL,
  "ROLE_CODE" VARCHAR2(50 BYTE) NOT NULL,
  "USER_ROLE_CODE" VARCHAR2(50 BYTE)
)
TABLESPACE "ESHOP_DATA"
LOGGING
NOCOMPRESS
PCTFREE 10
INITRANS 1
STORAGE (
  BUFFER_POOL DEFAULT
)
PARALLEL 1
NOCACHE
DISABLE ROW MOVEMENT
;

-- ----------------------------
-- Function structure for F_STRSPLIT
-- ----------------------------
CREATE OR REPLACE
FUNCTION "ESHOPUSER"."F_STRSPLIT" AS
BEGIN
   LOOP
      pos := INSTR (STRING, substring, lastpos + len);
 
      IF pos > 0
      THEN                                                            --found
         num := pos - (lastpos + len);
      ELSE                                                         --not found
         num := LENGTH (STRING) + 1 - (lastpos + len);
      END IF;
 
      IF i > ret.LAST
      THEN
         ret.EXTEND;
      END IF;
 
      v_str := SUBSTR (STRING, lastpos + len, num);
      --DBMS_OUTPUT.put_line (v_str);
 
      ret(i) := v_str;
 
      EXIT WHEN pos = 0;
      lastpos := pos;
      i := i + 1;
   END LOOP;
 
   RETURN ret;
END;
/

-- ----------------------------
-- Function structure for PRG_ADD_TO_CART
-- ----------------------------
CREATE OR REPLACE
PROCEDURE "ESHOPUSER"."PRG_ADD_TO_CART" AS
BEGIN 
  --查看商品是否存在
  select count(*) into counts from t_goods where t_goods.GOODS_ID = goodsId;
  if counts < 1 then
    state := 4001; -- 商品不存在
    return;
  end if;
  --查看用户是否存在 
  select count(*) into counts from t_user where t_user.USERNAME = userId;
  if counts < 1 then
    state := 4002; -- 用户不存在
    return;
  end if;
  --更新购物车
  select count(*) into counts from t_cart_goods where t_cart_goods.USERNAME = userId and t_cart_goods.GOODS_ID = goodsId and t_cart_goods.SPEC = specification;
  if counts < 1 then
    insert into t_cart_goods(USERNAME,GOODS_ID,NUM,SPEC) values(userId,goodsId,numb,specification);
    state := 4003; -- 插入数据成功
  else
    update t_cart_goods set t_cart_goods.NUM = t_cart_goods.NUM + numb where t_cart_goods.USERNAME = userId and t_cart_goods.GOODS_ID = goodsId and t_cart_goods.SPEC = specification;
    state := 4004; -- 更新数据成功
  end if;
END;
/

-- ----------------------------
-- Function structure for PRG_PLACE_ORDER
-- ----------------------------
CREATE OR REPLACE
PROCEDURE "ESHOPUSER"."PRG_PLACE_ORDER" AS
BEGIN
  p_success := 0; -- 初始状态
  -- 查看用户是否存在
  select count(*) into counts from T_USER where T_USER.USERNAME = p_shopper;
  if counts < 1 then
    p_success := 4002; -- 用户不存在
    return;
  end if;
  -- 查看收货人地址信息是否存在
  select count(*) into counts from T_ADDRESS where T_ADDRESS.ADDRESS_ID = p_address;
  if counts < 1 then
    p_success := 4003; -- 收货人地址信息不存在
    return;
  end if;
   -- 查看商品是否存在
  goodsArray:= f_strsplit(p_goods,',');
  specsArray:= f_strsplit(p_spec,',');
  numsArray:= f_strsplit(p_num,',');
  for i in 1..goodsArray.count() loop
    select count(*) into counts from T_GOODS where T_GOODS.GOODS_ID = goodsArray(i);
    if counts < 1 then
      p_success := 4001; -- 商品不存在
      return;
    end if;
  end loop;
  -- 添加订单信息
  insert into T_ORDER values(p_orderId,p_shopper,p_address,p_payment,p_paymentType,p_postFee,'2',sysdate,sysdate,sysdate,sysdate,sysdate,sysdate,'0');
	
  -- 添加订单详情
  for i in 1..goodsArray.count() loop
    select PRICE into fixPrice from T_GOODS where T_GOODS.GOODS_ID = goodsArray(i);
    insert into T_ORDER_DETAIL(GOODS_ID,ORDER_ID,NUM,TOTAL_FEE,EVALUATE,SPEC_OPTION) values(goodsArray(i),p_orderId,to_number(numsArray(i)),to_number(numsArray(i))*fixPrice,'0',specsArray(i));
  end loop;
END;
/

-- ----------------------------
-- Sequence structure for SEQ_T_ADDRESS
-- ----------------------------
DROP SEQUENCE "ESHOPUSER"."SEQ_T_ADDRESS";
CREATE SEQUENCE "ESHOPUSER"."SEQ_T_ADDRESS" MINVALUE 1 MAXVALUE 9999999999999999999999999999 INCREMENT BY 1 NOCACHE;

-- ----------------------------
-- Sequence structure for SEQ_T_CART_GOODS
-- ----------------------------
DROP SEQUENCE "ESHOPUSER"."SEQ_T_CART_GOODS";
CREATE SEQUENCE "ESHOPUSER"."SEQ_T_CART_GOODS" MINVALUE 1 MAXVALUE 9999999999999999999999999999 INCREMENT BY 1 NOCACHE;

-- ----------------------------
-- Sequence structure for SEQ_T_CART_IMG
-- ----------------------------
DROP SEQUENCE "ESHOPUSER"."SEQ_T_CART_IMG";
CREATE SEQUENCE "ESHOPUSER"."SEQ_T_CART_IMG" MINVALUE 1 MAXVALUE 9999999999999999999999999999 INCREMENT BY 5 NOCACHE;

-- ----------------------------
-- Sequence structure for SEQ_T_CONTENT_CATEGORY
-- ----------------------------
DROP SEQUENCE "ESHOPUSER"."SEQ_T_CONTENT_CATEGORY";
CREATE SEQUENCE "ESHOPUSER"."SEQ_T_CONTENT_CATEGORY" MINVALUE 1 MAXVALUE 9999999999999999999999999999 INCREMENT BY 6 NOCACHE;

-- ----------------------------
-- Sequence structure for SEQ_T_FREIGHT_DETAIL
-- ----------------------------
DROP SEQUENCE "ESHOPUSER"."SEQ_T_FREIGHT_DETAIL";
CREATE SEQUENCE "ESHOPUSER"."SEQ_T_FREIGHT_DETAIL" MINVALUE 1 MAXVALUE 9999999999999999999999999999 INCREMENT BY 8 NOCACHE;

-- ----------------------------
-- Sequence structure for SEQ_T_MSG_IMGS
-- ----------------------------
DROP SEQUENCE "ESHOPUSER"."SEQ_T_MSG_IMGS";
CREATE SEQUENCE "ESHOPUSER"."SEQ_T_MSG_IMGS" MINVALUE 1 MAXVALUE 9999999999999999999999999999 INCREMENT BY 8 NOCACHE;

-- ----------------------------
-- Sequence structure for SEQ_T_ORDER_DETAIL
-- ----------------------------
DROP SEQUENCE "ESHOPUSER"."SEQ_T_ORDER_DETAIL";
CREATE SEQUENCE "ESHOPUSER"."SEQ_T_ORDER_DETAIL" MINVALUE 1 MAXVALUE 9999999999999999999999999999 INCREMENT BY 1 NOCACHE;

-- ----------------------------
-- Sequence structure for SEQ_T_SMALL_IMG
-- ----------------------------
DROP SEQUENCE "ESHOPUSER"."SEQ_T_SMALL_IMG";
CREATE SEQUENCE "ESHOPUSER"."SEQ_T_SMALL_IMG" MINVALUE 1 MAXVALUE 9999999999999999999999999999 INCREMENT BY 5 NOCACHE;

-- ----------------------------
-- Sequence structure for SEQ_T_SPECIFICATION
-- ----------------------------
DROP SEQUENCE "ESHOPUSER"."SEQ_T_SPECIFICATION";
CREATE SEQUENCE "ESHOPUSER"."SEQ_T_SPECIFICATION" MINVALUE 1 MAXVALUE 9999999999999999999999999999 INCREMENT BY 28 NOCACHE;

-- ----------------------------
-- Sequence structure for SEQ_T_SPEC_OPTION
-- ----------------------------
DROP SEQUENCE "ESHOPUSER"."SEQ_T_SPEC_OPTION";
CREATE SEQUENCE "ESHOPUSER"."SEQ_T_SPEC_OPTION" MINVALUE 1 MAXVALUE 9999999999999999999999999999 INCREMENT BY 100 NOCACHE;

-- ----------------------------
-- Primary Key structure for table T_ADDRESS
-- ----------------------------
ALTER TABLE "ESHOPUSER"."T_ADDRESS" ADD CONSTRAINT "PK_T_ADDRESS" PRIMARY KEY ("ADDRESS_ID");

-- ----------------------------
-- Checks structure for table T_ADDRESS
-- ----------------------------
ALTER TABLE "ESHOPUSER"."T_ADDRESS" ADD CONSTRAINT "SYS_C0012847" CHECK ("ADDRESS_ID" IS NOT NULL) NOT DEFERRABLE INITIALLY IMMEDIATE NORELY VALIDATE;

-- ----------------------------
-- Indexes structure for table T_ADDRESS
-- ----------------------------
CREATE INDEX "ESHOPUSER"."ADDRESS_AREA_FK"
  ON "ESHOPUSER"."T_ADDRESS" ("AREA_ID" ASC)
  LOGGING
  TABLESPACE "ESHOP_DATA"
  VISIBLE
PCTFREE 10
INITRANS 2
STORAGE (
  INITIAL 65536 
  NEXT 1048576 
  MINEXTENTS 1
  MAXEXTENTS 2147483645
  BUFFER_POOL DEFAULT
);
CREATE INDEX "ESHOPUSER"."USER_ADDRESS_FK"
  ON "ESHOPUSER"."T_ADDRESS" ("USERNAME" ASC)
  LOGGING
  TABLESPACE "ESHOP_DATA"
  VISIBLE
PCTFREE 10
INITRANS 2
STORAGE (
  INITIAL 65536 
  NEXT 1048576 
  MINEXTENTS 1
  MAXEXTENTS 2147483645
  BUFFER_POOL DEFAULT
);

-- ----------------------------
-- Triggers structure for table T_ADDRESS
-- ----------------------------
CREATE TRIGGER "ESHOPUSER"."TRI_T_ADDRESS_ID_AUTO" BEFORE INSERT ON "ESHOPUSER"."T_ADDRESS" REFERENCING OLD AS "OLD" NEW AS "NEW" FOR EACH ROW 
BEGIN
SELECT TO_CHAR(SEQ_T_ADDRESS.NEXTVAL) INTO :NEW.ADDRESS_ID FROM DUAL;
END;
/

-- ----------------------------
-- Primary Key structure for table T_ADMIN
-- ----------------------------
ALTER TABLE "ESHOPUSER"."T_ADMIN" ADD CONSTRAINT "PK_T_ADMIN" PRIMARY KEY ("CODE");

-- ----------------------------
-- Checks structure for table T_ADMIN
-- ----------------------------
ALTER TABLE "ESHOPUSER"."T_ADMIN" ADD CONSTRAINT "SYS_C0012849" CHECK ("CODE" IS NOT NULL) NOT DEFERRABLE INITIALLY IMMEDIATE NORELY VALIDATE;

-- ----------------------------
-- Primary Key structure for table T_AREA
-- ----------------------------
ALTER TABLE "ESHOPUSER"."T_AREA" ADD CONSTRAINT "PK_T_AREA" PRIMARY KEY ("AREA_ID");

-- ----------------------------
-- Checks structure for table T_AREA
-- ----------------------------
ALTER TABLE "ESHOPUSER"."T_AREA" ADD CONSTRAINT "SYS_C0012851" CHECK ("AREA_ID" IS NOT NULL) NOT DEFERRABLE INITIALLY IMMEDIATE NORELY VALIDATE;

-- ----------------------------
-- Indexes structure for table T_AREA
-- ----------------------------
CREATE INDEX "ESHOPUSER"."CITY_AREA_FK"
  ON "ESHOPUSER"."T_AREA" ("CITY_ID" ASC)
  LOGGING
  TABLESPACE "ESHOP_DATA"
  VISIBLE
PCTFREE 10
INITRANS 2
STORAGE (
  INITIAL 65536 
  NEXT 1048576 
  MINEXTENTS 1
  MAXEXTENTS 2147483645
  BUFFER_POOL DEFAULT
);

-- ----------------------------
-- Primary Key structure for table T_CART_GOODS
-- ----------------------------
ALTER TABLE "ESHOPUSER"."T_CART_GOODS" ADD CONSTRAINT "PK_T_CART" PRIMARY KEY ("ID");

-- ----------------------------
-- Checks structure for table T_CART_GOODS
-- ----------------------------
ALTER TABLE "ESHOPUSER"."T_CART_GOODS" ADD CONSTRAINT "SYS_C0012853" CHECK ("USERNAME" IS NOT NULL) NOT DEFERRABLE INITIALLY IMMEDIATE NORELY VALIDATE;
ALTER TABLE "ESHOPUSER"."T_CART_GOODS" ADD CONSTRAINT "SYS_C0012854" CHECK ("GOODS_ID" IS NOT NULL) NOT DEFERRABLE INITIALLY IMMEDIATE NORELY VALIDATE;

-- ----------------------------
-- Indexes structure for table T_CART_GOODS
-- ----------------------------
CREATE INDEX "ESHOPUSER"."CART_FK"
  ON "ESHOPUSER"."T_CART_GOODS" ("USERNAME" ASC)
  LOGGING
  TABLESPACE "ESHOP_DATA"
  VISIBLE
PCTFREE 10
INITRANS 2
STORAGE (
  INITIAL 65536 
  NEXT 1048576 
  MINEXTENTS 1
  MAXEXTENTS 2147483645
  BUFFER_POOL DEFAULT
);
CREATE INDEX "ESHOPUSER"."CART_FK2"
  ON "ESHOPUSER"."T_CART_GOODS" ("GOODS_ID" ASC)
  LOGGING
  TABLESPACE "ESHOP_DATA"
  VISIBLE
PCTFREE 10
INITRANS 2
STORAGE (
  INITIAL 65536 
  NEXT 1048576 
  MINEXTENTS 1
  MAXEXTENTS 2147483645
  BUFFER_POOL DEFAULT
);

-- ----------------------------
-- Triggers structure for table T_CART_GOODS
-- ----------------------------
CREATE TRIGGER "ESHOPUSER"."TRI_T_CART_GOODS_ID_AUTO" BEFORE INSERT ON "ESHOPUSER"."T_CART_GOODS" REFERENCING OLD AS "OLD" NEW AS "NEW" FOR EACH ROW 
BEGIN
SELECT TO_CHAR(SEQ_T_CART_GOODS.NEXTVAL) INTO :NEW.ID FROM DUAL;
END;
/

-- ----------------------------
-- Primary Key structure for table T_CART_IMG
-- ----------------------------
ALTER TABLE "ESHOPUSER"."T_CART_IMG" ADD CONSTRAINT "SYS_C0013050" PRIMARY KEY ("ID");

-- ----------------------------
-- Triggers structure for table T_CART_IMG
-- ----------------------------
CREATE TRIGGER "ESHOPUSER"."TRI_T_CART_IMG_ID_AUTO" BEFORE INSERT ON "ESHOPUSER"."T_CART_IMG" REFERENCING OLD AS "OLD" NEW AS "NEW" FOR EACH ROW 
BEGIN
SELECT TO_CHAR(SEQ_T_CART_IMG.NEXTVAL) INTO :NEW.ID FROM DUAL;
END;
/

-- ----------------------------
-- Primary Key structure for table T_CITY
-- ----------------------------
ALTER TABLE "ESHOPUSER"."T_CITY" ADD CONSTRAINT "PK_T_CITY" PRIMARY KEY ("CITY_ID");

-- ----------------------------
-- Checks structure for table T_CITY
-- ----------------------------
ALTER TABLE "ESHOPUSER"."T_CITY" ADD CONSTRAINT "SYS_C0012856" CHECK ("CITY_ID" IS NOT NULL) NOT DEFERRABLE INITIALLY IMMEDIATE NORELY VALIDATE;

-- ----------------------------
-- Indexes structure for table T_CITY
-- ----------------------------
CREATE INDEX "ESHOPUSER"."PROVINCE_CITY_FK"
  ON "ESHOPUSER"."T_CITY" ("PROVINCE_ID" ASC)
  LOGGING
  TABLESPACE "ESHOP_DATA"
  VISIBLE
PCTFREE 10
INITRANS 2
STORAGE (
  INITIAL 65536 
  NEXT 1048576 
  MINEXTENTS 1
  MAXEXTENTS 2147483645
  BUFFER_POOL DEFAULT
);

-- ----------------------------
-- Primary Key structure for table T_CONTENT_CATEGORY
-- ----------------------------
ALTER TABLE "ESHOPUSER"."T_CONTENT_CATEGORY" ADD CONSTRAINT "PK_T_CONTENT_CATEGORY" PRIMARY KEY ("CONTENT_ID");

-- ----------------------------
-- Checks structure for table T_CONTENT_CATEGORY
-- ----------------------------
ALTER TABLE "ESHOPUSER"."T_CONTENT_CATEGORY" ADD CONSTRAINT "SYS_C0012858" CHECK ("CONTENT_ID" IS NOT NULL) NOT DEFERRABLE INITIALLY IMMEDIATE NORELY VALIDATE;

-- ----------------------------
-- Triggers structure for table T_CONTENT_CATEGORY
-- ----------------------------
CREATE TRIGGER "ESHOPUSER"."TRI_T_CON_CATEGORY_ID_AUTO" BEFORE INSERT ON "ESHOPUSER"."T_CONTENT_CATEGORY" REFERENCING OLD AS "OLD" NEW AS "NEW" FOR EACH ROW 
BEGIN
SELECT TO_CHAR(SEQ_T_CONTENT_CATEGORY.NEXTVAL) INTO :NEW.CONTENT_ID FROM DUAL;
END;
/

-- ----------------------------
-- Primary Key structure for table T_FREIGHT
-- ----------------------------
ALTER TABLE "ESHOPUSER"."T_FREIGHT" ADD CONSTRAINT "PK_T_FREIGHT" PRIMARY KEY ("FREIGHT_ID");

-- ----------------------------
-- Checks structure for table T_FREIGHT
-- ----------------------------
ALTER TABLE "ESHOPUSER"."T_FREIGHT" ADD CONSTRAINT "SYS_C0012860" CHECK ("FREIGHT_ID" IS NOT NULL) NOT DEFERRABLE INITIALLY IMMEDIATE NORELY VALIDATE;

-- ----------------------------
-- Primary Key structure for table T_FREIGHT_DETAIL
-- ----------------------------
ALTER TABLE "ESHOPUSER"."T_FREIGHT_DETAIL" ADD CONSTRAINT "PK_T_FREIGHT_DETAIL" PRIMARY KEY ("ID");

-- ----------------------------
-- Checks structure for table T_FREIGHT_DETAIL
-- ----------------------------
ALTER TABLE "ESHOPUSER"."T_FREIGHT_DETAIL" ADD CONSTRAINT "SYS_C0012862" CHECK ("FREIGHT_ID" IS NOT NULL) NOT DEFERRABLE INITIALLY IMMEDIATE NORELY VALIDATE;
ALTER TABLE "ESHOPUSER"."T_FREIGHT_DETAIL" ADD CONSTRAINT "SYS_C0012863" CHECK ("ORDER_ID" IS NOT NULL) NOT DEFERRABLE INITIALLY IMMEDIATE NORELY VALIDATE;

-- ----------------------------
-- Indexes structure for table T_FREIGHT_DETAIL
-- ----------------------------
CREATE INDEX "ESHOPUSER"."FREIGHT_DETAIL_FK"
  ON "ESHOPUSER"."T_FREIGHT_DETAIL" ("FREIGHT_ID" ASC)
  LOGGING
  TABLESPACE "ESHOP_DATA"
  VISIBLE
PCTFREE 10
INITRANS 2
STORAGE (
  INITIAL 65536 
  NEXT 1048576 
  MINEXTENTS 1
  MAXEXTENTS 2147483645
  BUFFER_POOL DEFAULT
);
CREATE INDEX "ESHOPUSER"."FREIGHT_DETAIL_FK2"
  ON "ESHOPUSER"."T_FREIGHT_DETAIL" ("ORDER_ID" ASC)
  LOGGING
  TABLESPACE "ESHOP_DATA"
  VISIBLE
PCTFREE 10
INITRANS 2
STORAGE (
  INITIAL 65536 
  NEXT 1048576 
  MINEXTENTS 1
  MAXEXTENTS 2147483645
  BUFFER_POOL DEFAULT
);

-- ----------------------------
-- Triggers structure for table T_FREIGHT_DETAIL
-- ----------------------------
CREATE TRIGGER "ESHOPUSER"."TRI_T_FREIGHT_DETAIL_ID_AUTO" BEFORE INSERT ON "ESHOPUSER"."T_FREIGHT_DETAIL" REFERENCING OLD AS "OLD" NEW AS "NEW" FOR EACH ROW 
BEGIN
SELECT TO_CHAR(SEQ_T_FREIGHT_DETAIL.NEXTVAL) INTO :NEW.ID FROM DUAL;
END;
/

-- ----------------------------
-- Primary Key structure for table T_GOODS
-- ----------------------------
ALTER TABLE "ESHOPUSER"."T_GOODS" ADD CONSTRAINT "PK_T_GOODS" PRIMARY KEY ("GOODS_ID");

-- ----------------------------
-- Checks structure for table T_GOODS
-- ----------------------------
ALTER TABLE "ESHOPUSER"."T_GOODS" ADD CONSTRAINT "SYS_C0012865" CHECK ("GOODS_ID" IS NOT NULL) NOT DEFERRABLE INITIALLY IMMEDIATE NORELY VALIDATE;

-- ----------------------------
-- Indexes structure for table T_GOODS
-- ----------------------------
CREATE INDEX "ESHOPUSER"."CONTENT_CATEGORY_GOODS_FK"
  ON "ESHOPUSER"."T_GOODS" ("CONTENT_ID" ASC)
  LOGGING
  TABLESPACE "ESHOP_DATA"
  VISIBLE
PCTFREE 10
INITRANS 2
STORAGE (
  INITIAL 65536 
  NEXT 1048576 
  MINEXTENTS 1
  MAXEXTENTS 2147483645
  BUFFER_POOL DEFAULT
);
CREATE INDEX "ESHOPUSER"."SPEC_OPTION_GOODS_FK"
  ON "ESHOPUSER"."T_GOODS" ("SPEC_OPTION_ID" ASC)
  LOGGING
  TABLESPACE "ESHOP_DATA"
  VISIBLE
PCTFREE 10
INITRANS 2
STORAGE (
  INITIAL 65536 
  NEXT 1048576 
  MINEXTENTS 1
  MAXEXTENTS 2147483645
  BUFFER_POOL DEFAULT
);

-- ----------------------------
-- Primary Key structure for table T_GRANT
-- ----------------------------
ALTER TABLE "ESHOPUSER"."T_GRANT" ADD CONSTRAINT "PK_T_GRANT" PRIMARY KEY ("GRANT_CODE");

-- ----------------------------
-- Checks structure for table T_GRANT
-- ----------------------------
ALTER TABLE "ESHOPUSER"."T_GRANT" ADD CONSTRAINT "SYS_C0012867" CHECK ("GRANT_CODE" IS NOT NULL) NOT DEFERRABLE INITIALLY IMMEDIATE NORELY VALIDATE;

-- ----------------------------
-- Primary Key structure for table T_MSG_IMGS
-- ----------------------------
ALTER TABLE "ESHOPUSER"."T_MSG_IMGS" ADD CONSTRAINT "SYS_C0013003" PRIMARY KEY ("ID");

-- ----------------------------
-- Triggers structure for table T_MSG_IMGS
-- ----------------------------
CREATE TRIGGER "ESHOPUSER"."TRI_T_MSG_IMGS_ID_AUTO" BEFORE INSERT ON "ESHOPUSER"."T_MSG_IMGS" REFERENCING OLD AS "OLD" NEW AS "NEW" FOR EACH ROW 
BEGIN
SELECT TO_CHAR(SEQ_T_MSG_IMGS.NEXTVAL) INTO :NEW.ID FROM DUAL;
END;
/

-- ----------------------------
-- Primary Key structure for table T_ORDER
-- ----------------------------
ALTER TABLE "ESHOPUSER"."T_ORDER" ADD CONSTRAINT "PK_T_ORDER" PRIMARY KEY ("ORDER_ID");

-- ----------------------------
-- Checks structure for table T_ORDER
-- ----------------------------
ALTER TABLE "ESHOPUSER"."T_ORDER" ADD CONSTRAINT "SYS_C0012869" CHECK ("ORDER_ID" IS NOT NULL) NOT DEFERRABLE INITIALLY IMMEDIATE NORELY VALIDATE;

-- ----------------------------
-- Indexes structure for table T_ORDER
-- ----------------------------
CREATE INDEX "ESHOPUSER"."ORDER_ADDRESS_FK"
  ON "ESHOPUSER"."T_ORDER" ("ADDRESS_ID" ASC)
  LOGGING
  TABLESPACE "ESHOP_DATA"
  VISIBLE
PCTFREE 10
INITRANS 2
STORAGE (
  INITIAL 65536 
  NEXT 1048576 
  MINEXTENTS 1
  MAXEXTENTS 2147483645
  BUFFER_POOL DEFAULT
);
CREATE INDEX "ESHOPUSER"."USER_ORDER_FK"
  ON "ESHOPUSER"."T_ORDER" ("USERNAME" ASC)
  LOGGING
  TABLESPACE "ESHOP_DATA"
  VISIBLE
PCTFREE 10
INITRANS 2
STORAGE (
  INITIAL 65536 
  NEXT 1048576 
  MINEXTENTS 1
  MAXEXTENTS 2147483645
  BUFFER_POOL DEFAULT
);

-- ----------------------------
-- Primary Key structure for table T_ORDER_DETAIL
-- ----------------------------
ALTER TABLE "ESHOPUSER"."T_ORDER_DETAIL" ADD CONSTRAINT "PK_T_ORDER_DETAIL" PRIMARY KEY ("ID");

-- ----------------------------
-- Checks structure for table T_ORDER_DETAIL
-- ----------------------------
ALTER TABLE "ESHOPUSER"."T_ORDER_DETAIL" ADD CONSTRAINT "SYS_C0012871" CHECK ("GOODS_ID" IS NOT NULL) NOT DEFERRABLE INITIALLY IMMEDIATE NORELY VALIDATE;
ALTER TABLE "ESHOPUSER"."T_ORDER_DETAIL" ADD CONSTRAINT "SYS_C0012872" CHECK ("ORDER_ID" IS NOT NULL) NOT DEFERRABLE INITIALLY IMMEDIATE NORELY VALIDATE;

-- ----------------------------
-- Indexes structure for table T_ORDER_DETAIL
-- ----------------------------
CREATE INDEX "ESHOPUSER"."ORDER_DETAIL_FK"
  ON "ESHOPUSER"."T_ORDER_DETAIL" ("GOODS_ID" ASC)
  LOGGING
  TABLESPACE "ESHOP_DATA"
  VISIBLE
PCTFREE 10
INITRANS 2
STORAGE (
  INITIAL 65536 
  NEXT 1048576 
  MINEXTENTS 1
  MAXEXTENTS 2147483645
  BUFFER_POOL DEFAULT
);
CREATE INDEX "ESHOPUSER"."ORDER_DETAIL_FK2"
  ON "ESHOPUSER"."T_ORDER_DETAIL" ("ORDER_ID" ASC)
  LOGGING
  TABLESPACE "ESHOP_DATA"
  VISIBLE
PCTFREE 10
INITRANS 2
STORAGE (
  INITIAL 65536 
  NEXT 1048576 
  MINEXTENTS 1
  MAXEXTENTS 2147483645
  BUFFER_POOL DEFAULT
);

-- ----------------------------
-- Triggers structure for table T_ORDER_DETAIL
-- ----------------------------
CREATE TRIGGER "ESHOPUSER"."TRI_T_ORDER_DETAIL_ID_AUTO" BEFORE INSERT ON "ESHOPUSER"."T_ORDER_DETAIL" REFERENCING OLD AS "OLD" NEW AS "NEW" FOR EACH ROW 
BEGIN
SELECT TO_CHAR(SEQ_T_ORDER_DETAIL.NEXTVAL) INTO :NEW.ID FROM DUAL;
END;
/

-- ----------------------------
-- Primary Key structure for table T_PROVINCE
-- ----------------------------
ALTER TABLE "ESHOPUSER"."T_PROVINCE" ADD CONSTRAINT "PK_T_PROVINCE" PRIMARY KEY ("PROVINCE_ID");

-- ----------------------------
-- Checks structure for table T_PROVINCE
-- ----------------------------
ALTER TABLE "ESHOPUSER"."T_PROVINCE" ADD CONSTRAINT "SYS_C0012874" CHECK ("PROVINCE_ID" IS NOT NULL) NOT DEFERRABLE INITIALLY IMMEDIATE NORELY VALIDATE;

-- ----------------------------
-- Primary Key structure for table T_ROLE
-- ----------------------------
ALTER TABLE "ESHOPUSER"."T_ROLE" ADD CONSTRAINT "PK_T_ROLE" PRIMARY KEY ("ROLE_CODE");

-- ----------------------------
-- Checks structure for table T_ROLE
-- ----------------------------
ALTER TABLE "ESHOPUSER"."T_ROLE" ADD CONSTRAINT "SYS_C0012876" CHECK ("ROLE_CODE" IS NOT NULL) NOT DEFERRABLE INITIALLY IMMEDIATE NORELY VALIDATE;

-- ----------------------------
-- Primary Key structure for table T_ROLE_GRANT
-- ----------------------------
ALTER TABLE "ESHOPUSER"."T_ROLE_GRANT" ADD CONSTRAINT "PK_T_ROLE_GRANT" PRIMARY KEY ("ROLE_CODE", "GRANT_CODE");

-- ----------------------------
-- Checks structure for table T_ROLE_GRANT
-- ----------------------------
ALTER TABLE "ESHOPUSER"."T_ROLE_GRANT" ADD CONSTRAINT "SYS_C0012878" CHECK ("ROLE_CODE" IS NOT NULL) NOT DEFERRABLE INITIALLY IMMEDIATE NORELY VALIDATE;
ALTER TABLE "ESHOPUSER"."T_ROLE_GRANT" ADD CONSTRAINT "SYS_C0012879" CHECK ("GRANT_CODE" IS NOT NULL) NOT DEFERRABLE INITIALLY IMMEDIATE NORELY VALIDATE;

-- ----------------------------
-- Indexes structure for table T_ROLE_GRANT
-- ----------------------------
CREATE INDEX "ESHOPUSER"."ROLE_GRANT_FK"
  ON "ESHOPUSER"."T_ROLE_GRANT" ("ROLE_CODE" ASC)
  LOGGING
  TABLESPACE "ESHOP_DATA"
  VISIBLE
PCTFREE 10
INITRANS 2
STORAGE (
  BUFFER_POOL DEFAULT
);
CREATE INDEX "ESHOPUSER"."ROLE_GRANT_FK2"
  ON "ESHOPUSER"."T_ROLE_GRANT" ("GRANT_CODE" ASC)
  LOGGING
  TABLESPACE "ESHOP_DATA"
  VISIBLE
PCTFREE 10
INITRANS 2
STORAGE (
  BUFFER_POOL DEFAULT
);

-- ----------------------------
-- Primary Key structure for table T_SMALL_IMG
-- ----------------------------
ALTER TABLE "ESHOPUSER"."T_SMALL_IMG" ADD CONSTRAINT "SYS_C0013005" PRIMARY KEY ("ID");

-- ----------------------------
-- Triggers structure for table T_SMALL_IMG
-- ----------------------------
CREATE TRIGGER "ESHOPUSER"."TRI_T_SMALL_IMG_ID_AUTO" BEFORE INSERT ON "ESHOPUSER"."T_SMALL_IMG" REFERENCING OLD AS "OLD" NEW AS "NEW" FOR EACH ROW 
BEGIN
SELECT TO_CHAR(SEQ_T_SMALL_IMG.NEXTVAL) INTO :NEW.ID FROM DUAL;
END;
/

-- ----------------------------
-- Primary Key structure for table T_SPECIFICATION
-- ----------------------------
ALTER TABLE "ESHOPUSER"."T_SPECIFICATION" ADD CONSTRAINT "PK_T_SPECIFICATION" PRIMARY KEY ("SPEC_ID");

-- ----------------------------
-- Checks structure for table T_SPECIFICATION
-- ----------------------------
ALTER TABLE "ESHOPUSER"."T_SPECIFICATION" ADD CONSTRAINT "SYS_C0012883" CHECK ("SPEC_ID" IS NOT NULL) NOT DEFERRABLE INITIALLY IMMEDIATE NORELY VALIDATE;

-- ----------------------------
-- Triggers structure for table T_SPECIFICATION
-- ----------------------------
CREATE TRIGGER "ESHOPUSER"."TRI_T_SPECIFICATION_ID_AUTO" BEFORE INSERT ON "ESHOPUSER"."T_SPECIFICATION" REFERENCING OLD AS "OLD" NEW AS "NEW" FOR EACH ROW 
BEGIN
SELECT TO_CHAR(SEQ_T_SPECIFICATION.NEXTVAL) INTO :NEW.SPEC_ID FROM DUAL;
END;
/

-- ----------------------------
-- Primary Key structure for table T_SPEC_OPTION
-- ----------------------------
ALTER TABLE "ESHOPUSER"."T_SPEC_OPTION" ADD CONSTRAINT "PK_T_SPEC_OPTION" PRIMARY KEY ("SPEC_OPTION_ID");

-- ----------------------------
-- Checks structure for table T_SPEC_OPTION
-- ----------------------------
ALTER TABLE "ESHOPUSER"."T_SPEC_OPTION" ADD CONSTRAINT "SYS_C0012881" CHECK ("SPEC_OPTION_ID" IS NOT NULL) NOT DEFERRABLE INITIALLY IMMEDIATE NORELY VALIDATE;

-- ----------------------------
-- Indexes structure for table T_SPEC_OPTION
-- ----------------------------
CREATE INDEX "ESHOPUSER"."SPEC_SPEC_OPTION_FK"
  ON "ESHOPUSER"."T_SPEC_OPTION" ("SPEC_ID" ASC)
  LOGGING
  TABLESPACE "ESHOP_DATA"
  VISIBLE
PCTFREE 10
INITRANS 2
STORAGE (
  INITIAL 65536 
  NEXT 1048576 
  MINEXTENTS 1
  MAXEXTENTS 2147483645
  BUFFER_POOL DEFAULT
);

-- ----------------------------
-- Triggers structure for table T_SPEC_OPTION
-- ----------------------------
CREATE TRIGGER "ESHOPUSER"."TRI_T_SPEC_OPTION_ID_AUTO" BEFORE INSERT ON "ESHOPUSER"."T_SPEC_OPTION" REFERENCING OLD AS "OLD" NEW AS "NEW" FOR EACH ROW 
BEGIN
SELECT TO_CHAR(SEQ_T_SPEC_OPTION.NEXTVAL) INTO :NEW.SPEC_OPTION_ID FROM DUAL;
END;
/

-- ----------------------------
-- Primary Key structure for table T_USER
-- ----------------------------
ALTER TABLE "ESHOPUSER"."T_USER" ADD CONSTRAINT "PK_T_USER" PRIMARY KEY ("USERNAME");

-- ----------------------------
-- Checks structure for table T_USER
-- ----------------------------
ALTER TABLE "ESHOPUSER"."T_USER" ADD CONSTRAINT "SYS_C0012885" CHECK ("USERNAME" IS NOT NULL) NOT DEFERRABLE INITIALLY IMMEDIATE NORELY VALIDATE;
ALTER TABLE "ESHOPUSER"."T_USER" ADD CONSTRAINT "SYS_C0012886" CHECK ("PHONE" IS NOT NULL) NOT DEFERRABLE INITIALLY IMMEDIATE NORELY VALIDATE;
ALTER TABLE "ESHOPUSER"."T_USER" ADD CONSTRAINT "SYS_C0012887" CHECK ("EMAIL" IS NOT NULL) NOT DEFERRABLE INITIALLY IMMEDIATE NORELY VALIDATE;

-- ----------------------------
-- Primary Key structure for table T_USER_ROLE
-- ----------------------------
ALTER TABLE "ESHOPUSER"."T_USER_ROLE" ADD CONSTRAINT "PK_T_USER_ROLE" PRIMARY KEY ("USERNAME", "ROLE_CODE");

-- ----------------------------
-- Checks structure for table T_USER_ROLE
-- ----------------------------
ALTER TABLE "ESHOPUSER"."T_USER_ROLE" ADD CONSTRAINT "SYS_C0012890" CHECK ("USERNAME" IS NOT NULL) NOT DEFERRABLE INITIALLY IMMEDIATE NORELY VALIDATE;
ALTER TABLE "ESHOPUSER"."T_USER_ROLE" ADD CONSTRAINT "SYS_C0012891" CHECK ("ROLE_CODE" IS NOT NULL) NOT DEFERRABLE INITIALLY IMMEDIATE NORELY VALIDATE;

-- ----------------------------
-- Indexes structure for table T_USER_ROLE
-- ----------------------------
CREATE INDEX "ESHOPUSER"."USER_ROLE_FK"
  ON "ESHOPUSER"."T_USER_ROLE" ("USERNAME" ASC)
  LOGGING
  TABLESPACE "ESHOP_DATA"
  VISIBLE
PCTFREE 10
INITRANS 2
STORAGE (
  BUFFER_POOL DEFAULT
);
CREATE INDEX "ESHOPUSER"."USER_ROLE_FK2"
  ON "ESHOPUSER"."T_USER_ROLE" ("ROLE_CODE" ASC)
  LOGGING
  TABLESPACE "ESHOP_DATA"
  VISIBLE
PCTFREE 10
INITRANS 2
STORAGE (
  BUFFER_POOL DEFAULT
);

-- ----------------------------
-- Foreign Keys structure for table T_ADDRESS
-- ----------------------------
ALTER TABLE "ESHOPUSER"."T_ADDRESS" ADD CONSTRAINT "FK_T_ADDRES_ADDRESS_A_T_AREA" FOREIGN KEY ("AREA_ID") REFERENCES "ESHOPUSER"."T_AREA" ("AREA_ID") NOT DEFERRABLE INITIALLY IMMEDIATE NORELY VALIDATE;
ALTER TABLE "ESHOPUSER"."T_ADDRESS" ADD CONSTRAINT "FK_T_ADDRES_USER_ADDR_T_USER" FOREIGN KEY ("USERNAME") REFERENCES "ESHOPUSER"."T_USER" ("USERNAME") NOT DEFERRABLE INITIALLY IMMEDIATE NORELY VALIDATE;

-- ----------------------------
-- Foreign Keys structure for table T_AREA
-- ----------------------------
ALTER TABLE "ESHOPUSER"."T_AREA" ADD CONSTRAINT "FK_T_AREA_CITY_AREA_T_CITY" FOREIGN KEY ("CITY_ID") REFERENCES "ESHOPUSER"."T_CITY" ("CITY_ID") NOT DEFERRABLE INITIALLY IMMEDIATE NORELY VALIDATE;

-- ----------------------------
-- Foreign Keys structure for table T_CART_GOODS
-- ----------------------------
ALTER TABLE "ESHOPUSER"."T_CART_GOODS" ADD CONSTRAINT "FK_T_CART_CART_T_GOODS" FOREIGN KEY ("GOODS_ID") REFERENCES "ESHOPUSER"."T_GOODS" ("GOODS_ID") NOT DEFERRABLE INITIALLY IMMEDIATE NORELY VALIDATE;
ALTER TABLE "ESHOPUSER"."T_CART_GOODS" ADD CONSTRAINT "FK_T_CART_CART_T_USER" FOREIGN KEY ("USERNAME") REFERENCES "ESHOPUSER"."T_USER" ("USERNAME") NOT DEFERRABLE INITIALLY IMMEDIATE NORELY VALIDATE;

-- ----------------------------
-- Foreign Keys structure for table T_CITY
-- ----------------------------
ALTER TABLE "ESHOPUSER"."T_CITY" ADD CONSTRAINT "FK_T_CITY_PROVINCE__T_PROVIN" FOREIGN KEY ("PROVINCE_ID") REFERENCES "ESHOPUSER"."T_PROVINCE" ("PROVINCE_ID") NOT DEFERRABLE INITIALLY IMMEDIATE NORELY VALIDATE;

-- ----------------------------
-- Foreign Keys structure for table T_FREIGHT_DETAIL
-- ----------------------------
ALTER TABLE "ESHOPUSER"."T_FREIGHT_DETAIL" ADD CONSTRAINT "FK_T_FREIGH_FREIGHT_D_T_FREIGH" FOREIGN KEY ("FREIGHT_ID") REFERENCES "ESHOPUSER"."T_FREIGHT" ("FREIGHT_ID") NOT DEFERRABLE INITIALLY IMMEDIATE NORELY VALIDATE;
ALTER TABLE "ESHOPUSER"."T_FREIGHT_DETAIL" ADD CONSTRAINT "FK_T_FREIGH_FREIGHT_D_T_ORDER" FOREIGN KEY ("ORDER_ID") REFERENCES "ESHOPUSER"."T_ORDER" ("ORDER_ID") NOT DEFERRABLE INITIALLY IMMEDIATE NORELY VALIDATE;

-- ----------------------------
-- Foreign Keys structure for table T_GOODS
-- ----------------------------
ALTER TABLE "ESHOPUSER"."T_GOODS" ADD CONSTRAINT "FK_T_GOODS_CONTENT_C_T_CONTEN" FOREIGN KEY ("CONTENT_ID") REFERENCES "ESHOPUSER"."T_CONTENT_CATEGORY" ("CONTENT_ID") NOT DEFERRABLE INITIALLY IMMEDIATE NORELY VALIDATE;
ALTER TABLE "ESHOPUSER"."T_GOODS" ADD CONSTRAINT "FK_T_GOODS_SPEC_OPTI_T_SPEC_O" FOREIGN KEY ("SPEC_OPTION_ID") REFERENCES "ESHOPUSER"."T_SPEC_OPTION" ("SPEC_OPTION_ID") NOT DEFERRABLE INITIALLY IMMEDIATE NORELY VALIDATE;

-- ----------------------------
-- Foreign Keys structure for table T_MSG_IMGS
-- ----------------------------
ALTER TABLE "ESHOPUSER"."T_MSG_IMGS" ADD CONSTRAINT "FK_T_MSG_IMGS_GOODS__T_GOODS" FOREIGN KEY ("GOODS_ID") REFERENCES "ESHOPUSER"."T_GOODS" ("GOODS_ID") NOT DEFERRABLE INITIALLY IMMEDIATE NORELY VALIDATE;

-- ----------------------------
-- Foreign Keys structure for table T_ORDER
-- ----------------------------
ALTER TABLE "ESHOPUSER"."T_ORDER" ADD CONSTRAINT "FK_T_ORDER_ORDER_ADD_T_ADDRES" FOREIGN KEY ("ADDRESS_ID") REFERENCES "ESHOPUSER"."T_ADDRESS" ("ADDRESS_ID") NOT DEFERRABLE INITIALLY IMMEDIATE NORELY VALIDATE;
ALTER TABLE "ESHOPUSER"."T_ORDER" ADD CONSTRAINT "FK_T_ORDER_USER_ORDE_T_USER" FOREIGN KEY ("USERNAME") REFERENCES "ESHOPUSER"."T_USER" ("USERNAME") NOT DEFERRABLE INITIALLY IMMEDIATE NORELY VALIDATE;

-- ----------------------------
-- Foreign Keys structure for table T_ORDER_DETAIL
-- ----------------------------
ALTER TABLE "ESHOPUSER"."T_ORDER_DETAIL" ADD CONSTRAINT "FK_T_ORDER__ORDER_DET_T_GOODS" FOREIGN KEY ("GOODS_ID") REFERENCES "ESHOPUSER"."T_GOODS" ("GOODS_ID") NOT DEFERRABLE INITIALLY IMMEDIATE NORELY VALIDATE;
ALTER TABLE "ESHOPUSER"."T_ORDER_DETAIL" ADD CONSTRAINT "FK_T_ORDER__ORDER_DET_T_ORDER" FOREIGN KEY ("ORDER_ID") REFERENCES "ESHOPUSER"."T_ORDER" ("ORDER_ID") NOT DEFERRABLE INITIALLY IMMEDIATE NORELY VALIDATE;

-- ----------------------------
-- Foreign Keys structure for table T_ROLE_GRANT
-- ----------------------------
ALTER TABLE "ESHOPUSER"."T_ROLE_GRANT" ADD CONSTRAINT "FK_T_ROLE_G_ROLE_GRAN_T_GRANT" FOREIGN KEY ("GRANT_CODE") REFERENCES "ESHOPUSER"."T_GRANT" ("GRANT_CODE") NOT DEFERRABLE INITIALLY IMMEDIATE NORELY VALIDATE;
ALTER TABLE "ESHOPUSER"."T_ROLE_GRANT" ADD CONSTRAINT "FK_T_ROLE_G_ROLE_GRAN_T_ROLE" FOREIGN KEY ("ROLE_CODE") REFERENCES "ESHOPUSER"."T_ROLE" ("ROLE_CODE") NOT DEFERRABLE INITIALLY IMMEDIATE NORELY VALIDATE;

-- ----------------------------
-- Foreign Keys structure for table T_SMALL_IMG
-- ----------------------------
ALTER TABLE "ESHOPUSER"."T_SMALL_IMG" ADD CONSTRAINT "FK_T_SMALL_IMG_GOODS__T_GOODS" FOREIGN KEY ("GOODS_ID") REFERENCES "ESHOPUSER"."T_GOODS" ("GOODS_ID") NOT DEFERRABLE INITIALLY IMMEDIATE NORELY VALIDATE;

-- ----------------------------
-- Foreign Keys structure for table T_SPEC_OPTION
-- ----------------------------
ALTER TABLE "ESHOPUSER"."T_SPEC_OPTION" ADD CONSTRAINT "FK_T_SPEC_O_SPEC_SPEC_T_SPECIF" FOREIGN KEY ("SPEC_ID") REFERENCES "ESHOPUSER"."T_SPECIFICATION" ("SPEC_ID") NOT DEFERRABLE INITIALLY IMMEDIATE NORELY VALIDATE;

-- ----------------------------
-- Foreign Keys structure for table T_USER_ROLE
-- ----------------------------
ALTER TABLE "ESHOPUSER"."T_USER_ROLE" ADD CONSTRAINT "FK_T_USER_R_USER_ROLE_T_ROLE" FOREIGN KEY ("ROLE_CODE") REFERENCES "ESHOPUSER"."T_ROLE" ("ROLE_CODE") NOT DEFERRABLE INITIALLY IMMEDIATE NORELY VALIDATE;
ALTER TABLE "ESHOPUSER"."T_USER_ROLE" ADD CONSTRAINT "FK_T_USER_R_USER_ROLE_T_USER" FOREIGN KEY ("USERNAME") REFERENCES "ESHOPUSER"."T_USER" ("USERNAME") NOT DEFERRABLE INITIALLY IMMEDIATE NORELY VALIDATE;
